texte_brut,texte_propre,code_produit,siret,fournisseur,base_variante,aliment,variante,conditionnement,packaging,unite_packaging,origine,poids_unitaire,poids_min,poids_max,unite_poids,poids_total_kg,labels,allergenes,unite_consommation,tva,confiance_basevariante,methode_prediction,a_reviser,est_corrige,id
INFUSION VERVEINE BIO-20 sachets 26grs,infusion verveine bio-20 sachets 26grs,,,,Verveine,Verveine,,,,,,26.0,26.0,26.0,g,0.026,Bio,,pièce,-,56.8,TF-IDF_Cosine,True,False,1712
SOBA NOODLES 90G,soba noodles 90g,,,,Produit non trouvé,Produit non trouvé,,,,,,90.0,90.0,90.0,g,0.09,,,pièce,,23.53,TF-IDF_Cosine,True,False,1713
10 CROISSANTS CASINO 400G,10 croissants casino 400g,,,,Croissant,Croissant,,,,,,400.0,400.0,400.0,g,0.4,,,pièce,-,56.55,TF-IDF_Cosine,True,False,1714
10 CROISSANTS CASINO 400G,10 croissants casino 400g,,,,Croissant,Croissant,,,,,,400.0,400.0,400.0,g,0.4,,,pièce,-,56.55,TF-IDF_Cosine,True,False,1714
10 FEUILLES DE BRICK 10* 170G,10 feuilles de brick 10 170g,,,,Feuille de brick,Feuille de brick,,,10,pièce,,170.0,170.0,170.0,g,1.7000000000000002,,,pièce,-,81.16,LinearSVC,False,False,1715
10 PAINS AU CHOCOLAT,10 pains au chocolat,,,,Pain au chocolat,Pain au chocolat,,,,,,,,,,,,,,-,71.94,TF-IDF_Cosine,False,False,1716
10 PAINS AU LAIT,10 pains au lait,,,,Pain au lait,Pain au lait,,,,,,,,,,,,,,-,66.0,TF-IDF_Cosine,True,False,1717
10 PAINS AU LAIT CHOCOLAT CASINO,10 pains au lait chocolat casino,,,,Chocolat au lait,Chocolat au lait,,,,,,,,,,,,,,-,61.28,TF-IDF_Cosine,True,False,1718
10 PAINS AU LAIT NATURE *350G,10 pains au lait nature 350g,,,,Pain au lait,Pain au lait,,,350,pièce,,350.0,350.0,350.0,g,122.49999999999999,,,pièce,-,50.22,TF-IDF_Cosine,True,False,1719
12 P'TITS CARRES CREMEUX AUCHAN 240G,12 ptits carres cremeux auchan 240g,,,,Produit non trouvé,Produit non trouvé,,,,,,240.0,240.0,240.0,g,0.24,,,pièce,,24.27,TF-IDF_Cosine,True,False,1720
12 P'TITS TRIANGLES AUCHAN,12 ptits triangles auchan,,,,Produit non trouvé,Produit non trouvé,,,,,,100.0,100.0,100.0,g,0.1,,,pièce,,23.41,TF-IDF_Cosine,True,False,1721
12 PAINS AU LAIT FRAIS 420G,12 pains au lait frais 420g,,,,Pain au lait,Pain au lait,,,,,,420.0,420.0,420.0,g,0.42,,,pièce,-,55.61,TF-IDF_Cosine,True,False,1722
16 MINI BLINI 135G,16 mini blini 135g,,,,Blini,Blini,,,,,,135.0,135.0,135.0,g,0.135,,,pièce,-,78.55,TF-IDF_Cosine,False,False,1723
24 PORTIONS FROMAGE PRESIDENT TRIA?GLE 360G,24 portions fromage president triagle 360g,,,,Fromage à tartiner,Fromage à tartiner,,,,,,360.0,360.0,360.0,g,0.36,,,pièce,-,41.57,LinearSVC,True,False,1724
24 TRIANGLES FROMAGE FONDU POUCE,24 triangles fromage fondu pouce,,,,Fromage fondu,Fromage fondu,,,,,,,,,,,,,,-,83.07,LinearSVC,False,False,1725
4 BOUDINS BLANCS CEPES 360G,4 boudins blancs cepes 360g,,,,Boudin blanc,Boudin,blanc,,,,,360.0,360.0,360.0,g,0.36,,,pièce,-,56.47,TF-IDF_Cosine,True,False,1726
4 MUFFINS COMPLET 245G*,4 muffins complet 245g,,,,Muffin,Muffin,,,,,,245.0,245.0,245.0,g,0.245,,,pièce,-,55.03,TF-IDF_Cosine,True,False,1727
4 YAOURTS NATURE KER RONAN 500G,4 yaourts nature ker ronan 500g,,,,Yaourt nature,Yaourt,nature,,,,,500.0,500.0,500.0,g,0.5,,,pièce,-,66.33,TF-IDF_Cosine,True,False,1728
4/4 LONG PUR BEURRE 500G,44 long pur beurre 500g,,,,Beurre,Beurre,,,4.0,L,,500.0,500.0,500.0,g,4.0,,,pièce,-,54.72,TF-IDF_Cosine,True,False,1729
4/4 LONG PUR BEURRE 500G,44 long pur beurre 500g,,,,Beurre,Beurre,,,4.0,L,,500.0,500.0,500.0,g,4.0,,,pièce,-,54.72,TF-IDF_Cosine,True,False,1729
5 MINI FROMAGES PRESIDENT 150G,5 mini fromages president 150g,,,,Fromage à pate pressée,Fromage à pate pressée,,,,,,150.0,150.0,150.0,g,0.15,,,pièce,-,38.28,TF-IDF_Cosine,True,False,1730
5 MINI NONNETTES MANGUE/FRUITS PASSION 35G,5 mini nonnettes manguefruits passion 35g,,,,Fruit de la passion,Fruit de la passion,,,,,,35.0,35.0,35.0,g,0.035,,,pièce,-,63.56,LinearSVC,True,False,1731
6 CROISSANTS BIO 240G,6 croissants bio 240g,,,,Croissant,Croissant,,,,,,240.0,240.0,240.0,g,0.24,Bio,,pièce,-,66.2,TF-IDF_Cosine,True,False,1732
6 CROISSANTS VEGAN LA BOULANGERE 240G,6 croissants vegan la boulangere 240g,,,,Croissant,Croissant,,,,,,240.0,240.0,240.0,g,0.24,,,pièce,-,49.91,TF-IDF_Cosine,True,False,1733
6 PETITS CHINOIS,6 petits chinois,,,,Chou chinois,Chou chinois,,,,,,200.0,200.0,200.0,g,0.2,,,pièce,-,67.34,LinearSVC,True,False,1734
8 BRIOCHETTES BIO 280G,8 briochettes bio 280g,,,,Brioche,Brioche,,,,,,280.0,280.0,280.0,g,0.28,Bio,,pièce,-,60.76,TF-IDF_Cosine,True,False,1735
8 MINI GACHES,8 mini gaches,,,,Gâteau mini chou,Gâteau mini chou,,,,,,,,,,,,,,-,52.32,LinearSVC,True,False,1736
8 MINI GACHES CHABRIOR 360G,8 mini gaches chabrior 360g,,,,Gâteau mini chou,Gâteau mini chou,,,,,,360.0,360.0,360.0,g,0.36,,,pièce,-,52.32,LinearSVC,True,False,1737
8 MINI GACHES MONOPRIX 360G,8 mini gaches monoprix 360g,,,,Gâteau mini chou,Gâteau mini chou,,,360,pièce,,360.0,360.0,360.0,g,129.6,,,pièce,-,52.32,LinearSVC,True,False,1738
8 MINI KEBBE 176G,8 mini kebbe 176g,,,,Gâteau mini chou,Gâteau mini chou,,,,,,176.0,176.0,176.0,g,0.176,,,pièce,-,52.32,LinearSVC,True,False,1739
8 PAINS AU CHOCOLAT LIDL 360G,8 pains au chocolat lidl 360g,,,,Pain au chocolat,Pain au chocolat,,,,,,360.0,360.0,360.0,g,0.36,,,pièce,-,70.81,TF-IDF_Cosine,False,False,1740
8 PAINS AU LAIT CHOCO 280G,8 pains au lait choco 280g,,,,Pain au lait,Pain au lait,,,,,,280.0,280.0,280.0,g,0.28,,,pièce,-,55.23,TF-IDF_Cosine,True,False,1741
8 YAOURTS BRASSES 1K MONOPRIX,8 yaourts brasses 1k monoprix,,,,Yaourt,Yaourt,,,1.0,Kg,,1.0,1.0,1.0,Kg,1.0,,,Kg,-,48.65,LinearSVC,True,False,1742
ACHILLE MILLEFEUILLE 30G,achille millefeuille 30g,,,,Mille-feuille,Mille-feuille,,,,,,30.0,30.0,30.0,g,0.03,,,pièce,-,62.73,TF-IDF_Cosine,True,False,1743
ACTIMEL *8 *800G,actimel 8 800g,,,,Porc maigre 80/20,Porc,maigre 80/20,,8,pièce,,800.0,800.0,800.0,g,6.4,,,pièce,-,25.92,TF-IDF_Cosine,True,False,1744
"""ACTIMEL 0,10€""",actimel 010,,,,Produit non trouvé,Produit non trouvé,,,,,,,,,,,,,,,20.04,TF-IDF_Cosine,True,False,1745
ACTIVIA *8 1KG,activia 8 1kg,,,,Yaourt,Yaourt,,,1.0,Kg,,1.0,1.0,1.0,Kg,1.0,,,Kg,-,46.71,LinearSVC,True,False,1746
"""ACTIVIA 12 POTS *1,5KG """,activia 12 pots 15kg,,,,Yaourt,Yaourt,,,1.5,Kg,,1.5,1.5,1.5,Kg,1.5,,,Kg,-,30.59,LinearSVC,True,False,1747
ACTIVIA MUESLI CHOCO NOIR 170G,activia muesli choco noir 170g,,,,Muesli aux fruits,Muesli aux fruits,,,,,,170.0,170.0,170.0,g,0.17,,,pièce,-,48.67,TF-IDF_Cosine,True,False,1748
ACTIVIA SAVEUR COCO *4 500G,activia saveur coco 4 500g,,,,Semoule saveur vanille,Semoule,saveur vanille,,4,pièce,,500.0,500.0,500.0,g,2.0,,,pièce,-,43.15,LinearSVC,True,False,1749
AIL OURS POUDRE 25GR,ail ours poudre 25gr,,,,Ail,Ail,,,,,,25.0,25.0,25.0,g,0.025,,,pièce,-,82.85,LinearSVC,False,False,1750
AIL SEMOULE FLACON 55G-AUCHAN,ail semoule flacon 55g-auchan,,,,Semoule au lait,Semoule au lait,,,,,,55.0,55.0,55.0,g,0.055,,,pièce,-,45.45,TF-IDF_Cosine,True,False,1751
AIL U FORMAT CLASSIQUE 55G,ail u format classique 55g,,,,Ail,Ail,,,,,,55.0,55.0,55.0,g,0.055,,,pièce,-,76.46,LinearSVC,False,False,1752
AL BRONZO BARILLA *400G,al bronzo barilla 400g,,,,Cannelloni,Cannelloni,,,400,pièce,,400.0,400.0,400.0,g,160.0,,,pièce,-,25.61,LinearSVC,True,False,1753
ALLUMETTES FUMEES HERTA 150G*,allumettes fumees herta 150g,,,,Allumettes de jambon,Allumettes,de jambon,,,,,150.0,150.0,150.0,g,0.15,,,pièce,-,60.64,TF-IDF_Cosine,True,False,1754
ALLUMETTES FUMEES HERTA 150G*,allumettes fumees herta 150g,,,,Allumettes de jambon,Allumettes,de jambon,,,,,150.0,150.0,150.0,g,0.15,,,pièce,-,60.64,TF-IDF_Cosine,True,False,1754
ALPRO 400G NATURE,alpro 400g nature,,,,Choux nature,Choux nature,,,,,,400.0,400.0,400.0,g,0.4,,,pièce,-,53.02,TF-IDF_Cosine,True,False,1755
ALVITYL DEFENSES 240ML,alvityl defenses 240ml,,,,Produit non trouvé,Produit non trouvé,,,,,,240.0,240.0,240.0,ml,0.24,,,pièce,,19.09,TF-IDF_Cosine,True,False,1756
ALVITYL DEFENSES X30 GELULES,alvityl defenses x30 gelules,,,,Produit non trouvé,Produit non trouvé,,,30,pièce,,30.0,30.0,30.0,g,0.8999999999999999,,,pièce,,21.57,TF-IDF_Cosine,True,False,1757
AM HERBES DE PROVENCE BIO 15G,am herbes de provence bio 15g,,,,Herbes de provence séché,Herbes de provence,séché,,,,,15.0,15.0,15.0,g,0.015,Bio,,pièce,-,85.58,LinearSVC,False,False,1758
AM HERBES DE PROVENCE BIO 15G,am herbes de provence bio 15g,,,,Herbes de provence séché,Herbes de provence,séché,,,,,15.0,15.0,15.0,g,0.015,Bio,,pièce,-,85.58,LinearSVC,False,False,1758
AMANDES 145G BENENUTS,amandes 145g benenuts,,,,Amande,Amande,,,,,,145.0,145.0,145.0,g,0.145,,,pièce,-,51.3,TF-IDF_Cosine,True,False,1759
AMANDES ET CRANBERRIES BENENUTS 160G,amandes et cranberries benenuts 160g,,,,Cranberry,Cranberry,,,,,,160.0,160.0,160.0,g,0.16,,,pièce,-,51.16,TF-IDF_Cosine,True,False,1760
"""APERICUBE-*48-BEL-250gr-Ail-Bleu-Chor,Poul,""",apericube-48-bel-250gr-ail-bleu-chorpoul,,,,Ail,Ail,,,48,pièce,,250.0,250.0,250.0,g,12.0,,,pièce,-,56.57,LinearSVC,True,False,1761
"""APERICUBE-*48-BEL-250gr-J,B,B,O""",apericube-48-bel-250gr-jbbo,,,,Pomme en cubes,Pomme,en cubes,,48,pièce,,250.0,250.0,250.0,g,12.0,,,pièce,-,25.19,TF-IDF_Cosine,True,False,1762
APERIVRAIS AIL ET FINES HERBES 100G,aperivrais ail et fines herbes 100g,,,,Omelette aux fines herbes,Omelette,aux fines herbes,,,,,100.0,100.0,100.0,g,0.1,,,pièce,-,79.04,LinearSVC,False,False,1763
APERIVRAIS SAVEUR D'ITALIE 100G,aperivrais saveur ditalie 100g,,,,Semoule saveur vanille,Semoule,saveur vanille,,,,Italie,100.0,100.0,100.0,g,0.1,,,pièce,-,33.82,TF-IDF_Cosine,True,False,1764
ARABICA ITILIANO *250G,arabica itiliano 250g,,,,Café moulu arabica,Café,moulu arabica,,250,pièce,,250.0,250.0,250.0,g,62.5,,,pièce,-,83.65,LinearSVC,False,False,1765
"""ASPERGE BLC PELEE MINIA,U 21CL""",asperge blc pelee miniau 21cl,,,,Asperge,Asperge,,,,,,210.0,210.0,210.0,ml,0.21,,,pièce,-,74.95,LinearSVC,False,False,1766
"""ASPERGE BLC PELEE MINIA,U 21CL """,asperge blc pelee miniau 21cl,,,,Asperge,Asperge,,,,,,210.0,210.0,210.0,ml,0.21,,,pièce,-,74.95,LinearSVC,False,False,1767
ASPERGES BLANCHES GROSSES U 37CL,asperges blanches grosses u 37cl,,,,Asperge blanche,Asperge,blanche,,,,,370.0,370.0,370.0,ml,0.37,,,pièce,-,84.62,LinearSVC,False,False,1768
ASPERGES BONDUELLE 1K,asperges bonduelle 1k,,,,Asperge,Asperge,,,1.0,Kg,,1.0,1.0,1.0,Kg,1.0,,,Kg,-,72.04,LinearSVC,False,False,1769
ASPERGES VERTES BOCAL 21CL,asperges vertes bocal 21cl,,,,Asperge verte,Asperge,verte,,,,,210.0,210.0,210.0,ml,0.21,,,pièce,-,82.81,LinearSVC,False,False,1770
AU FROMAGE FRAIS LATELIER BLINI 140G,au fromage frais latelier blini 140g,,,,Gâteau au fromage frais,Gâteau au fromage frais,,,,,,140.0,140.0,140.0,g,0.14,,,pièce,-,70.7,LinearSVC,False,False,1771
AUBERGINE FARCIE A LA GRECQUE 300G,aubergine farcie a la grecque 300g,,,,Aubergine,Aubergine,,,,,,300.0,300.0,300.0,g,0.3,,,pièce,-,60.78,TF-IDF_Cosine,True,False,1772
AUCHAN AIL SEMOULE FLACON 55G,auchan ail semoule flacon 55g,,,,Semoule au lait,Semoule au lait,,,,,,55.0,55.0,55.0,g,0.055,,,pièce,-,47.28,TF-IDF_Cosine,True,False,1773
AUCHAN ANETH 12G,auchan aneth 12g,,,,Aneth,Aneth,,,,,,12.0,12.0,12.0,g,0.012,,,pièce,-,86.34,LinearSVC,False,False,1774
AUCHAN BASILIC 12G,auchan basilic 12g,,,,Basilic,Basilic,,,,,,12.0,12.0,12.0,g,0.012,,,pièce,-,84.69,LinearSVC,False,False,1775
AUCHAN CANELLE MOULUE 32G,auchan canelle moulue 32g,,,,Cannelle,Cannelle,,,,,,32.0,32.0,32.0,g,0.032,,,pièce,-,39.18,TF-IDF_Cosine,True,False,1776
AUCHAN CAROTTES RONDELLES 1KG,auchan carottes rondelles 1kg,,,,Carotte rondelle,Carotte,rondelle,,1.0,Kg,,1.0,1.0,1.0,Kg,1.0,,,Kg,-,85.89,LinearSVC,False,False,1777
"""AUCHAN CHOUCROUTE GARN,RIESLING 400G""",auchan choucroute garnriesling 400g,,,,Choucroute garnie,Choucroute,garnie,,,,,400.0,400.0,400.0,g,0.4,,,pièce,-,79.94,LinearSVC,False,False,1778
AUCHAN CLOU DE GIROFLE 23G,auchan clou de girofle 23g,,,,Clou de girofle,Clou de girofle,,,,,,23.0,23.0,23.0,g,0.023,,,pièce,-,86.83,TF-IDF_Cosine,False,False,1779
AUCHAN CUMIN GRAIN 30G,auchan cumin grain 30g,,,,Cumin en poudre,Cumin,en poudre,,,,,30.0,30.0,30.0,g,0.03,,,pièce,-,48.22,TF-IDF_Cosine,True,False,1780
AUCHAN CURCUMA 37G,auchan curcuma 37g,,,,Curcuma,Curcuma,,,,,,37.0,37.0,37.0,g,0.037,,,pièce,-,83.77,LinearSVC,False,False,1781
AUCHAN CURRY DOUX 42G,auchan curry doux 42g,,,,Curry,Curry,,,42,pièce,,42.0,42.0,42.0,g,1.764,,,pièce,-,83.55,LinearSVC,False,False,1782
AUCHAN ESTRAGON 6G,auchan estragon 6g,,,,Estragon,Estragon,,,,,,6.0,6.0,6.0,g,0.006,,,pièce,-,86.09,LinearSVC,False,False,1783
AUCHAN GINGEMBRE MOULU 27G,auchan gingembre moulu 27g,,,,Gingembre,Gingembre,,,,,,27.0,27.0,27.0,g,0.027,,,pièce,-,70.35,LinearSVC,False,False,1784
AUCHAN HARICOT PLAT DCUIT 750G,auchan haricot plat dcuit 750g,,,,Haricot plat,Haricot plat,,,,,,750.0,750.0,750.0,g,0.75,,,pièce,-,74.55,TF-IDF_Cosine,False,False,1785
AUCHAN HERBES DE PROVENCE 18G,auchan herbes de provence 18g,,,,Herbes de provence séché,Herbes de provence,séché,,,,,18.0,18.0,18.0,g,0.018,,,pièce,-,86.34,LinearSVC,False,False,1786
AUCHAN OLIVES VERTES DENOYAUTEES 37CL,auchan olives vertes denoyautees 37cl,,,,Olive verte dénoyauté,Olive verte,dénoyauté,,,,,370.0,370.0,370.0,ml,0.37,,,pièce,-,53.93,TF-IDF_Cosine,True,False,1787
AUCHAN ORIGAN 9G,auchan origan 9g,,,,Origan séché,Origan,séché,,,,,9.0,9.0,9.0,g,0.009,,,pièce,-,62.65,TF-IDF_Cosine,True,False,1788
AUCHAN PERSIL 6G,auchan persil 6g,,,,Persil,Persil,,,,,,6.0,6.0,6.0,g,0.006,,,pièce,-,85.24,LinearSVC,False,False,1789
AUCHAN PIMENT DE CAYENNE MOULU 38G,auchan piment de cayenne moulu 38g,,,,Piment de Cayenne,Piment de Cayenne,,,,,,38.0,38.0,38.0,g,0.038,,,pièce,-,77.64,TF-IDF_Cosine,False,False,1790
"""AUCHAN POMME NOIS,H,TOURNESOL 1KG""",auchan pomme noishtournesol 1kg,,,,Huile de tournesol,Huile,de tournesol,,1.0,Kg,,1.0,1.0,1.0,Kg,1.0,,,Kg,-,56.03,TF-IDF_Cosine,True,False,1791
AUCHAN THE VERT MENTHE 40G,auchan the vert menthe 40g,,,,Menthe,Menthe,,,,,,40.0,40.0,40.0,g,0.04,,,pièce,-,83.53,LinearSVC,False,False,1792
AUCHAN THYM 14G,auchan thym 14g,,,,Thym,Thym,,,,,,14.0,14.0,14.0,g,0.014,,,pièce,-,85.73,LinearSVC,False,False,1793
"""Assaisonnement poudre BIO Mélange Méd,60gr""",assaisonnement poudre bio mélange méd60gr,,,,Mélange de céréales,Mélange de céréales,,,,,,60.0,60.0,60.0,g,0.06,Bio,,pièce,-,34.56,TF-IDF_Cosine,True,False,1794
BAC CG VANILLE U 500G,bac cg vanille u 500g,,,,Glace vanille,Glace,vanille,,,,,500.0,500.0,500.0,g,0.5,,,pièce,-,69.81,LinearSVC,True,False,1795
BAC SORBET FRUIT CITRON U 650G,bac sorbet fruit citron u 650g,,,,Sorbet citron,Sorbet,citron,,,,,650.0,650.0,650.0,g,0.65,,,pièce,-,74.27,TF-IDF_Cosine,False,False,1796
BAC SORBET FRUIT FRAISE U 650G,bac sorbet fruit fraise u 650g,,,,Sorbet fraise,,,,,,,650.0,650.0,650.0,g,0.65,,,pièce,,73.92,TF-IDF_Cosine,False,False,1797
BAC SORBET FRUIT POIRE U 650G,bac sorbet fruit poire u 650g,,,,Sorbet poire,,,,,,,650.0,650.0,650.0,g,0.65,,,pièce,,71.02,TF-IDF_Cosine,False,False,1798
BACON VEGAN SURG LA VIE *300G,bacon vegan surg la vie 300g,,,,Filet de bacon,Filet de bacon,,,300,pièce,,300.0,300.0,300.0,g,90.0,,,pièce,-,41.9,TF-IDF_Cosine,True,False,1799
BADOIT CITRON FRAISE 1L,badoit citron fraise 1l,,,,Citron,Citron,,,1.0,L,,1.0,1.0,1.0,L,1.0,,,L,-,59.01,TF-IDF_Cosine,True,False,1800
BAGUETTES PETITE/GROSSE/SPECIAUX,baguettes petitegrossespeciaux,,,,Baguette,Baguette,,,,,,,,,,,,,,-,51.92,TF-IDF_Cosine,True,False,1801
BAIKO YAOURT *6,baiko yaourt 6,,,,Yaourt,Yaourt,,,,,,,,,,,,,,-,68.18,TF-IDF_Cosine,True,False,1802
BALEINE GROS SEL 500G,baleine gros sel 500g,,,,Sel blanc gros,Sel blanc gros,,,,,,500.0,500.0,500.0,g,0.5,,,pièce,-,81.11,LinearSVC,False,False,1803
BALEINE GROS SEL DE MER 1KG,baleine gros sel de mer 1kg,,,,Sel blanc gros,Sel blanc gros,,,1.0,Kg,,1.0,1.0,1.0,Kg,1.0,,,Kg,-,82.79,LinearSVC,False,False,1804
BARQUETTE CHILI CON CARNE 300G,barquette chili con carne 300g,,,,Chili con carne,Chili con carne,,,,,,300.0,300.0,300.0,g,0.3,,,pièce,-,84.85,LinearSVC,False,False,1805
BARQUETTE CHOCO 120G-KIDS-AUCHAN,barquette choco 120g-kids-auchan,,,,Biscuit sec type barquette,Biscuit sec,type barquette,,,,,120.0,120.0,120.0,g,0.12,,,pièce,-,42.12,TF-IDF_Cosine,True,False,1806
"""BARQUETTE CHOCO,NOISETTE 3*6-120gr-U""",barquette choconoisette 36-120gr-u,,,,Noisette,Noisette,,,3,pièce,,63.0,6.0,120.0,g,0.189,,,pièce,-,53.53,TF-IDF_Cosine,True,False,1807
BARQUETTE FRAISE-3*6-120gr-U,barquette fraise-36-120gr-u,,,,Biscuit sec type barquette,Biscuit sec,type barquette,,3,pièce,,63.0,6.0,120.0,g,0.189,,,pièce,-,52.34,LinearSVC,True,False,1808
BARQUETTES FRAISE 120G-AUCHAN,barquettes fraise 120g-auchan,,,,Fraise,Fraise,,,,,,120.0,120.0,120.0,g,0.12,,,pièce,-,66.85,LinearSVC,True,False,1809
BARRE CEREALES *6 SPECIAL K 120G*,barre cereales 6 special k 120g,,,,Chèvre spécial cuisson,Chèvre,spécial cuisson,,6,pièce,,120.0,120.0,120.0,g,0.72,,,pièce,-,26.4,TF-IDF_Cosine,True,False,1810
BARRE CEREALES NOISETTES X6 125G U,barre cereales noisettes x6 125g u,,,,Noisette,Noisette,,,6,pièce,,125.0,125.0,125.0,g,0.75,,,pièce,-,47.8,TF-IDF_Cosine,True,False,1811
BARRE CEREALES POMME VERTE X6 125G U,barre cereales pomme verte x6 125g u,,,,Pomme de terre,Pomme de terre,,,6,pièce,,125.0,125.0,125.0,g,0.75,,,pièce,-,37.95,TF-IDF_Cosine,True,False,1812
BARRE CEREALES POMME/ABRICOTS 125G,barre cereales pommeabricots 125g,,,,Compote pomme/abricot,Compote,pomme/abricot,,,,,125.0,125.0,125.0,g,0.125,,,pièce,-,39.2,TF-IDF_Cosine,True,False,1813
BARRE CREALES NOISETTES X6 125G U,barre creales noisettes x6 125g u,,,,Noisette,Noisette,,,6,pièce,,125.0,125.0,125.0,g,0.75,,,pièce,-,49.5,TF-IDF_Cosine,True,False,1814
BARRE PATISISSIERE 800G,barre patisissiere 800g,,,,Flan patissier,Flan,patissier,,,,,800.0,800.0,800.0,g,0.8,,,pièce,-,53.97,TF-IDF_Cosine,True,False,1815
BASILIC U FORMAT CLASSIQUE 12G,basilic u format classique 12g,,,,Basilic,Basilic,,,,,,12.0,12.0,12.0,g,0.012,,,pièce,-,82.53,LinearSVC,False,False,1816
BAT SURIMI *24 400gr POUCE,bat surimi 24 400gr pouce,,,,Surimi,Surimi,,,24,pièce,,400.0,400.0,400.0,g,9.600000000000001,,,pièce,-,69.39,LinearSVC,True,False,1817
"""BAT,COLIN ALASKA-15*30gr-U""",batcolin alaska-1530gr-u,,,,Colin d'Alaska,Colin,d'Alaska,,15,pièce,,30.0,30.0,30.0,g,0.44999999999999996,,,pièce,-,70.06,TF-IDF_Cosine,False,False,1818
BATONNETS ENROBES CHOCOLAT AU LAIT 150G,batonnets enrobes chocolat au lait 150g,,,,Chocolat au lait,Chocolat au lait,,,,,,150.0,150.0,150.0,g,0.15,,,pièce,-,75.24,LinearSVC,False,False,1819
BATONNETS PANES DE COLIN 15 - 450G,batonnets panes de colin 15 - 450g,,,,Colin,Colin,,,,,,450.0,450.0,450.0,g,0.45,,,pièce,-,39.21,TF-IDF_Cosine,True,False,1820
BATONNETS SURIMI *12 200G U,batonnets surimi 12 200g u,,,,Surimi,Surimi,,,12,pièce,,200.0,200.0,200.0,g,2.4000000000000004,,,pièce,-,73.17,LinearSVC,False,False,1821
BATONNETS SURIMI *12 200G U,batonnets surimi 12 200g u,,,,Surimi,Surimi,,,12,pièce,,200.0,200.0,200.0,g,2.4000000000000004,,,pièce,-,73.17,LinearSVC,False,False,1821
BENCO 400G,benco 400g,,,,Encornet,Encornet,,,,,,400.0,400.0,400.0,g,0.4,,,pièce,-,31.01,TF-IDF_Cosine,True,False,1822
BETTERAVE FACON CHOUCROUTE-350grs,betterave facon choucroute-350grs,,,,Choucroute garnie,Choucroute,garnie,,,,,350.0,350.0,350.0,g,0.35,,,pièce,-,66.67,LinearSVC,True,False,1823
BETTERAVES CUBES AUCHAN 265G,betteraves cubes auchan 265g,,,,Betterave rouge en cubes,Betterave rouge,en cubes,,,,,265.0,265.0,265.0,g,0.265,,,pièce,-,79.21,LinearSVC,False,False,1824
BEURRE BIO-250gr-U,beurre bio-250gr-u,,,,Beurre,Beurre,,,,,,250.0,250.0,250.0,g,0.25,Bio,,pièce,-,75.47,TF-IDF_Cosine,False,False,1825
BEURRE DE BARATTE DOUX 250G,beurre de baratte doux 250g,,,,Beurre doux,Beurre,doux,,250,pièce,,250.0,250.0,250.0,g,62.5,,,pièce,-,81.86,LinearSVC,False,False,1826
BEURRE DEMI SEL 125G,beurre demi sel 125g,,,,Beurre demi-sel,Beurre,demi-sel,,,,,125.0,125.0,125.0,g,0.125,,,pièce,-,86.65,LinearSVC,False,False,1827
BEURRE DOUX 82%MG 125G,beurre doux 82mg 125g,,,,Beurre doux,Beurre,doux,,82,pièce,,125.0,125.0,125.0,g,10.25,,,pièce,-,86.12,LinearSVC,False,False,1828
BEURRE DOUX ES CESS 250G,beurre doux es cess 250g,,,,Beurre doux,Beurre,doux,,,,,250.0,250.0,250.0,g,0.25,,,pièce,-,86.63,LinearSVC,False,False,1829
BEURRE PLAQUETTE DOUX BIO AUCHAN 250G,beurre plaquette doux bio auchan 250g,,,,Beurre doux,Beurre,doux,,,,,250.0,250.0,250.0,g,0.25,Bio,,pièce,-,85.43,LinearSVC,False,False,1830
BEURRE PRESIDENT 82% 125G,beurre president 82 125g,,,,Beurre,Beurre,,,,,,125.0,125.0,125.0,g,0.125,,,pièce,-,78.85,LinearSVC,False,False,1831
BEURRE TENDRE DX 82%MG U PQ 125G,beurre tendre dx 82mg u pq 125g,,,,Blé tendre,Blé,tendre,,82,pièce,,125.0,125.0,125.0,g,10.25,,,pièce,-,56.59,LinearSVC,True,False,1832
BEURRE TENDRE ELLE £ VIRE 250G,beurre tendre elle vire 250g,,,,Blé tendre,Blé,tendre,,,,,250.0,250.0,250.0,g,0.25,,,pièce,-,53.04,TF-IDF_Cosine,True,False,1833
BICARBONATE DE SOUDE 500G U,bicarbonate de soude 500g u,,,,Produit non trouvé,Produit non trouvé,,,,,,500.0,500.0,500.0,g,0.5,,,pièce,,19.62,TF-IDF_Cosine,True,False,1834
BISCOTTES AU FROMENT 300G,biscottes au froment 300g,,,,Biscotte,Biscotte,,,,,,300.0,300.0,300.0,g,0.3,,,pièce,-,81.14,LinearSVC,False,False,1835
BISCOTTES AU FROMENT 800G *100T,biscottes au froment 800g 100t,,,,Biscotte,Biscotte,,,100,pièce,,800.0,800.0,800.0,g,80.0,,,pièce,-,76.63,LinearSVC,False,False,1836
BISCOTTES BLE COMPLET-*36-300gr-U,biscottes ble complet-36-300gr-u,,,,Biscotte,Biscotte,,,36,pièce,,168.0,36.0,300.0,g,6.048,,,pièce,-,62.27,TF-IDF_Cosine,True,False,1837
BISCOTTES FROMENT AUCHAN 300G,biscottes froment auchan 300g,,,,Biscotte,Biscotte,,,,,,300.0,300.0,300.0,g,0.3,,,pièce,-,79.68,LinearSVC,False,False,1838
BISCOTTES FROMENT-SANS SEL-*36-300gr-U,biscottes froment-sans sel-36-300gr-u,,,,Biscotte,Biscotte,,,36,pièce,,168.0,36.0,300.0,g,6.048,,,pièce,-,82.22,LinearSVC,False,False,1839
BISCUIT FOURRE CHOCOLAT 250G,biscuit fourre chocolat 250g,,,,Biscuit sec fourré au chocolat,Biscuit sec fourré,au chocolat,,,,,250.0,250.0,250.0,g,0.25,,,pièce,-,79.13,TF-IDF_Cosine,False,False,1840
BISCUIT SABLE BUTTERFLY 165G,biscuit sable butterfly 165g,,,,Biscuit sec sablé,Biscuit sec,sablé,,,,,165.0,165.0,165.0,g,0.165,,,pièce,-,64.14,LinearSVC,True,False,1841
BISCUITS FOURRES CHOCO 2*300G U,biscuits fourres choco 2300g u,,,,Biscuit sec fourré au chocolat,Biscuit sec fourré,au chocolat,,2,pièce,,300.0,300.0,300.0,g,0.6,,,pièce,-,61.1,TF-IDF_Cosine,True,False,1842
BJORG RIZ CUISINE,bjorg riz cuisine,,,,Vin rouge cuisine,Vin rouge,cuisine,,,,,,,,,,,,,-,53.72,TF-IDF_Cosine,True,False,1843
BLANC DE DINDE PXM 4 TRANCHES 180G,blanc de dinde pxm 4 tranches 180g,,,,Blanc de dinde,Blanc de dinde,,,4,pièce,,180.0,180.0,180.0,g,0.72,,,pièce,-,84.52,LinearSVC,False,False,1844
BLANC DINDE 4T 180gr-POUCE,blanc dinde 4t 180gr-pouce,,,,Blanc de dinde,Blanc de dinde,,,,,,180.0,180.0,180.0,g,0.18,,,pièce,-,70.64,TF-IDF_Cosine,False,False,1845
"""BLANC POULET 4Tr,180gr-POUCE""",blanc poulet 4tr180gr-pouce,,,,Poulet blanc,Poulet,blanc,,,,,180.0,180.0,180.0,g,0.18,,,pièce,-,74.31,TF-IDF_Cosine,False,False,1846
BLANC POULET-4Tr-160gr-U,blanc poulet-4tr-160gr-u,,,,Poulet blanc,Poulet,blanc,,,,,160.0,160.0,160.0,g,0.16,,,pièce,-,74.11,TF-IDF_Cosine,False,False,1847
BLANQUETTE DE VEAU/RIZ 300G,blanquette de veauriz 300g,,,,Blanquette de veau,Blanquette de veau,,,,,,300.0,300.0,300.0,g,0.3,,,pièce,-,86.54,LinearSVC,False,False,1848
BLEDICHEF PUREEE EPINARD ET SAUMON,bledichef pureee epinard et saumon,,,,Epinard branche,Epinard,branche,,,,,100.0,100.0,100.0,g,0.1,,,pièce,-,74.97,LinearSVC,False,False,1849
BLEDICHEF RIZ AUX LEGUMES 460G,bledichef riz aux legumes 460g,,,,Tarte aux légumes,Tarte,aux légumes,,,,,460.0,460.0,460.0,g,0.46,,,pièce,-,37.89,TF-IDF_Cosine,True,False,1850
BLEU DE BREBIS,bleu de brebis,,,,Tomme de brebis,Tomme,de brebis,,,,,,,,,,,,,-,66.82,TF-IDF_Cosine,True,False,1851
BOISSON CHOCOLAT 7 VITAMINES 400G U,boisson chocolat 7 vitamines 400g u,,,,Boisson lactée aromatisée au chocolat,Boisson lactée,aromatisée au chocolat,,,,,400.0,400.0,400.0,g,0.4,,,pièce,-,39.93,TF-IDF_Cosine,True,False,1852
BOITE DE 6 KILOS DE STEACK,boite de 6 kilos de steack,,,,Boeuf steak,Boeuf,steak,,6.0,Kg,,6.0,6.0,6.0,Kg,6.0,,,Kg,-,30.45,TF-IDF_Cosine,True,False,1853
BON SEMEUR COCO BLANCS 500G,bon semeur coco blancs 500g,,,,Lait de coco,Lait de coco,,,,,,500.0,500.0,500.0,g,0.5,,,pièce,-,33.36,TF-IDF_Cosine,True,False,1854
BON SEMEUR LENTILLES VERTES 500grs,bon semeur lentilles vertes 500grs,,,,Lentille verte,Lentille,verte,,,,,500.0,500.0,500.0,g,0.5,,,pièce,-,83.7,LinearSVC,False,False,1855
BON SEMEUR POIS CASSES VERTS 500grs,bon semeur pois casses verts 500grs,,,,Pois cassé,Pois cassé,,,,,,500.0,500.0,500.0,g,0.5,,,pièce,-,38.23,TF-IDF_Cosine,True,False,1856
BON SEMEUR POIS CHICHES ET500G,bon semeur pois chiches et500g,,,,Pois chiche,Pois chiche,,,,,,500.0,500.0,500.0,g,0.5,,,pièce,-,83.67,LinearSVC,False,False,1857
BONBON FESTIGO PIK HARIBO-220gr,bonbon festigo pik haribo-220gr,,,,Bonbon,Bonbon,,,,,,220.0,220.0,220.0,g,0.22,,,pièce,-,89.38,LinearSVC,False,False,1858
BONBON HALAL BISOUS FRAISE FINI 90G,bonbon halal bisous fraise fini 90g,,,,Bonbon,Bonbon,,,,,,90.0,90.0,90.0,g,0.09,,,pièce,-,83.65,LinearSVC,False,False,1859
BONBON HARIBO DRAGIBUS 300G,bonbon haribo dragibus 300g,,,,Bonbon,Bonbon,,,,,,300.0,300.0,300.0,g,0.3,,,pièce,-,86.6,LinearSVC,False,False,1860
BONBONS BANANES FINI HALAL 90G,bonbons bananes fini halal 90g,,,,Bonbon,Bonbon,,,,,,90.0,90.0,90.0,g,0.09,,,pièce,-,55.95,LinearSVC,True,False,1861
BONBONS CARAMBAR CARAMEL,bonbons carambar caramel,,,,Porc au caramel,Porc,au caramel,,,,,,,,,,,,Kg,-,55.05,TF-IDF_Cosine,True,False,1862
BONBONS HALAL BOUTEILLES COLA ACIDE FINI 90G,bonbons halal bouteilles cola acide fini 90g,,,,Bonbon,Bonbon,,,,,,90.0,90.0,90.0,g,0.09,,,pièce,-,56.47,LinearSVC,True,False,1863
BONBONS OURS LISSES FINI HALAL 90G,bonbons ours lisses fini halal 90g,,,,Bonbon,Bonbon,,,,,,90.0,90.0,90.0,g,0.09,,,pièce,-,55.99,LinearSVC,True,False,1864
BONBONS OURS LISSES FINI HALAL 90G,bonbons ours lisses fini halal 90g,,,,Bonbon,Bonbon,,,,,,90.0,90.0,90.0,g,0.09,,,pièce,-,55.99,LinearSVC,True,False,1864
BOUCHEE CAROTTE POMME DE TERRE PREFRITE 500G,bouchee carotte pomme de terre prefrite 500g,,,,Pomme de terre,Pomme de terre,,,,,,500.0,500.0,500.0,g,0.5,,,pièce,-,51.51,TF-IDF_Cosine,True,False,1865
BOUDOIRS 175G U,boudoirs 175g u,,,,Gâteau boudoir,Gâteau boudoir,,,,,,175.0,175.0,175.0,g,0.175,,,pièce,-,66.38,TF-IDF_Cosine,True,False,1866
BOUDOIRS OEUFS FRAIS *30 175grs,boudoirs oeufs frais 30 175grs,,,,Gâteau boudoir,Gâteau boudoir,,,30,pièce,,175.0,175.0,175.0,g,5.25,,,pièce,-,40.07,TF-IDF_Cosine,True,False,1867
BOULES COCO NEIGE 135G,boules coco neige 135g,,,,Eau de coco,Eau de coco,,,,,,135.0,135.0,135.0,g,0.135,,,pièce,-,35.61,TF-IDF_Cosine,True,False,1868
BOULES DE MAIS AU MIEL 375G,boules de mais au miel 375g,,,,Miel,Miel,,,,,,375.0,375.0,375.0,g,0.375,,,pièce,-,57.98,TF-IDF_Cosine,True,False,1869
BOULES DE MAIS AU MIEL 375G,boules de mais au miel 375g,,,,Miel,Miel,,,,,,375.0,375.0,375.0,g,0.375,,,pièce,-,57.98,TF-IDF_Cosine,True,False,1869
BOULETTES DE POULET HALAL 415G,boulettes de poulet halal 415g,,,,Poulet,Poulet,,,,,,415.0,415.0,415.0,g,0.415,,,pièce,-,66.21,TF-IDF_Cosine,True,False,1870
BOUTEILLE D'EAU MINERALE GAZEUSE 20CL,bouteille deau minerale gazeuse 20cl,,,,Eau en bouteille gazeuse,Eau,en bouteille gazeuse,,,,,200.0,200.0,200.0,ml,0.2,,,pièce,-,76.2,TF-IDF_Cosine,False,False,1871
BREBICREME PRESIDENT 36*20G,brebicreme president 3620g,,,,Tomme de brebis,Tomme,de brebis,,36,pièce,,20.0,20.0,20.0,g,0.72,,,pièce,-,36.97,TF-IDF_Cosine,True,False,1872
BRIE 1KG 60%,brie 1kg 60,,,,Brie,Brie,,,1.0,Kg,,1.0,1.0,1.0,Kg,1.0,,,Kg,-,81.7,LinearSVC,False,False,1873
BRILLAT SAVARIN AFFINE 100G,brillat savarin affine 100g,,,,Baba savarin,Baba,savarin,,,,,100.0,100.0,100.0,g,0.1,,,pièce,-,49.05,TF-IDF_Cosine,True,False,1874
BRIOCHE SLIDER,brioche slider,,,,Brioche,Brioche,,,,,,,,,,,,,,-,81.61,LinearSVC,False,False,1875
BRIOCHE TRANCHEE CASINO 500G,brioche tranchee casino 500g,,,,Brioche,Brioche,,,,,,500.0,500.0,500.0,g,0.5,,,pièce,-,69.66,LinearSVC,True,False,1876
BRIOCHE TRESSEE A LA MAIN SUPER U 600G,brioche tressee a la main super u 600g,,,,Brioche,Brioche,,,,,,600.0,600.0,600.0,g,0.6,,,pièce,-,74.2,LinearSVC,False,False,1877
BRIOCHES CHOCO PASQUIER *10,brioches choco pasquier 10,,,,Brioche au chocolat,Brioche,au chocolat,,,,,,,,,,,,,-,53.58,TF-IDF_Cosine,True,False,1878
BRIOCHETTES PEPITES CHOCO SUPER U X12 420G,briochettes pepites choco super u x12 420g,,,,Brioche aux pépites de chocolat,Brioche,aux pépites de chocolat,,12,pièce,,420.0,420.0,420.0,g,5.04,,,pièce,-,53.06,TF-IDF_Cosine,True,False,1879
BROCOLIS U SACHET 900G,brocolis u sachet 900g,,,,Brocoli,Brocoli,,,,,,900.0,900.0,900.0,g,0.9,,,pièce,-,61.46,LinearSVC,True,False,1880
BROUSSE DOUCE ET FRAICHE 400G*,brousse douce et fraiche 400g,,,,Frites fraiche,Frites,fraiche,,,,,400.0,400.0,400.0,g,0.4,,,pièce,-,44.59,LinearSVC,True,False,1881
BROWNIE BLANC ST-MICHEL,brownie blanc st-michel,,,,Brownie au chocolat,Brownie,au chocolat,,,,,,,,,,,,,-,81.16,LinearSVC,False,False,1882
BUCHE CHEVRE ARO 175G,buche chevre aro 175g,,,,Chevreau,Chevreau,,,,,,175.0,175.0,175.0,g,0.175,,,pièce,-,78.65,LinearSVC,False,False,1883
BURGER BRIOCHE *6 462G,burger brioche 6 462g,,,,Brioche,Brioche,,,6,pièce,,462.0,462.0,462.0,g,2.7720000000000002,,,pièce,-,70.66,LinearSVC,False,False,1884
BURGER DAUNAT XXL 210G,burger daunat xxl 210g,,,,Sauce burger,Sauce burger,,,,,,210.0,210.0,210.0,g,0.21,,,pièce,-,60.97,TF-IDF_Cosine,True,False,1885
BURGERS GEANTS MOELLLEUX 330G,burgers geants moellleux 330g,,,,Gâteau moelleux aux fruits,Gâteau moelleux,aux fruits,,330,pièce,,330.0,330.0,330.0,g,108.9,,,pièce,-,45.25,TF-IDF_Cosine,True,False,1886
BURRATA,burrata,,,,Burrata,Burrata,,,,,,,,,,,,,,-,100.0,TF-IDF_Cosine,False,False,1887
BURRATA 120G,burrata 120g,,,,Burrata,Burrata,,,,,,120.0,120.0,120.0,g,0.12,,,pièce,-,88.21,TF-IDF_Cosine,False,False,1888
BURRATA A LA TRUFFE D'ETE 400G,burrata a la truffe dete 400g,,,,Burrata,Burrata,,,,,,400.0,400.0,400.0,g,0.4,,,pièce,-,63.55,TF-IDF_Cosine,True,False,1889
BURRATA DI LATTE DI BUFALA *200G,burrata di latte di bufala 200g,,,,Mozzarella di bufala,Mozzarella,di bufala,,200,pièce,,200.0,200.0,200.0,g,40.0,,,pièce,-,84.32,LinearSVC,False,False,1890
BURRATA FUMEE,burrata fumee,,,,Burrata,Burrata,,,,,,,,,,,,,,-,83.5,TF-IDF_Cosine,False,False,1891
BURRATA GALBANI 285G,burrata galbani 285g,,,,Burrata,Burrata,,,,,,285.0,285.0,285.0,g,0.285,,,pièce,-,69.21,TF-IDF_Cosine,True,False,1892
BURRATA GRANDE TRADIZIONE 8X100G,burrata grande tradizione 8x100g,,,,Burrata,Burrata,,,8,pièce,,100.0,100.0,100.0,g,0.8,,,pièce,-,62.86,TF-IDF_Cosine,True,False,1893
BURRATA SAVEUR TRUFFE TOSCANELLA 250G,burrata saveur truffe toscanella 250g,,,,Champignon truffe noire,Champignon,truffe noire,,,,,250.0,250.0,250.0,g,0.25,,,pièce,-,78.67,LinearSVC,False,False,1894
BURRATA TRUFFE 120G,burrata truffe 120g,,,,Champignon truffe noire,Champignon,truffe noire,,,,,120.0,120.0,120.0,g,0.12,,,pièce,-,80.59,LinearSVC,False,False,1895
CACAO CEREALES TONIMALT 450G,cacao cereales tonimalt 450g,,,,Beurre de cacao,Beurre de cacao,,,,,,450.0,450.0,450.0,g,0.45,,,pièce,-,58.77,LinearSVC,True,False,1896
CACAO GRAND AROME BTE 250G-POULAIN,cacao grand arome bte 250g-poulain,,,,Beurre de cacao,Beurre de cacao,,,,,,250.0,250.0,250.0,g,0.25,,,pièce,-,68.83,LinearSVC,True,False,1897
CAFE 100% ARABICA CNES25,cafe 100 arabica cnes25,,,,Café moulu arabica,Café,moulu arabica,,,,,,,,,,,,,-,84.34,LinearSVC,False,False,1898
CAFE 100% ARABICA-250gr-CNES25,cafe 100 arabica-250gr-cnes25,,,,Café moulu arabica,Café,moulu arabica,,,,,250.0,250.0,250.0,g,0.25,,,pièce,-,84.34,LinearSVC,False,False,1899
CAFE 100% ARABICA-250gr-CNES25,cafe 100 arabica-250gr-cnes25,,,,Café moulu arabica,Café,moulu arabica,,,,,250.0,250.0,250.0,g,0.25,,,pièce,-,84.34,LinearSVC,False,False,1899
CAFE ARABICA DECAFEINE MOULU 250G,cafe arabica decafeine moulu 250g,,,,Café moulu arabica,Café,moulu arabica,,,,,250.0,250.0,250.0,g,0.25,,,pièce,-,85.21,LinearSVC,False,False,1900
CAFE CARETE NOIRE EXPRESSO X30 165G,cafe carete noire expresso x30 165g,,,,Café expresso,Café,expresso,,30,pièce,,165.0,165.0,165.0,g,4.95,,,pièce,-,67.44,TF-IDF_Cosine,True,False,1901
CAFE CARTE NOIRE STICKS 45G,cafe carte noire sticks 45g,,,,Tomme noire,Tomme,noire,,,,,45.0,45.0,45.0,g,0.045,,,pièce,-,34.74,TF-IDF_Cosine,True,False,1902
CAFE CARTE NOIRE 2X250G,cafe carte noire 2x250g,,,,Tomme noire,Tomme,noire,,2,pièce,,250.0,250.0,250.0,g,0.5,,,pièce,-,39.93,TF-IDF_Cosine,True,False,1903
CAFE CARTE NOIRE 3*250G,cafe carte noire 3250g,,,,Tomme noire,Tomme,noire,,3,pièce,,250.0,250.0,250.0,g,0.75,,,pièce,-,39.98,TF-IDF_Cosine,True,False,1904
CAFE GRAIN LAVAZZA 1KG,cafe grain lavazza 1kg,,,,Café en grain au chocolat,Café,en grain au chocolat,,1.0,Kg,,1.0,1.0,1.0,Kg,1.0,,,Kg,-,68.43,LinearSVC,True,False,1905
CAFE LOR 250G,cafe lor 250g,,,,Café,Café,,,,,,250.0,250.0,250.0,g,0.25,,,pièce,-,28.59,TF-IDF_Cosine,True,False,1906
CAFE MIKO 50% *250G,cafe miko 50 250g,,,,Café équilibre 50/50,Café,équilibre 50/50,,250,pièce,,250.0,250.0,250.0,g,62.5,,,pièce,-,39.58,TF-IDF_Cosine,True,False,1907
CAFE MIKO 50% *250G,cafe miko 50 250g,,,,Café équilibre 50/50,Café,équilibre 50/50,,250,pièce,,250.0,250.0,250.0,g,62.5,,,pièce,-,39.58,TF-IDF_Cosine,True,False,1907
CAFE MOULU 250G,cafe moulu 250g,,,,Café moulu,Café,moulu,,,,,250.0,250.0,250.0,g,0.25,,,pièce,-,76.89,LinearSVC,False,False,1908
CAFE MOULU MOKA 100% ARABICA BIO 250G,cafe moulu moka 100 arabica bio 250g,,,,Café moulu arabica,Café,moulu arabica,,,,,250.0,250.0,250.0,g,0.25,Bio,,pièce,-,84.6,LinearSVC,False,False,1909
CAFE MOULU TRADITION PAQUET 250G-AUCHAN,cafe moulu tradition paquet 250g-auchan,,,,Baguette tradition,Baguette,tradition,,,,,250.0,250.0,250.0,g,0.25,,,pièce,-,48.2,TF-IDF_Cosine,True,False,1910
CAFE SOLUBLE 200G PXM,cafe soluble 200g pxm,,,,Café en poudre soluble,Café,en poudre soluble,,,,,200.0,200.0,200.0,g,0.2,,,pièce,-,63.69,TF-IDF_Cosine,True,False,1911
CAFE SOLUBLE AUCHAN 200G,cafe soluble auchan 200g,,,,Café en poudre soluble,Café,en poudre soluble,,,,,200.0,200.0,200.0,g,0.2,,,pièce,-,56.67,TF-IDF_Cosine,True,False,1912
CAFE SOLUBLE EXPRESSO X25,cafe soluble expresso x25,,,,Café expresso,Café,expresso,,,,,,,,,,,,,-,67.64,TF-IDF_Cosine,True,False,1913
CAFE SOLUBLE EXTRA-FILTRE 50G,cafe soluble extra-filtre 50g,,,,Café en poudre soluble,Café,en poudre soluble,,,,,50.0,50.0,50.0,g,0.05,,,pièce,-,50.16,TF-IDF_Cosine,True,False,1914
CAFE SOLUBLE SELECTION U 200G,cafe soluble selection u 200g,,,,Café en poudre soluble,Café,en poudre soluble,,,,,200.0,200.0,200.0,g,0.2,,,pièce,-,54.31,TF-IDF_Cosine,True,False,1915
CALNORT BOUILLON MOUTON HALAL 8 CUBES 80G,calnort bouillon mouton halal 8 cubes 80g,,,,Mouton,Mouton,,,,,,80.0,80.0,80.0,g,0.08,,,pièce,-,63.94,LinearSVC,True,False,1916
CALNORT BOUILLON POULE HALAL 8 CUES 80G,calnort bouillon poule halal 8 cues 80g,,,,Bouillon de boeuf,Bouillon,de boeuf,,,,,80.0,80.0,80.0,g,0.08,,,pièce,-,58.04,LinearSVC,True,False,1917
CAMEMBERT DE NORMANDIE,camembert de normandie,,,,Camembert de Normandie,Camembert,de Normandie,,,,Normandie,,,,,,,,,-,100.0,TF-IDF_Cosine,False,False,1918
CAMEMBERT DE NORMANDIE 250G* MONOPRIX,camembert de normandie 250g monoprix,,,,Camembert de Normandie,Camembert,de Normandie,,,,Normandie,250.0,250.0,250.0,g,0.25,,,pièce,-,87.09,LinearSVC,False,False,1919
CAMENBERT AFFINE AU CALVADOS 250G,camenbert affine au calvados 250g,,,,Camembert,Camembert,,,,,,250.0,250.0,250.0,g,0.25,,,pièce,-,37.18,TF-IDF_Cosine,True,False,1920
CANCOILLOTE 250G AIL OU NATURE,cancoillote 250g ail ou nature,,,,Ail,Ail,,,,,,250.0,250.0,250.0,g,0.25,,,pièce,-,69.31,LinearSVC,True,False,1921
CANDIA BABY DES 6MOIS 1L,candia baby des 6mois 1l,,,,Babybel,Babybel,,,1.0,L,,1.0,1.0,1.0,L,1.0,,,L,-,35.01,TF-IDF_Cosine,True,False,1922
"""CANDY UP VANILLE X6 1,2L """,candy up vanille x6 12l,,,,Glace vanille,Glace,vanille,,1.2,L,,1.2,1.2,1.2,L,1.2,,,L,-,42.39,TF-IDF_Cosine,True,False,1923
CANELLE MOULUE 32G-AUCHAN,canelle moulue 32g-auchan,,,,Cannelle,Cannelle,,,,,,32.0,32.0,32.0,g,0.032,,,pièce,-,38.92,TF-IDF_Cosine,True,False,1924
CANNELLE MOULUE BIO 45G,cannelle moulue bio 45g,,,,Cannelle,Cannelle,,,,,,45.0,45.0,45.0,g,0.045,Bio,,pièce,-,75.8,LinearSVC,False,False,1925
CAPPUCCINO CARTE NOIRE *8 200G,cappuccino carte noire 8 200g,,,,Tomme noire,Tomme,noire,,8,pièce,,200.0,200.0,200.0,g,1.6,,,pièce,-,32.53,TF-IDF_Cosine,True,False,1926
CAPPUCCINO NATURE 250G U,cappuccino nature 250g u,,,,Choux nature,Choux nature,,,,,,250.0,250.0,250.0,g,0.25,,,pièce,-,43.38,TF-IDF_Cosine,True,False,1927
CAPRE AU VINAIGRE BIO AUCHAN 60G,capre au vinaigre bio auchan 60g,,,,Vinaigre,Vinaigre,,,,,,60.0,60.0,60.0,g,0.06,Bio,,pièce,-,60.6,TF-IDF_Cosine,True,False,1928
CAPRICE DES ANGES 200G*,caprice des anges 200g,,,,Segments oranges,Segments oranges,,,,,,200.0,200.0,200.0,g,0.2,,,pièce,-,25.12,TF-IDF_Cosine,True,False,1929
CAROTTES EXTRA FINES U 1/2,carottes extra fines u 12,,,,Haricot vert extra fin,Haricot vert,extra fin,,,,,200.0,200.0,200.0,g,0.2,,,pièce,-,45.27,TF-IDF_Cosine,True,False,1930
CAROTTES MAINGOURD 800G,carottes maingourd 800g,,,,Carotte,Carotte,,,,,,800.0,800.0,800.0,g,0.8,,,pièce,-,52.22,LinearSVC,True,False,1931
CAROTTES RONDELLES-1kg-U,carottes rondelles-1kg-u,,,,Carotte rondelle,Carotte,rondelle,,1.0,Kg,,1.0,1.0,1.0,Kg,1.0,,,Kg,-,85.81,LinearSVC,False,False,1932
CARRE FRAIS ELLE&VIRE,carre frais ellevire,,,,Fraise,Fraise,,,,,,15.0,15.0,15.0,g,0.015,,,pièce,-,37.36,TF-IDF_Cosine,True,False,1933
CASSIS FEUILLE 30GR,cassis feuille 30gr,,,,Cassis,Cassis,,,,,,30.0,30.0,30.0,g,0.03,,,pièce,-,68.65,TF-IDF_Cosine,True,False,1934
CASSONADE ETUI BEC VERSEUR 1KG,cassonade etui bec verseur 1kg,,,,Cassonade,Cassonade,,,1.0,Kg,,1.0,1.0,1.0,Kg,1.0,,,Kg,-,67.29,TF-IDF_Cosine,True,False,1935
CASSOULET 840G,cassoulet 840g,,,,Cassoulet,Cassoulet,,,,,,840.0,840.0,840.0,g,0.84,,,pièce,-,90.17,TF-IDF_Cosine,False,False,1936
CASSOULET AUCHAN 420G,cassoulet auchan 420g,,,,Cassoulet,Cassoulet,,,,,,420.0,420.0,420.0,g,0.42,,,pièce,-,75.49,TF-IDF_Cosine,False,False,1937
CASSOULET U BTE 4/4,cassoulet u bte 44,,,,Cassoulet,Cassoulet,,4/4,,,,0.8,0.8,0.8,kg,,,,kg,-,87.79,TF-IDF_Cosine,False,False,1938
CAVIAR AUBERGINES-100Gr,caviar aubergines-100gr,,,,Caviar d'aubergine,Caviar d'aubergine,,,,,,100.0,100.0,100.0,g,0.1,,,pièce,-,82.29,LinearSVC,False,False,1939
CAVIAR D'AUBERGINE 700G,caviar daubergine 700g,,,,Caviar d'aubergine,Caviar d'aubergine,,,,,,700.0,700.0,700.0,g,0.7,,,pièce,-,80.71,LinearSVC,False,False,1940
CAVIAR DE TOMATE*180G L'atelier du lycée,caviar de tomate180g latelier du lycée,,,,Caviar d'aubergine,Caviar d'aubergine,,,180,pièce,,180.0,180.0,180.0,g,32.4,,,pièce,-,84.37,LinearSVC,False,False,1941
CAVIAR PATIDOU-100grs,caviar patidou-100grs,,,,Caviar d'aubergine,Caviar d'aubergine,,,,,,100.0,100.0,100.0,g,0.1,,,pièce,-,87.52,LinearSVC,False,False,1942
CEREALES CHOC/BANANE 6 BARRES 125G,cereales chocbanane 6 barres 125g,,,,Banane,Banane,,,,,,125.0,125.0,125.0,g,0.125,,,pièce,-,49.19,TF-IDF_Cosine,True,False,1943
CEREALES CHOC/CACAHUETES 6 BARRES 126G,cereales choccacahuetes 6 barres 126g,,,,Cacahuète,Cacahuète,,,,,,126.0,126.0,126.0,g,0.126,,,pièce,-,31.84,TF-IDF_Cosine,True,False,1944
CEREALES CHOCAPIC,cereales chocapic,,,,Produit non trouvé,Produit non trouvé,,,,,,8.0,8.0,8.0,g,0.008,,,pièce,,23.75,TF-IDF_Cosine,True,False,1945
CEREALES CHOCAPIC 375G,cereales chocapic 375g,,,,Produit non trouvé,Produit non trouvé,,,,,,375.0,375.0,375.0,g,0.375,,,pièce,,22.94,TF-IDF_Cosine,True,False,1946
CEREALES CRUNCH 450G,cereales crunch 450g,,,,Produit non trouvé,Produit non trouvé,,,,,,450.0,450.0,450.0,g,0.45,,,pièce,,23.34,TF-IDF_Cosine,True,False,1947
CEREALES LION NESTLE BIO 400G,cereales lion nestle bio 400g,,,,Produit non trouvé,Produit non trouvé,,,,,,400.0,400.0,400.0,g,0.4,Bio,,pièce,,19.08,TF-IDF_Cosine,True,False,1948
CEREALES PETALES DE BLE CHOCOLAT 375G,cereales petales de ble chocolat 375g,,,,Chocolat blanc,Chocolat blanc,,,,,,375.0,375.0,375.0,g,0.375,,,pièce,-,37.11,TF-IDF_Cosine,True,False,1949
CEREALES PETALES DE BLE CHOCOLAT 375G,cereales petales de ble chocolat 375g,,,,Chocolat blanc,Chocolat blanc,,,,,,375.0,375.0,375.0,g,0.375,,,pièce,-,37.11,TF-IDF_Cosine,True,False,1949
CERISES AU SIROP-360Gr,cerises au sirop-360gr,,,,Tarte aux cerises,Tarte,aux cerises,,,,,360.0,360.0,360.0,g,0.36,,,pièce,-,57.18,TF-IDF_Cosine,True,False,1950
CHABICHOU DU POITOU *150G,chabichou du poitou 150g,,,,Chou vert,Chou vert,,,150,pièce,,150.0,150.0,150.0,g,22.5,,,pièce,-,32.31,TF-IDF_Cosine,True,False,1951
CHAMP DE PARIS SURG U BIO 600G*,champ de paris surg u bio 600g,,,,Champignon de Paris,Champignon de Paris,,,,,,600.0,600.0,600.0,g,0.6,Bio,,pièce,-,79.03,LinearSVC,False,False,1952
CHAMP DE PARIS SURG U BIO 600G*,champ de paris surg u bio 600g,,,,Champignon de Paris,Champignon de Paris,,,,,,600.0,600.0,600.0,g,0.6,Bio,,pièce,-,79.03,LinearSVC,False,False,1952
CHAMPIGNON DE PARIS EMINCES 1KG,champignon de paris eminces 1kg,,,,Champignon de Paris,Champignon de Paris,,,1.0,Kg,,1.0,1.0,1.0,Kg,1.0,,,Kg,-,80.65,LinearSVC,False,False,1953
CHAMPIGNONS EMINCES U BTE,champignons eminces u bte,,,,Champignon,Champignon,,,,,,250.0,250.0,250.0,g,0.25,,,pièce,-,63.84,TF-IDF_Cosine,True,False,1954
CHAMPIGNONS EMINCES U BTE,champignons eminces u bte,,,,Champignon,Champignon,,,,,,250.0,250.0,250.0,g,0.25,,,pièce,-,63.84,TF-IDF_Cosine,True,False,1954
CHAOURCE MONOPRIX *250G,chaource monoprix 250g,,,,Chaource,Chaource,,,250,pièce,,250.0,250.0,250.0,g,62.5,,,pièce,-,77.93,TF-IDF_Cosine,False,False,1955
"""CHARCUTERIE HORS JB 0,20€""",charcuterie hors jb 020,,,,Produit non trouvé,Produit non trouvé,,,,,,,,,,,,,,,21.06,TF-IDF_Cosine,True,False,1956
"""CHARCUTERIE HORS JB 0,30€""",charcuterie hors jb 030,,,,Produit non trouvé,Produit non trouvé,,,,,,,,,,,,,,,22.45,TF-IDF_Cosine,True,False,1957
"""CHARCUTERIE HORS JB 0,40€""",charcuterie hors jb 040,,,,Produit non trouvé,Produit non trouvé,,,,,,,,,,,,,,,22.27,TF-IDF_Cosine,True,False,1958
"""CHARCUTERIE HORS JB 0,50€""",charcuterie hors jb 050,,,,Produit non trouvé,Produit non trouvé,,,,,,,,,,,,,,,20.98,TF-IDF_Cosine,True,False,1959
"""CHARCUTERIE HORS JB 0,60€""",charcuterie hors jb 060,,,,Produit non trouvé,Produit non trouvé,,,,,,,,,,,,,,,23.41,TF-IDF_Cosine,True,False,1960
"""CHARCUTERIE HORS JB 0,80€""",charcuterie hors jb 080,,,,Produit non trouvé,Produit non trouvé,,,,,,,,,,,,,,,22.32,TF-IDF_Cosine,True,False,1961
"""CHARCUTERIE HORS JB 1,00€""",charcuterie hors jb 100,,,,Produit non trouvé,Produit non trouvé,,,,,,,,,,,,,,,22.65,TF-IDF_Cosine,True,False,1962
"""CHARCUTERIE HORS JB 1,20€""",charcuterie hors jb 120,,,,Produit non trouvé,Produit non trouvé,,,,,,,,,,,,,,,21.88,TF-IDF_Cosine,True,False,1963
"""CHARCUTERIE HORS JB 1,40€""",charcuterie hors jb 140,,,,Produit non trouvé,Produit non trouvé,,,,,,,,,,,,,,,22.41,TF-IDF_Cosine,True,False,1964
"""CHARCUTERIE HORS JB 1,60€""",charcuterie hors jb 160,,,,Produit non trouvé,Produit non trouvé,,,,,,,,,,,,,,,23.58,TF-IDF_Cosine,True,False,1965
"""CHARCUTERIE HORS JB 1,80€""",charcuterie hors jb 180,,,,Blini,Blini,,,,,,,,,,,,,,-,28.07,LinearSVC,True,False,1966
"""CHARCUTERIE HORS JB 2,00€""",charcuterie hors jb 200,,,,Produit non trouvé,Produit non trouvé,,,,,,,,,,,,,,,22.58,TF-IDF_Cosine,True,False,1967
"""CHARCUTERIE HORS JB 2,50€""",charcuterie hors jb 250,,,,Produit non trouvé,Produit non trouvé,,,,,,,,,,,,,,,22.5,TF-IDF_Cosine,True,False,1968
"""CHARCUTERIE HORS JB 2,80€""",charcuterie hors jb 280,,,,Produit non trouvé,Produit non trouvé,,,,,,,,,,,,,,,21.37,TF-IDF_Cosine,True,False,1969
"""CHARCUTERIE HORS JB 3,00€""",charcuterie hors jb 300,,,,Produit non trouvé,Produit non trouvé,,,,,,,,,,,,,,,22.52,TF-IDF_Cosine,True,False,1970
"""CHARCUTERIE HORS JB 3,20€""",charcuterie hors jb 320,,,,Produit non trouvé,Produit non trouvé,,,,,,,,,,,,,,,22.63,TF-IDF_Cosine,True,False,1971
"""CHARCUTERIE HORS JB 3,50€""",charcuterie hors jb 350,,,,Produit non trouvé,Produit non trouvé,,,,,,,,,,,,,,,21.6,TF-IDF_Cosine,True,False,1972
CHEDDAR 48 TRANCHES,cheddar 48 tranches,,,,Cheddar,Cheddar,,,,,,,,,,,,,,-,81.68,LinearSVC,False,False,1973
CHEDDAR FONDU PRESIDENT 150G,cheddar fondu president 150g,,,,Cheddar,Cheddar,,,,,,150.0,150.0,150.0,g,0.15,,,pièce,-,79.54,LinearSVC,False,False,1974
CHEDDAR/EMMENTAL **48TRANCHES PRESIDENT,cheddaremmental 48tranches president,,,,Emmental tranche,Emmental,tranche,,,,,,,,,,,,,-,57.83,TF-IDF_Cosine,True,False,1975
CHEES'APERO 100G-AUCHAN,cheesapero 100g-auchan,,,,Cheesecake,Cheesecake,,,,,,100.0,100.0,100.0,g,0.1,,,pièce,-,33.59,TF-IDF_Cosine,True,False,1976
CHEESBURGERS 6X125G PXM,cheesburgers 6x125g pxm,,,,Cheeseburger,Cheeseburger,,,6,pièce,,125.0,125.0,125.0,g,0.75,,,pièce,-,61.4,TF-IDF_Cosine,True,False,1977
CHEESECAKE VANILLE SPECULOS X2 *160G,cheesecake vanille speculos x2 160g,,,,Cheesecake,Cheesecake,,,2,pièce,,160.0,160.0,160.0,g,0.32,,,pièce,-,81.44,LinearSVC,False,False,1978
CHICOREE BIO 400GRS,chicoree bio 400grs,,,,Chicorée verte,Chicorée verte,,,,,,400.0,400.0,400.0,g,0.4,Bio,,pièce,-,41.67,TF-IDF_Cosine,True,False,1979
CHIFFERINI 500G,chifferini 500g,,,,Blini,Blini,,,,,,500.0,500.0,500.0,g,0.5,,,pièce,-,25.23,TF-IDF_Cosine,True,False,1980
CHIFFERINI 500G,chifferini 500g,,,,Blini,Blini,,,,,,500.0,500.0,500.0,g,0.5,,,pièce,-,25.23,TF-IDF_Cosine,True,False,1980
CHILI CON CARNE 300G,chili con carne 300g,,,,Chili con carne,Chili con carne,,,,,,300.0,300.0,300.0,g,0.3,,,pièce,-,86.06,LinearSVC,False,False,1981
CHILI CON RNE ET SON RIZ PAUL ET LOUISE 300G,chili con rne et son riz paul et louise 300g,,,,Chili con carne,Chili con carne,,,,,,300.0,300.0,300.0,g,0.3,,,pièce,-,50.83,LinearSVC,True,False,1982
CHIPOS LAYS SAVEUR MOURTARDE 135G,chipos lays saveur mourtarde 135g,,,,Semoule saveur vanille,Semoule,saveur vanille,,,,,135.0,135.0,135.0,g,0.135,,,pièce,-,35.86,TF-IDF_Cosine,True,False,1983
CHIPS BRETS SAVEUR CHILI 125G,chips brets saveur chili 125g,,,,Chips,Chips,,,,,,125.0,125.0,125.0,g,0.125,,,pièce,-,69.62,LinearSVC,True,False,1984
CHIPS LAYS BARBECUE 250G**,chips lays barbecue 250g,,,,Sauce barbecue,Sauce barbecue,,,,,,250.0,250.0,250.0,g,0.25,,,pièce,-,64.69,TF-IDF_Cosine,True,False,1985
CHIPS LAYS CHAMPIGNONS DE PARIS *120G,chips lays champignons de paris 120g,,,,Champignon de Paris,Champignon de Paris,,,120,pièce,,120.0,120.0,120.0,g,14.399999999999999,,,pièce,-,70.44,TF-IDF_Cosine,False,False,1986
CHIPS NATURE LAYS 75G,chips nature lays 75g,,,,Chips,Chips,,,,,,75.0,75.0,75.0,g,0.075,,,pièce,-,86.37,LinearSVC,False,False,1987
CHIPS NATURE LAYS 75G,chips nature lays 75g,,,,Chips,Chips,,,,,,75.0,75.0,75.0,g,0.075,,,pièce,-,86.37,LinearSVC,False,False,1987
CHIPS PAYSANNE NATURE U 150G,chips paysanne nature u 150g,,,,Chips,Chips,,,,,,150.0,150.0,150.0,g,0.15,,,pièce,-,77.96,LinearSVC,False,False,1988
CHIPS VICO SAVEUR CHEVRE 125G,chips vico saveur chevre 125g,,,,Chips,Chips,,,,,,125.0,125.0,125.0,g,0.125,,,pièce,-,63.79,LinearSVC,True,False,1989
CHIS LAYS BOLO 145G,chis lays bolo 145g,,,,Sauce bolognaise,Sauce bolognaise,,,,,,145.0,145.0,145.0,g,0.145,,,pièce,-,26.38,TF-IDF_Cosine,True,False,1990
CHOCAPIC 375G BIO,chocapic 375g bio,,,,Produit non trouvé,Produit non trouvé,,,,,,375.0,375.0,375.0,g,0.375,Bio,,pièce,,24.81,TF-IDF_Cosine,True,False,1991
CHOCLAT REVILLION DES REVES VERT 404G*,choclat revillion des reves vert 404g,,,,Chou vert,Chou vert,,,,,,404.0,404.0,404.0,g,0.404,,,pièce,-,31.53,TF-IDF_Cosine,True,False,1992
CHOCLAT REVILLION DES REVES VERT 404G*,choclat revillion des reves vert 404g,,,,Chou vert,Chou vert,,,,,,404.0,404.0,404.0,g,0.404,,,pièce,-,31.53,TF-IDF_Cosine,True,False,1992
CHOCO BLACK 72% 100G-GOURMET-AUCHAN,choco black 72 100g-gourmet-auchan,,,,Chocolat blanc,Chocolat blanc,,,,,,100.0,100.0,100.0,g,0.1,,,pièce,-,27.3,TF-IDF_Cosine,True,False,1993
CHOCO NOIR A PATISSER 200G,choco noir a patisser 200g,,,,Chocolat noir,Chocolat noir,,,,,,200.0,200.0,200.0,g,0.2,,,pièce,-,50.12,TF-IDF_Cosine,True,False,1994
CHOCOLAT AU LAIT AUX NOISETTES 4X100G,chocolat au lait aux noisettes 4x100g,,,,Chocolat au lait,Chocolat au lait,,,4,pièce,,100.0,100.0,100.0,g,0.4,,,pièce,-,68.56,TF-IDF_Cosine,True,False,1995
CHOCOLAT AU LAIT RIZ/CEREALES *200G,chocolat au lait rizcereales 200g,,,,Chocolat au lait,Chocolat au lait,,,200,pièce,,200.0,200.0,200.0,g,40.0,,,pièce,-,71.25,LinearSVC,False,False,1996
CHOCOLAT BIANCO LATTE FONDENTE 200G,chocolat bianco latte fondente 200g,,,,Chocolat blanc,Chocolat blanc,,,,,,200.0,200.0,200.0,g,0.2,,,pièce,-,45.48,TF-IDF_Cosine,True,False,1997
CHOCOLAT DESSERT LAIT 170G,chocolat dessert lait 170g,,,,Sauce dessert chocolat,Sauce dessert,chocolat,,,,,170.0,170.0,170.0,g,0.17,,,pièce,-,75.52,TF-IDF_Cosine,False,False,1998
CHOCOLAT L'ATELIER EDITION COLLECTOR DORE 406G*,chocolat latelier edition collector dore 406g,,,,Chocolat au lait,Chocolat au lait,,,,,,406.0,406.0,406.0,g,0.406,,,pièce,-,37.74,TF-IDF_Cosine,True,False,1999
CHOCOLAT L'ATELIER EDITION COLLECTOR DORE 406G*,chocolat latelier edition collector dore 406g,,,,Chocolat au lait,Chocolat au lait,,,,,,406.0,406.0,406.0,g,0.406,,,pièce,-,37.74,TF-IDF_Cosine,True,False,1999
CHOCOLAT LINDT-CHAMPS ELYSEES-EDITION FESTIVE-400GR,chocolat lindt-champs elysees-edition festive-400gr,,,,Chocolat au lait,Chocolat au lait,,,,,,400.0,400.0,400.0,g,0.4,,,pièce,-,32.03,TF-IDF_Cosine,True,False,2000
CHOCOLAT LINDT-CHAMPS ELYSEES-LAIT-482GR,chocolat lindt-champs elysees-lait-482gr,,,,Chocolat au lait,Chocolat au lait,,,,,,482.0,482.0,482.0,g,0.482,,,pièce,-,55.6,LinearSVC,True,False,2001
CHOCOLAT MILKA 500G,chocolat milka 500g,,,,Chocolat au lait,Chocolat au lait,,,,,,500.0,500.0,500.0,g,0.5,,,pièce,-,52.42,TF-IDF_Cosine,True,False,2002
CHOCOLAT NESTLE-BOITE ROUGE-398GR,chocolat nestle-boite rouge-398gr,,,,Chocolat noir,Chocolat noir,,,,,,398.0,398.0,398.0,g,0.398,,,pièce,-,43.27,TF-IDF_Cosine,True,False,2003
CHOCOLAT NOIR DESSERT NESTLE-205gr,chocolat noir dessert nestle-205gr,,,,Chocolat noir,Chocolat noir,,,,,,205.0,205.0,205.0,g,0.205,,,pièce,-,64.66,TF-IDF_Cosine,True,False,2004
CHOCOLAT NOIR NESTLE 205G,chocolat noir nestle 205g,,,,Chocolat noir,Chocolat noir,,,,,,205.0,205.0,205.0,g,0.205,,,pièce,-,75.32,LinearSVC,False,False,2005
CHOCOLAT PATISSIER 200G,chocolat patissier 200g,,,,Flan patissier,Flan,patissier,,,,,200.0,200.0,200.0,g,0.2,,,pièce,-,67.3,TF-IDF_Cosine,True,False,2006
CHOCOLAT REVILLON 215G*,chocolat revillon 215g,,,,Chocolat au lait,Chocolat au lait,,,,,,215.0,215.0,215.0,g,0.215,,,pièce,-,44.04,TF-IDF_Cosine,True,False,2007
CHOCOLAT REVILLON 215G*,chocolat revillon 215g,,,,Chocolat au lait,Chocolat au lait,,,,,,215.0,215.0,215.0,g,0.215,,,pièce,-,44.04,TF-IDF_Cosine,True,False,2007
CHOCOLAT REVILLON ASSOT* LAIT 214G*,chocolat revillon assot lait 214g,,,,Chocolat au lait,Chocolat au lait,,,,,,214.0,214.0,214.0,g,0.214,,,pièce,-,56.61,TF-IDF_Cosine,True,False,2008
CHOCOLAT REVILLON ASSOT* LAIT 214G*,chocolat revillon assot lait 214g,,,,Chocolat au lait,Chocolat au lait,,,,,,214.0,214.0,214.0,g,0.214,,,pièce,-,56.61,TF-IDF_Cosine,True,False,2008
CHOUCROUTE GARNI RIESLING 800G,choucroute garni riesling 800g,,,,Choucroute garnie,Choucroute,garnie,,,,,800.0,800.0,800.0,g,0.8,,,pièce,-,82.68,LinearSVC,False,False,2009
CHOUCROUTE GARNIE U BTE 4/4,choucroute garnie u bte 44,,,,Choucroute garnie,Choucroute,garnie,4/4,,,,0.8,0.8,0.8,kg,,,,kg,-,83.97,LinearSVC,False,False,2010
CHOUX DE BRUXELLES U SACHET 1KG,choux de bruxelles u sachet 1kg,,,,Chou de Bruxelles,Chou de Bruxelles,,,1.0,Kg,,1.0,1.0,1.0,Kg,1.0,,,Kg,-,76.95,TF-IDF_Cosine,False,False,2011
CHOUX FLEURS 1KG-AUCHAN,choux fleurs 1kg-auchan,,,,Chou-fleur fleurette,Chou-fleur,fleurette,,1.0,Kg,,1.0,1.0,1.0,Kg,1.0,,,Kg,-,52.97,LinearSVC,True,False,2012
CHOUX-FLEURS FLEURETTES-1kg-U,choux-fleurs fleurettes-1kg-u,,,,Chou-fleur fleurette,Chou-fleur,fleurette,,1.0,Kg,,1.0,1.0,1.0,Kg,1.0,,,Kg,-,73.56,TF-IDF_Cosine,False,False,2013
CIBOULETTE AUCHAN 5G,ciboulette auchan 5g,,,,Ciboulette,Ciboulette,,,,,,5.0,5.0,5.0,g,0.005,,,pièce,-,85.67,LinearSVC,False,False,2014
CIBOULETTE U FORMAT CLASS 6G,ciboulette u format class 6g,,,,Ciboulette,Ciboulette,,,,,,6.0,6.0,6.0,g,0.006,,,pièce,-,86.46,LinearSVC,False,False,2015
CIGARETTES RUSSES SPECULOS DELACRE *200G,cigarettes russes speculos delacre 200g,,,,Cigarette,Cigarette,,,200,pièce,,200.0,200.0,200.0,g,40.0,,,pièce,-,50.87,TF-IDF_Cosine,True,False,2016
CITRONNADE 1L,citronnade 1l,,,,Citron,Citron,,,1.0,L,,1.0,1.0,1.0,L,1.0,,,L,-,62.26,TF-IDF_Cosine,True,False,2017
CITRONNADE 75cl,citronnade 75cl,,,,Citron,Citron,,,,,,750.0,750.0,750.0,ml,0.75,,,pièce,-,59.99,TF-IDF_Cosine,True,False,2018
"""COCA COLA 1,75L """,coca cola 175l,,,,Cola,Cola,,,1.75,L,,1.75,1.75,1.75,L,1.75,,,L,-,87.08,LinearSVC,False,False,2019
COCA COLA ZERO 33CL,coca cola zero 33cl,,,,Cola,Cola,,,,,,330.0,330.0,330.0,ml,0.33,,,pièce,-,86.59,LinearSVC,False,False,2020
"""COCA ZERO 1,75CL """,coca zero 175cl,,,,Tapioca,Tapioca,,,,,,17.5,17.5,17.5,ml,0.0175,,,pièce,-,30.75,TF-IDF_Cosine,True,False,2021
COCO RAPEE 400G,coco rapee 400g,,,,Eau de coco,Eau de coco,,,,,,400.0,400.0,400.0,g,0.4,,,pièce,-,45.87,TF-IDF_Cosine,True,False,2022
COEUR DE MEULE PRESIDENT 500G,coeur de meule president 500g,,,,Coeur de boeuf,Coeur,de boeuf,,,,,500.0,500.0,500.0,g,0.5,,,pièce,-,45.81,TF-IDF_Cosine,True,False,2023
COLA EUSKOLA 1L,cola euskola 1l,,,,Cola,Cola,,,1.0,L,,1.0,1.0,1.0,L,1.0,,,L,-,83.69,LinearSVC,False,False,2024
COLIN ALASKA MSC X4,colin alaska msc x4,,,,Colin d'Alaska,Colin,d'Alaska,,,,,,,,,,MSC,,Kg,-,86.54,TF-IDF_Cosine,False,False,2025
COLIN D'ALASKA BEURRE CITRONNEE 400G,colin dalaska beurre citronnee 400g,,,,Colin d'Alaska,Colin,d'Alaska,,,,,400.0,400.0,400.0,g,0.4,,,pièce,-,75.28,LinearSVC,False,False,2026
COLIN D'ALASKA ET SON RIZ 300G CNESS24,colin dalaska et son riz 300g cness24,,,,Colin d'Alaska,Colin,d'Alaska,,,,,300.0,300.0,300.0,g,0.3,,,pièce,-,79.07,LinearSVC,False,False,2027
COLIN D'ALASKA SAUCE A L' OSEILLE 400G,colin dalaska sauce a l oseille 400g,,,,Colin d'Alaska,Colin,d'Alaska,,,,,400.0,400.0,400.0,g,0.4,,,pièce,-,82.92,LinearSVC,False,False,2028
COLIN SAUCE CITRON ET RIZ 300G,colin sauce citron et riz 300g,,,,Citron,Citron,,,,,,300.0,300.0,300.0,g,0.3,,,pièce,-,54.33,TF-IDF_Cosine,True,False,2029
COMPOTE COINGS-380Gr,compote coings-380gr,,,,Coing,Coing,,,,,,380.0,380.0,380.0,g,0.38,,,pièce,-,56.83,TF-IDF_Cosine,True,False,2030
COMPOTE DE POIRE 750G,compote de poire 750g,,,,Compote de poire,Compote,de poire,,,,,750.0,750.0,750.0,g,0.75,,,pièce,-,78.29,LinearSVC,False,False,2031
COMPOTE DE POMME 100G,compote de pomme 100g,,,,Compote de pomme,Compote,de pomme,,,,,100.0,100.0,100.0,g,0.1,,,pièce,-,79.46,LinearSVC,False,False,2032
COMPOTE ENVIE DE ROUGE MATERNE X4 360G,compote envie de rouge materne x4 360g,,,,Compote de pomme,Compote,de pomme,,4,pièce,,360.0,360.0,360.0,g,1.44,,,pièce,-,42.98,TF-IDF_Cosine,True,False,2033
COMPOTE GOURDE,compote gourde,,,,Compote de pomme,Compote,de pomme,,,,,,,,,,,,,-,57.92,TF-IDF_Cosine,True,False,2034
COMPOTE POIRES-380grs,compote poires-380grs,,,,Compote de poire,Compote,de poire,,,,,380.0,380.0,380.0,g,0.38,,,pièce,-,76.29,LinearSVC,False,False,2035
COMPOTE POMME BANANE-4*100gr-PRIX MINI,compote pomme banane-4100gr-prix mini,,,,Compote pomme/banane,Compote,pomme/banane,,4,pièce,,100.0,100.0,100.0,g,0.4,,,pièce,-,82.54,LinearSVC,False,False,2036
COMPOTE POMME CASSIS-380Gr,compote pomme cassis-380gr,,,,Compote pomme/cassis,Compote,pomme/cassis,,,,,380.0,380.0,380.0,g,0.38,,,pièce,-,84.98,TF-IDF_Cosine,False,False,2037
COMPOTE POMME COUPELLES 4*100grs-POUCE,compote pomme coupelles 4100grs-pouce,,,,Compote de pomme,Compote,de pomme,,4,pièce,,100.0,100.0,100.0,g,0.4,,,pièce,-,81.8,LinearSVC,False,False,2038
COMPOTE POMME RHUBARBE-380Gr,compote pomme rhubarbe-380gr,,,,Tarte pomme/rhubarbe,Tarte,pomme/rhubarbe,,,,,380.0,380.0,380.0,g,0.38,,,pièce,-,65.66,TF-IDF_Cosine,True,False,2039
COMPOTE POMME/ BANANE 4*100 grs-POUCE,compote pomme banane 4100 grs-pouce,,,,Compote pomme/banane,Compote,pomme/banane,,4,pièce,,100.0,100.0,100.0,g,0.4,,,pièce,-,83.82,LinearSVC,False,False,2040
COMPOTE POMME/CHATAIGNE,compote pommechataigne,,,,Compote de pomme,Compote,de pomme,,,,,,,,,,,,,-,66.15,TF-IDF_Cosine,True,False,2041
COMTE BIO MONOPRIX 200G*,comte bio monoprix 200g,,,,Feta AOP,Feta AOP,,,200,pièce,,200.0,200.0,200.0,g,40.0,Bio,,pièce,-,46.05,LinearSVC,True,False,2042
COMTE MORCEAU 4€,comte morceau 4,,,,Sucre morceau,Sucre,morceau,,,,,,,,,,,,,-,56.3,TF-IDF_Cosine,True,False,2043
CONES CHOCOLAT U X6 384G,cones chocolat u x6 384g,,,,Chocolat au lait,Chocolat au lait,,,6,pièce,,384.0,384.0,384.0,g,2.3040000000000003,,,pièce,-,52.41,TF-IDF_Cosine,True,False,2044
CONES FRUITS ROUGESN 660ML,cones fruits rougesn 660ml,,,,Fruits rouges,Fruits rouges,,,,,,660.0,660.0,660.0,ml,0.66,,,pièce,-,80.28,TF-IDF_Cosine,False,False,2045
CONES VANILLE FRAISE U X6 384G,cones vanille fraise u x6 384g,,,,Cone glace vanille,Cone glace,vanille,,6,pièce,,384.0,384.0,384.0,g,2.3040000000000003,,,pièce,-,51.69,TF-IDF_Cosine,True,False,2046
CONES VANILLE U X6 384G,cones vanille u x6 384g,,,,Cone glace vanille,Cone glace,vanille,,6,pièce,,384.0,384.0,384.0,g,2.3040000000000003,,,pièce,-,59.62,TF-IDF_Cosine,True,False,2047
CONFIT D'ECHALOTE 230G,confit dechalote 230g,,,,Echalote,Echalote,,,,,,230.0,230.0,230.0,g,0.23,,,pièce,-,64.7,TF-IDF_Cosine,True,False,2048
CONFIT D'OIGNON 220G,confit doignon 220g,,,,Fruit confit,Fruit confit,,,,,,220.0,220.0,220.0,g,0.22,,,pièce,-,52.9,TF-IDF_Cosine,True,False,2049
CONFIT D'OIGNONS,confit doignons,,,,Fruit confit,Fruit confit,,,,,,,,,,,,,,-,53.02,TF-IDF_Cosine,True,False,2050
CONFIT D'OIGNONS U SAVEURS *115G,confit doignons u saveurs 115g,,,,Fruit confit,Fruit confit,,,115,pièce,,115.0,115.0,115.0,g,13.225000000000001,,,pièce,-,37.77,TF-IDF_Cosine,True,False,2051
CONFIT DE CANARD,confit de canard,,,,Confit de canard,Confit de canard,,,,,,,,,,,,,Kg,-,100.0,TF-IDF_Cosine,False,False,2052
CONFITURE CASSIS-230Gr,confiture cassis-230gr,,,,Confiture,Confiture,,,,,,230.0,230.0,230.0,g,0.23,,,pièce,-,70.56,TF-IDF_Cosine,False,False,2053
CONFITURE CLEMENTINES 850GRS,confiture clementines 850grs,,,,Confiture,Confiture,,,,,,850.0,850.0,850.0,g,0.85,,,pièce,-,61.73,TF-IDF_Cosine,True,False,2054
CONFITURE D'ABRICOT 800G,confiture dabricot 800g,,,,Confiture d'abricot,Confiture,d'abricot,,,,,800.0,800.0,800.0,g,0.8,,,pièce,-,86.3,LinearSVC,False,False,2055
CONFITURE D'ANANAS 800GR,confiture dananas 800gr,,,,Confiture,Confiture,,,,,,800.0,800.0,800.0,g,0.8,,,pièce,-,63.84,TF-IDF_Cosine,True,False,2056
CONFITURE DE FRAISE 320G,confiture de fraise 320g,,,,Confiture de fraise,Confiture,de fraise,,,,,320.0,320.0,320.0,g,0.32,,,pièce,-,86.13,LinearSVC,False,False,2057
CONFITURE DE FRAISE 800G,confiture de fraise 800g,,,,Confiture de fraise,Confiture,de fraise,,,,,800.0,800.0,800.0,g,0.8,,,pièce,-,85.06,LinearSVC,False,False,2058
CONFITURE DE KIWI,confiture de kiwi,,,,Confiture,Confiture,,,,,,,,,,,,,,-,71.85,TF-IDF_Cosine,False,False,2059
CONFITURE DE KIWI 750GRS,confiture de kiwi 750grs,,,,Confiture,Confiture,,,,,,750.0,750.0,750.0,g,0.75,,,pièce,-,66.06,TF-IDF_Cosine,True,False,2060
CONFITURE DE KIWI 800GRS,confiture de kiwi 800grs,,,,Confiture,Confiture,,,,,,800.0,800.0,800.0,g,0.8,,,pièce,-,64.59,TF-IDF_Cosine,True,False,2061
CONFITURE DE MELON 800GR,confiture de melon 800gr,,,,Confiture,Confiture,,,,,,800.0,800.0,800.0,g,0.8,,,pièce,-,71.17,TF-IDF_Cosine,False,False,2062
CONFITURE EXTRA ABRICOTS 360 grs,confiture extra abricots 360 grs,,,,Confiture d'abricot,Confiture,d'abricot,,,,,360.0,360.0,360.0,g,0.36,,,pièce,-,70.17,LinearSVC,False,False,2063
CONFITURE EXTRA FRAISE 360G,confiture extra fraise 360g,,,,Confiture de fraise,Confiture,de fraise,,,,,360.0,360.0,360.0,g,0.36,,,pièce,-,75.83,TF-IDF_Cosine,False,False,2064
CONFITURE EXTRA PECHE 360 grs,confiture extra peche 360 grs,,,,Confiture,Confiture,,,,,,360.0,360.0,360.0,g,0.36,,,pièce,-,58.56,TF-IDF_Cosine,True,False,2065
CONFITURE FIGUES 370G U,confiture figues 370g u,,,,Confiture,Confiture,,,,,,370.0,370.0,370.0,g,0.37,,,pièce,-,68.66,TF-IDF_Cosine,True,False,2066
CONFITURE FIGUES 370G U,confiture figues 370g u,,,,Confiture,Confiture,,,,,,370.0,370.0,370.0,g,0.37,,,pièce,-,68.66,TF-IDF_Cosine,True,False,2066
CONFITURE FRAISE 1 kg-POUCE,confiture fraise 1 kg-pouce,,,,Confiture de fraise,Confiture,de fraise,,1.0,Kg,,1.0,1.0,1.0,Kg,1.0,,,Kg,-,86.28,LinearSVC,False,False,2067
CONFITURE FRAISES BASILIC-230Gr,confiture fraises basilic-230gr,,,,Confiture de fraise,Confiture,de fraise,,,,,230.0,230.0,230.0,g,0.23,,,pièce,-,69.45,TF-IDF_Cosine,True,False,2068
CONFITURE FRAISES RHUBARBE-230Gr,confiture fraises rhubarbe-230gr,,,,Confiture de fraise,Confiture,de fraise,,,,,230.0,230.0,230.0,g,0.23,,,pièce,-,64.12,TF-IDF_Cosine,True,False,2069
CONFITURE FRAMBOISE 370G U,confiture framboise 370g u,,,,Confiture de framboise,Confiture,de framboise,,,,,370.0,370.0,370.0,g,0.37,,,pièce,-,89.0,LinearSVC,False,False,2070
CONFITURE FRAMBOISE 370G U,confiture framboise 370g u,,,,Confiture de framboise,Confiture,de framboise,,,,,370.0,370.0,370.0,g,0.37,,,pièce,-,89.0,LinearSVC,False,False,2070
CONFITURE MANGUE-800grs,confiture mangue-800grs,,,,Confiture,Confiture,,,,,,800.0,800.0,800.0,g,0.8,,,pièce,-,68.55,TF-IDF_Cosine,True,False,2071
CONFITURE MYRTILLES-230Gr,confiture myrtilles-230gr,,,,Confiture de myrtilles,Confiture,de myrtilles,,,,,230.0,230.0,230.0,g,0.23,,,pièce,-,84.62,LinearSVC,False,False,2072
CONFITURE PRUNES 800GRS,confiture prunes 800grs,,,,Confiture de prune,Confiture,de prune,,,,,800.0,800.0,800.0,g,0.8,,,pièce,-,78.78,TF-IDF_Cosine,False,False,2073
CONFITURES POIRES LAVANDE-230Gr,confitures poires lavande-230gr,,,,Confiture,Confiture,,,,,,230.0,230.0,230.0,g,0.23,,,pièce,-,57.79,TF-IDF_Cosine,True,False,2074
"""CONSERVE LEGUMES 0,10€""",conserve legumes 010,,,,Verveine,Verveine,,,,,,100.0,100.0,100.0,g,0.1,,,pièce,-,25.53,TF-IDF_Cosine,True,False,2075
"""CONSERVE LEGUMES 0,20€""",conserve legumes 020,,,,Verveine,Verveine,,,,,,100.0,100.0,100.0,g,0.1,,,pièce,-,25.53,TF-IDF_Cosine,True,False,2076
"""CONSERVE LEGUMES 0,20€ """,conserve legumes 020,,,,Verveine,Verveine,,,,,,100.0,100.0,100.0,g,0.1,,,pièce,-,25.53,TF-IDF_Cosine,True,False,2077
"""CONSERVE LEGUMES 0,30€""",conserve legumes 030,,,,Verveine,Verveine,,,,,,100.0,100.0,100.0,g,0.1,,,pièce,-,27.44,TF-IDF_Cosine,True,False,2078
"""CONSERVE LEGUMES 0,30€ *400G""",conserve legumes 030 400g,,,,Verveine,Verveine,,,400,pièce,,400.0,400.0,400.0,g,160.0,,,pièce,-,25.24,TF-IDF_Cosine,True,False,2079
"""CONSERVE LEGUMES 0,40€""",conserve legumes 040,,,,Verveine,Verveine,,,,,,100.0,100.0,100.0,g,0.1,,,pièce,-,27.19,TF-IDF_Cosine,True,False,2080
"""CONSERVE LEGUMES 0,50€""",conserve legumes 050,,,,Verveine,Verveine,,,,,,100.0,100.0,100.0,g,0.1,,,pièce,-,25.42,TF-IDF_Cosine,True,False,2081
"""CONSERVE LEGUMES 0,60€""",conserve legumes 060,,,,Verveine,Verveine,,,,,,100.0,100.0,100.0,g,0.1,,,pièce,-,28.79,TF-IDF_Cosine,True,False,2082
"""CONSERVE LEGUMES 0,60€ *800G """,conserve legumes 060 800g,,,,Verveine,Verveine,,,800,pièce,,800.0,800.0,800.0,g,640.0,,,pièce,-,26.27,TF-IDF_Cosine,True,False,2083
"""CONSERVE LEGUMES 0,70€""",conserve legumes 070,,,,Verveine,Verveine,,,,,,100.0,100.0,100.0,g,0.1,,,pièce,-,27.19,TF-IDF_Cosine,True,False,2084
"""CONSERVE LEGUMES 0,80€""",conserve legumes 080,,,,Verveine,Verveine,,,,,,100.0,100.0,100.0,g,0.1,,,pièce,-,27.26,TF-IDF_Cosine,True,False,2085
"""CONSERVE LEGUMES 0,90€""",conserve legumes 090,,,,Verveine,Verveine,,,,,,100.0,100.0,100.0,g,0.1,,,pièce,-,27.95,TF-IDF_Cosine,True,False,2086
"""CONSERVE LEGUMES 1,00€""",conserve legumes 100,,,,Verveine,Verveine,,,,,,100.0,100.0,100.0,g,0.1,,,pièce,-,27.72,TF-IDF_Cosine,True,False,2087
CONSERVE PLAT PREPARE,conserve plat prepare,,,,Haricot plat,Haricot plat,,,,,,200.0,200.0,200.0,g,0.2,,,pièce,-,48.36,LinearSVC,True,False,2088
"""CONSERVE PLAT PREPARE 0,50€ 400G""",conserve plat prepare 050 400g,,,,Haricot plat,Haricot plat,,,,,,400.0,400.0,400.0,g,0.4,,,pièce,-,54.12,LinearSVC,True,False,2089
CONSERVE PLAT PREPARE 1€ 800G,conserve plat prepare 1 800g,,,,Haricot plat,Haricot plat,,,,,,800.0,800.0,800.0,g,0.8,,,pièce,-,50.28,LinearSVC,True,False,2090
CONSERVE/SOUPE COLLECTE,conservesoupe collecte,,,,Soupe de poissons,Soupe,de poissons,,,,,,,,,,,,,-,36.72,TF-IDF_Cosine,True,False,2091
CONSERVEPLAT PREPARE 2€ 1KG+,conserveplat prepare 2 1kg,,,,Plat préparé,,,,1.0,Kg,,1.0,1.0,1.0,Kg,1.0,,,Kg,,26.48,TF-IDF_Cosine,True,False,2092
"""CONSERVES SALEES 0,30€""",conserves salees 030,,,,Verveine,Verveine,,,,,,100.0,100.0,100.0,g,0.1,,,pièce,-,26.92,TF-IDF_Cosine,True,False,2093
"""CONSERVES SALEES 0,60€""",conserves salees 060,,,,Verveine,Verveine,,,,,,100.0,100.0,100.0,g,0.1,,,pièce,-,28.21,TF-IDF_Cosine,True,False,2094
"""CONSERVES SALEES 0,80€""",conserves salees 080,,,,Verveine,Verveine,,,,,,100.0,100.0,100.0,g,0.1,,,pièce,-,26.75,TF-IDF_Cosine,True,False,2095
COOKED WHITE BEANS 380G,cooked white beans 380g,,,,Gâteau cookie,Gâteau cookie,,,,,,380.0,380.0,380.0,g,0.38,,,pièce,-,30.31,TF-IDF_Cosine,True,False,2096
COOKIES CHOCOLAT CHIPS GUILLON 150G,cookies chocolat chips guillon 150g,,,,Cookie aux pépites de chocolat,Cookie,aux pépites de chocolat,,,,,150.0,150.0,150.0,g,0.15,,,pièce,-,51.04,TF-IDF_Cosine,True,False,2097
COQUILLE ST JACQUES 1KG,coquille st jacques 1kg,,,,Coquille Saint-Jacques,Coquille Saint-Jacques,,,1.0,Kg,,1.0,1.0,1.0,Kg,1.0,,,Kg,-,70.62,TF-IDF_Cosine,False,False,2098
COQUILLE ST JACQUES 500G,coquille st jacques 500g,,,,Coquille Saint-Jacques,Coquille Saint-Jacques,,,,,,500.0,500.0,500.0,g,0.5,,,pièce,-,67.7,TF-IDF_Cosine,True,False,2099
COQUILLETTES AUCHAN 500G,coquillettes auchan 500g,,,,Coquillettes,Coquillettes,,,,,,500.0,500.0,500.0,g,0.5,,,pièce,-,85.67,LinearSVC,False,False,2100
COQUILLETTES PXM SACHET 1KG,coquillettes pxm sachet 1kg,,,,Coquillettes,Coquillettes,,,1.0,Kg,,1.0,1.0,1.0,Kg,1.0,,,Kg,-,78.16,LinearSVC,False,False,2101
CORDONS BLEUS 800G-POUCE,cordons bleus 800g-pouce,,,,Cordon bleu,Cordon bleu,,,,,,800.0,800.0,800.0,g,0.8,,,pièce,-,60.9,TF-IDF_Cosine,True,False,2102
CORDONS BLEUS HALAL 400Grs,cordons bleus halal 400grs,,,,Cordon bleu,Cordon bleu,,,,,,400.0,400.0,400.0,g,0.4,,,pièce,-,58.63,TF-IDF_Cosine,True,False,2103
CORN FLAKES 500G*,corn flakes 500g,,,,Pop-corn,Pop-corn,,,,,,500.0,500.0,500.0,g,0.5,,,pièce,-,73.14,LinearSVC,False,False,2104
CORNFLAKES 375G,cornflakes 375g,,,,Cornichon,Cornichon,,,,,,375.0,375.0,375.0,g,0.375,,,pièce,-,34.7,TF-IDF_Cosine,True,False,2105
CORNICHON FINS BOCAL 360G U,cornichon fins bocal 360g u,,,,Cornichon,Cornichon,,,,,,360.0,360.0,360.0,g,0.36,,,pièce,-,82.26,LinearSVC,False,False,2106
CORNICHONS AIGRES DOUX 850G,cornichons aigres doux 850g,,,,Cornichon aigre-doux,Cornichon,aigre-doux,,850,pièce,,850.0,850.0,850.0,g,722.5,,,pièce,-,69.77,TF-IDF_Cosine,True,False,2107
CORNICHONS AU VINAIGRE PXM 660G,cornichons au vinaigre pxm 660g,,,,Cornichon au vinaigre,Cornichon,au vinaigre,,,,,660.0,660.0,660.0,g,0.66,,,pièce,-,83.47,LinearSVC,False,False,2108
CORNICHONS EXTRA-FINS 370 grs,cornichons extra-fins 370 grs,,,,Cornichon,Cornichon,,,,,,370.0,370.0,370.0,g,0.37,,,pièce,-,76.67,LinearSVC,False,False,2109
COTTAGE CHEESE 200G,cottage cheese 200g,,,,Cheesecake,Cheesecake,,,,,,200.0,200.0,200.0,g,0.2,,,pièce,-,43.52,TF-IDF_Cosine,True,False,2110
COULIS ABRICOT 160G DELICE DE L'ATELIER,coulis abricot 160g delice de latelier,,,,Abricot,Abricot,,,,,,160.0,160.0,160.0,g,0.16,,,pièce,-,71.1,LinearSVC,False,False,2111
COULIS DE TOMATE 25CL L'atelier du lycée,coulis de tomate 25cl latelier du lycée,,,,Tomate,Tomate,,,,,,250.0,250.0,250.0,ml,0.25,,,pièce,-,44.9,TF-IDF_Cosine,True,False,2112
COULIS DE TOMATE 750ml,coulis de tomate 750ml,,,,Tomate,Tomate,,,,,,750.0,750.0,750.0,ml,0.75,,,pièce,-,58.19,TF-IDF_Cosine,True,False,2113
COULIS DE TOMATES 1L,coulis de tomates 1l,,,,Purée de tomates,Purée,de tomates,,1.0,L,,1.0,1.0,1.0,L,1.0,,,L,-,64.52,LinearSVC,True,False,2114
COULOMMIERS MONOPRIX 350G,coulommiers monoprix 350g,,,,Coulommiers,Coulommiers,,,350,pièce,,350.0,350.0,350.0,g,122.49999999999999,,,pièce,-,84.75,LinearSVC,False,False,2115
COUNTRY POTATOES MC CXAIN 780G,country potatoes mc cxain 780g,,,,Potatoes,Potatoes,,,,,,780.0,780.0,780.0,g,0.78,,,pièce,-,86.72,LinearSVC,False,False,2116
COURGETTE RONDELLES-1kg-U,courgette rondelles-1kg-u,,,,Courgette rondelle,Courgette,rondelle,,1.0,Kg,,1.0,1.0,1.0,Kg,1.0,,,Kg,-,75.77,LinearSVC,False,False,2117
COURGETTES SURGELEES 1KG,courgettes surgelees 1kg,,,,Courgette,Courgette,,,1.0,Kg,,1.0,1.0,1.0,Kg,1.0,,,Kg,-,72.36,TF-IDF_Cosine,False,False,2118
COURONNE DES ROIS PASQUIER 450G,couronne des rois pasquier 450g,,,,Galette des rois frangipane,Galette des rois,frangipane,,,,,450.0,450.0,450.0,g,0.45,,,pièce,-,28.09,TF-IDF_Cosine,True,False,2119
COUSCOUS COMPLET BIO 500G,couscous complet bio 500g,,,,Couscous au poulet,Couscous,au poulet,,,,,500.0,500.0,500.0,g,0.5,Bio,,pièce,-,67.2,TF-IDF_Cosine,True,False,2120
"""COUSCOUS FIN VRAC ET,500G-AUCHAN""",couscous fin vrac et500g-auchan,,,,Couscous au poulet,Couscous,au poulet,,,,,500.0,500.0,500.0,g,0.5,,,pièce,-,59.99,TF-IDF_Cosine,True,False,2121
COUSCOUS FINS-500gr-U,couscous fins-500gr-u,,,,Couscous au poulet,Couscous,au poulet,,,,,500.0,500.0,500.0,g,0.5,,,pièce,-,71.71,TF-IDF_Cosine,False,False,2122
COUSCOUS MOYEN 500G-AUCHAN,couscous moyen 500g-auchan,,,,Semoule couscous moyen,Semoule,couscous moyen,,,,,500.0,500.0,500.0,g,0.5,,,pièce,-,86.2,LinearSVC,False,False,2123
COUSCOUS MOYEN BIO 500G U,couscous moyen bio 500g u,,,,Semoule couscous moyen,Semoule,couscous moyen,,,,,500.0,500.0,500.0,g,0.5,Bio,,pièce,-,85.01,LinearSVC,False,False,2124
COUSCOUS MOYEN-500gr-U,couscous moyen-500gr-u,,,,Semoule couscous moyen,Semoule,couscous moyen,,,,,500.0,500.0,500.0,g,0.5,,,pièce,-,86.13,LinearSVC,False,False,2125
COUSCOUS POULET MERGUEZ LEGUMES PAUL ET LOUISE 300G,couscous poulet merguez legumes paul et louise 300g,,,,Couscous au poulet,Couscous,au poulet,,,,,300.0,300.0,300.0,g,0.3,,,pièce,-,61.94,TF-IDF_Cosine,True,False,2126
CRANBERRY PECHE 1L,cranberry peche 1l,,,,Cranberry,Cranberry,,,1.0,L,,1.0,1.0,1.0,L,1.0,,,L,-,84.09,TF-IDF_Cosine,False,False,2127
CRAZY TIGER KISS ME 500ML,crazy tiger kiss me 500ml,,,,Rhubarbe tige,Rhubarbe,tige,,,,,500.0,500.0,500.0,ml,0.5,,,pièce,-,27.41,TF-IDF_Cosine,True,False,2128
CREME DE CHATAIGNES-250Gr,creme de chataignes-250gr,,,,Préparation crème brulée,Préparation crème brulée,,,,,,250.0,250.0,250.0,g,0.25,,,pièce,-,36.89,LinearSVC,True,False,2129
CREME DE COCO U BRIQUE 200ML,creme de coco u brique 200ml,,,,Crème de coco,,,,,,,200.0,200.0,200.0,ml,0.2,,,pièce,,44.63,TF-IDF_Cosine,True,False,2130
CREME DESSERT PISTACHE 220G,creme dessert pistache 220g,,,,Crème dessert à la pistache,Crème dessert,à la pistache,,,,,220.0,220.0,220.0,g,0.22,,,pièce,-,76.24,LinearSVC,False,False,2131
CREME ENTIERE FLUIDE 60CL,creme entiere fluide 60cl,,,,Crème fluide UHT,Crème fluide UHT,,,,,,600.0,600.0,600.0,ml,0.6,,,pièce,-,45.96,TF-IDF_Cosine,True,False,2132
CREME EPAISSE LEGERE 15% BRIDELICE 10CL,creme epaisse legere 15 bridelice 10cl,,,,Crème de lait 30% mg épaisse,Crème de lait,30% mg épaisse,,,,,100.0,100.0,100.0,ml,0.1,,,pièce,-,57.78,LinearSVC,True,False,2133
CREME FLEURETTE ENTIERE 38CL,creme fleurette entiere 38cl,,,,Chou-fleur fleurette,Chou-fleur,fleurette,,,,,380.0,380.0,380.0,ml,0.38,,,pièce,-,58.4,LinearSVC,True,False,2134
CREME FLEURETTE ENTIERE 40CL,creme fleurette entiere 40cl,,,,Chou-fleur fleurette,Chou-fleur,fleurette,,,,,400.0,400.0,400.0,ml,0.4,,,pièce,-,58.4,LinearSVC,True,False,2135
CREME FLEURETTE ENTIERE CASINO 25CL,creme fleurette entiere casino 25cl,,,,Chou-fleur fleurette,Chou-fleur,fleurette,,,,,250.0,250.0,250.0,ml,0.25,,,pièce,-,70.87,LinearSVC,False,False,2136
"""CREME FR,EPAIS,LEGERE 15%-450gr-U""",creme frepaislegere 15-450gr-u,,,,Produit non trouvé,Produit non trouvé,,,,,,450.0,450.0,450.0,g,0.45,,,pièce,,17.84,TF-IDF_Cosine,True,False,2137
"""CREME FR,EPAISSE 30%-190gr-U""",creme frepaisse 30-190gr-u,,,,Crème fluide UHT 30% mg,Crème fluide UHT,30% mg,,,,,190.0,190.0,190.0,g,0.19,,,pièce,-,47.37,LinearSVC,True,False,2138
CREME FRAICHE BIO *50CL MONOPRIX,creme fraiche bio 50cl monoprix,,,,Frites fraiche,Frites,fraiche,,50,pièce,,500.0,500.0,500.0,ml,25.0,Bio,,pièce,-,83.13,LinearSVC,False,False,2139
CREME FRAICHE ENTIERE 50CL MONOPRIX,creme fraiche entiere 50cl monoprix,,,,Frites fraiche,Frites,fraiche,,,,,500.0,500.0,500.0,ml,0.5,,,pièce,-,83.58,LinearSVC,False,False,2140
"""CREME FRAICHE EP,LEG,15% 50cl""",creme fraiche epleg15 50cl,,,,Frites fraiche,Frites,fraiche,,,,,500.0,500.0,500.0,ml,0.5,,,pièce,-,84.29,LinearSVC,False,False,2141
CREME FRAICHE EP-LEG 15% 20CL,creme fraiche ep-leg 15 20cl,,,,Frites fraiche,Frites,fraiche,,,,,200.0,200.0,200.0,ml,0.2,,,pièce,-,84.34,LinearSVC,False,False,2142
CREME LEGERE UHT 20CL,creme legere uht 20cl,,,,Lait écremé uht,Lait écremé,uht,,,,,200.0,200.0,200.0,ml,0.2,,,pièce,-,49.32,LinearSVC,True,False,2143
CREME SAVEUR CARAMEL *4 500G,creme saveur caramel 4 500g,,,,Crème caramel,Crème caramel,,,4,pièce,,500.0,500.0,500.0,g,2.0,,,pièce,-,50.07,LinearSVC,True,False,2144
CREME SEMI EPAISSE ENTIERE 2X25CL,creme semi epaisse entiere 2x25cl,,,,Crème de lait 30% mg épaisse,Crème de lait,30% mg épaisse,,2,pièce,,250.0,250.0,250.0,ml,0.5,,,pièce,-,36.05,LinearSVC,True,False,2145
"""CREME UHT ENT, LIQ, 30% PXM 20CL""",creme uht ent liq 30 pxm 20cl,,,,Crème fluide UHT 30% mg,Crème fluide UHT,30% mg,,,,,200.0,200.0,200.0,ml,0.2,,,pièce,-,66.81,LinearSVC,True,False,2146
CREMEUH CHOCOLAT LES 2 VACHES 380G,cremeuh chocolat les 2 vaches 380g,,,,Chocolat au lait,Chocolat au lait,,,,,,380.0,380.0,380.0,g,0.38,,,pièce,-,36.39,TF-IDF_Cosine,True,False,2147
CREMEUX DE BOURGOGNE A LA DIJONNAISE 100G,cremeux de bourgogne a la dijonnaise 100g,,,,Escargot,Escargot,,,,,,100.0,100.0,100.0,g,0.1,,,pièce,-,46.51,LinearSVC,True,False,2148
CREMEUX DE BOURGOGNE A LA TRUFFE 100G,cremeux de bourgogne a la truffe 100g,,,,Champignon truffe noire,Champignon,truffe noire,,,,,100.0,100.0,100.0,g,0.1,,,pièce,-,39.33,TF-IDF_Cosine,True,False,2149
CREMEUX DU JURA 250G,cremeux du jura 250g,,,,Produit non trouvé,Produit non trouvé,,,,,Jura,250.0,250.0,250.0,g,0.25,,,pièce,,19.83,TF-IDF_Cosine,True,False,2150
CREPE WHAOU CHOCOLAT *8 256G,crepe whaou chocolat 8 256g,,,,Chocolat au lait,Chocolat au lait,,,8,pièce,,256.0,256.0,256.0,g,2.048,,,pièce,-,44.71,TF-IDF_Cosine,True,False,2151
CREPES FOURREES AU CHOCOLAT *8 256G,crepes fourrees au chocolat 8 256g,,,,Chocolat au lait fourré,Chocolat au lait,fourré,,8,pièce,,256.0,256.0,256.0,g,2.048,,,pièce,-,57.03,TF-IDF_Cosine,True,False,2152
CRIPS AMAZON 200G,crips amazon 200g,,,,Chips,Chips,,,,,,200.0,200.0,200.0,g,0.2,,,pièce,-,36.02,TF-IDF_Cosine,True,False,2153
CROISSANT LIDL *8 320G,croissant lidl 8 320g,,,,Croissant,Croissant,,,8,pièce,,320.0,320.0,320.0,g,2.56,,,pièce,-,81.17,LinearSVC,False,False,2154
CROISSANT NATURE *6,croissant nature 6,,,,Croissant,Croissant,,,,,,,,,,,,,,-,78.03,LinearSVC,False,False,2155
CROISSANT PASQUIER *8,croissant pasquier 8,,,,Croissant,Croissant,,,,,,,,,,,,,,-,83.28,LinearSVC,False,False,2156
CROISSANTS CHOCO X4 7DAYS 240G,croissants choco x4 7days 240g,,,,Croissant,Croissant,,,4,pièce,,240.0,240.0,240.0,g,0.96,,,pièce,-,59.07,TF-IDF_Cosine,True,False,2157
CROISSANTS PUR BEURRE LA BOULANGERE 480G,croissants pur beurre la boulangere 480g,,,,Croissant au beurre,Croissant,au beurre,,,,,480.0,480.0,480.0,g,0.48,,,pièce,-,62.32,TF-IDF_Cosine,True,False,2158
CROISSANTS X4 7DAYS 240G,croissants x4 7days 240g,,,,Croissant,Croissant,,,4,pièce,,240.0,240.0,240.0,g,0.96,,,pièce,-,64.6,TF-IDF_Cosine,True,False,2159
CROQUE GOURMAND LEERDAMMER *8T 200G,croque gourmand leerdammer 8t 200g,,,,Purée gourmande,Purée,gourmande,,8,pièce,,200.0,200.0,200.0,g,1.6,,,pièce,-,67.92,LinearSVC,True,False,2160
CRUNCH NESTLE 675G,crunch nestle 675g,,,,Produit non trouvé,Produit non trouvé,,,,,,675.0,675.0,675.0,g,0.675,,,pièce,,21.88,LinearSVC,True,False,2161
CRUNCHY COOKIES *8 136G,crunchy cookies 8 136g,,,,Gâteau cookie,Gâteau cookie,,,8,pièce,,136.0,136.0,136.0,g,1.088,,,pièce,-,54.8,TF-IDF_Cosine,True,False,2162
CUISSES DE POULET SURG CNESS 1KG,cuisses de poulet surg cness 1kg,,,,Poulet cuisse,Poulet,cuisse,,1.0,Kg,,1.0,1.0,1.0,Kg,1.0,,,Kg,-,63.54,TF-IDF_Cosine,True,False,2163
CUMIN MOULU AUCHAN 32G,cumin moulu auchan 32g,,,,Cumin en poudre,Cumin,en poudre,,,,,32.0,32.0,32.0,g,0.032,,,pièce,-,82.58,LinearSVC,False,False,2164
CUMIN Poudre 38grs AUCHAN,cumin poudre 38grs auchan,,,,Cumin en poudre,Cumin,en poudre,,,,,38.0,38.0,38.0,g,0.038,,,pièce,-,82.8,LinearSVC,False,False,2165
CURCUMA 37G-AUCHAN,curcuma 37g-auchan,,,,Curcuma,Curcuma,,,,,,37.0,37.0,37.0,g,0.037,,,pièce,-,83.77,LinearSVC,False,False,2166
CURCUMA U FORMAT CLASSIQUE 37G,curcuma u format classique 37g,,,,Curcuma,Curcuma,,,,,,37.0,37.0,37.0,g,0.037,,,pièce,-,64.87,TF-IDF_Cosine,True,False,2167
CURRY DOUX 42G-AUCHAN,curry doux 42g-auchan,,,,Curry,Curry,,,42,pièce,,42.0,42.0,42.0,g,1.764,,,pièce,-,83.55,LinearSVC,False,False,2168
CURRY U FORMAT CLASSIQUE 40G,curry u format classique 40g,,,,Curry,Curry,,,,,,40.0,40.0,40.0,g,0.04,,,pièce,-,78.75,LinearSVC,False,False,2169
Cake au thon-230gr-Traiteur AUCHAN,cake au thon-230gr-traiteur auchan,,,,Bouchées traiteur,Bouchées traiteur,,,,,,230.0,230.0,230.0,g,0.23,,,pièce,-,43.65,TF-IDF_Cosine,True,False,2170
Cannelle en Baton AUCHAN 10grs,cannelle en baton auchan 10grs,,,,Cannelle,Cannelle,,,,,,10.0,10.0,10.0,g,0.01,,,pièce,-,57.76,TF-IDF_Cosine,True,False,2171
Cassolettes St Jacques Saumon TIPIAK-2*110gr,cassolettes st jacques saumon tipiak-2110gr,,,,Saint Jacques,Saint Jacques,,,2,pièce,,110.0,110.0,110.0,g,0.22,,,pièce,-,57.54,LinearSVC,True,False,2172
Crémeux Courgettes 500 gr,crémeux courgettes 500 gr,,,,Courgette,Courgette,,,,,,500.0,500.0,500.0,g,0.5,,,pièce,-,60.82,TF-IDF_Cosine,True,False,2173
DANETTE MILKSHAKE 250G,danette milkshake 250g,,,,Cuisse de canette,Cuisse de canette,,,,,,250.0,250.0,250.0,g,0.25,,,pièce,-,34.41,TF-IDF_Cosine,True,False,2174
DANONE BIO *4 NATURE 115G,danone bio 4 nature 115g,,,,Anone,Anone,,,4,pièce,,115.0,115.0,115.0,g,0.46,Bio,,pièce,-,43.62,LinearSVC,True,False,2175
DANONE FRAMBOISE,danone framboise,,,,Framboise,Framboise,,,,,,5.0,5.0,5.0,g,0.005,,,pièce,-,71.36,TF-IDF_Cosine,False,False,2176
DANONINO *6 600G AUX FRUITS,danonino 6 600g aux fruits,,,,Tarte aux fruits,Tarte,aux fruits,,6,pièce,,600.0,600.0,600.0,g,3.5999999999999996,,,pièce,-,44.8,TF-IDF_Cosine,True,False,2177
"""DANONINO YAOURT *12 1,5KG """,danonino yaourt 12 15kg,,,,Yaourt,Yaourt,,,1.5,Kg,,1.5,1.5,1.5,Kg,1.5,,,Kg,-,54.98,LinearSVC,True,False,2178
DATTES RAVIER ALGERIE 500G,dattes ravier algerie 500g,,,,Datte,Datte,,,,,Algérie,500.0,500.0,500.0,g,0.5,,,pièce,-,47.88,TF-IDF_Cosine,True,False,2179
DELICE PATIDOU-PATICHATAIGNE-230grs,delice patidou-patichataigne-230grs,,,,Patate douce,Patate douce,,,,,,230.0,230.0,230.0,g,0.23,,,pièce,-,29.8,TF-IDF_Cosine,True,False,2180
DELICHOC MINI COOKIES 120G *24,delichoc mini cookies 120g 24,,,,Gâteau cookie,Gâteau cookie,,,24,pièce,,120.0,120.0,120.0,g,2.88,,,pièce,-,44.9,TF-IDF_Cosine,True,False,2181
DESSERT CHOCOLAT DESSY,dessert chocolat dessy,,,,Sauce dessert chocolat,Sauce dessert,chocolat,,,,,,,,,,,,,-,82.69,TF-IDF_Cosine,False,False,2182
DINOSSAURE LEGUMES PDT/CAROTTES *10,dinossaure legumes pdtcarottes 10,,,,Carotte,Carotte,,,,,,105.0,105.0,105.0,g,0.105,,,pièce,-,34.74,TF-IDF_Cosine,True,False,2183
"""DOLCE GUSTO NEO 12* 69,6G""",dolce gusto neo 12 696g,,,,Pesto,Pesto,,,12,pièce,,69.6,69.6,69.6,g,0.8351999999999999,,,pièce,-,30.42,TF-IDF_Cosine,True,False,2184
DOME GLACE *130G,dome glace 130g,,,,Glace,Glace,,,130,pièce,,130.0,130.0,130.0,g,16.900000000000002,,,pièce,-,76.44,LinearSVC,False,False,2185
DOME GLACE *4,dome glace 4,,,,Glace,Glace,,,,,,,,,,,,,,-,78.53,LinearSVC,False,False,2186
DOME GLACE *4,dome glace 4,,,,Glace,Glace,,,,,,,,,,,,,,-,78.53,LinearSVC,False,False,2186
DOONUTS ST MICHEL *6 180G,doonuts st michel 6 180g,,,,Produit non trouvé,Produit non trouvé,,,6,pièce,,180.0,180.0,180.0,g,1.08,,,pièce,,20.95,TF-IDF_Cosine,True,False,2187
DORITOS NATURE XL 272G,doritos nature xl 272g,,,,Choux nature,Choux nature,,,,,,272.0,272.0,272.0,g,0.272,,,pièce,-,44.97,LinearSVC,True,False,2188
DOSETTES ESPRESSO L'OR *10 COLOMBIA,dosettes espresso lor 10 colombia,,,,Tomme 10% mg,Tomme,10% mg,,,,,,,,,,,,,-,33.22,LinearSVC,True,False,2189
DOSETTES TASSIMO *21 PTIT DEJEUNER 168G,dosettes tassimo 21 ptit dejeuner 168g,,,,Mimolette jeune,Mimolette,jeune,,21,pièce,,168.0,168.0,168.0,g,3.528,,,pièce,-,35.94,TF-IDF_Cosine,True,False,2190
DOSETTES TASSIMO *8 CHOCO CARAMEL,dosettes tassimo 8 choco caramel,,,,Crème caramel,Crème caramel,,,,,,,,,,,,,,-,39.29,TF-IDF_Cosine,True,False,2191
DOUBLE CONCENTRE TOMATE KEY 70gr,double concentre tomate key 70gr,,,,Tomate double concentré,Tomate,double concentré,,,,,70.0,70.0,70.0,g,0.07,,,pièce,-,83.92,LinearSVC,False,False,2192
DOUBLE CONCENTRE TOMATE NOVA-70gr,double concentre tomate nova-70gr,,,,Tomate double concentré,Tomate,double concentré,,,,,70.0,70.0,70.0,g,0.07,,,pièce,-,78.45,LinearSVC,False,False,2193
DOUBLE CONCENTRE TOMATE U 150G,double concentre tomate u 150g,,,,Tomate double concentré,Tomate,double concentré,,,,,150.0,150.0,150.0,g,0.15,,,pièce,-,81.16,LinearSVC,False,False,2194
DOUBLE CONCENTRE TOMATES 150gr PXM,double concentre tomates 150gr pxm,,,,Tomate double concentré,Tomate,double concentré,,,,,150.0,150.0,150.0,g,0.15,,,pièce,-,77.56,LinearSVC,False,False,2195
DOUBLE CREME POUCE 180G,double creme pouce 180g,,,,Tomate double concentré,Tomate,double concentré,,,,,180.0,180.0,180.0,g,0.18,,,pièce,-,49.79,LinearSVC,True,False,2196
DOUCEUR D'ASPERGES 96G,douceur dasperges 96g,,,,Asperge,Asperge,,,,,,96.0,96.0,96.0,g,0.096,,,pièce,-,54.74,TF-IDF_Cosine,True,False,2197
DOUCEUR DE 9 LEGUMES 84G,douceur de 9 legumes 84g,,,,Sauce aigre douce,Sauce aigre douce,,,9.0,L,,84.0,84.0,84.0,g,9.0,,,pièce,-,35.86,TF-IDF_Cosine,True,False,2198
DOUCEUR DE CHEVRE NATURE /*400G,douceur de chevre nature 400g,,,,Chevreau,Chevreau,,,400,pièce,,400.0,400.0,400.0,g,160.0,,,pièce,-,70.67,LinearSVC,False,False,2199
DUCROS MOULIN POIVRE NOIR 38G,ducros moulin poivre noir 38g,,,,Poivre noir,Poivre,noir,,,,,38.0,38.0,38.0,g,0.038,,,pièce,-,86.68,LinearSVC,False,False,2200
DUCROS MOULIN POIVRE NOIR 38G,ducros moulin poivre noir 38g,,,,Poivre noir,Poivre,noir,,,,,38.0,38.0,38.0,g,0.038,,,pièce,-,86.68,LinearSVC,False,False,2200
DUCROS PAPRIKA DOUX MOULU 40G,ducros paprika doux moulu 40g,,,,Paprika,Paprika,,,,,,40.0,40.0,40.0,g,0.04,,,pièce,-,63.84,LinearSVC,True,False,2201
DUO QUINOA-500gr-PRIMEAL,duo quinoa-500gr-primeal,,,,Quinoa,Quinoa,,,,,,500.0,500.0,500.0,g,0.5,,,pièce,-,73.53,LinearSVC,False,False,2202
"""EAU 1,5L """,eau 15l,,,,Eau de vie,Eau de vie,,,1.5,L,,1.5,1.5,1.5,L,1.5,,,L,-,46.24,TF-IDF_Cosine,True,False,2203
EAU 50CL,eau 50cl,,,,Eau de vie,Eau de vie,,,,,,500.0,500.0,500.0,ml,0.5,,,pièce,-,41.61,TF-IDF_Cosine,True,False,2204
"""EAU COURMAYEUR 1,5L """,eau courmayeur 15l,,,,Eau en bouteille gazeuse,Eau,en bouteille gazeuse,,1.5,L,,1.5,1.5,1.5,L,1.5,,,L,-,34.51,LinearSVC,True,False,2205
EAU CRISTALINE 50CL,eau cristaline 50cl,,,,Pralin,Pralin,,,,,,500.0,500.0,500.0,ml,0.5,,,pièce,-,47.2,LinearSVC,True,False,2206
EAU DE FLEUR D'ORANGER 50CL,eau de fleur doranger 50cl,,,,Fleurs d'oranger liquide,Fleurs d'oranger,liquide,,,,,500.0,500.0,500.0,ml,0.5,,,pièce,-,54.17,TF-IDF_Cosine,True,False,2207
EAU MONT BLANC 50CL,eau mont blanc 50cl,,,,Mont d'or,Mont d'or,,,,,,500.0,500.0,500.0,ml,0.5,,,pièce,-,51.95,TF-IDF_Cosine,True,False,2208
EAU PLATE ELITE 1L,eau plate elite 1l,,,,Pêche plate,Pêche,plate,,1.0,L,,1.0,1.0,1.0,L,1.0,,,L,-,44.72,TF-IDF_Cosine,True,False,2209
EAU PLATE ELITE 1L,eau plate elite 1l,,,,Pêche plate,Pêche,plate,,1.0,L,,1.0,1.0,1.0,L,1.0,,,L,-,44.72,TF-IDF_Cosine,True,False,2209
ECHALOTE FLOCONS 28G,echalote flocons 28g,,,,Echalote,Echalote,,,,,,28.0,28.0,28.0,g,0.028,,,pièce,-,70.77,TF-IDF_Cosine,False,False,2210
ECLATS DE FEVE DE CACAO CARREFOUR 100G,eclats de feve de cacao carrefour 100g,,,,Beurre de cacao,Beurre de cacao,,,,,,100.0,100.0,100.0,g,0.1,,,pièce,-,49.94,TF-IDF_Cosine,True,False,2211
ECRASSE DE PDT/CAROTTES,ecrasse de pdtcarottes,,,,Carotte,Carotte,,,,,,105.0,105.0,105.0,g,0.105,,,pièce,-,46.49,TF-IDF_Cosine,True,False,2212
EDULCOLORANT U 300 COMPRIMES 16G,edulcolorant u 300 comprimes 16g,,,,Édulcorant,Édulcorant,,,,,,16.0,16.0,16.0,g,0.016,,,pièce,-,47.95,TF-IDF_Cosine,True,False,2213
EMMENTAL 160G PXRD,emmental 160g pxrd,,,,Emmental,Emmental,,,,,,160.0,160.0,160.0,g,0.16,,,pièce,-,79.33,LinearSVC,False,False,2214
EMMENTAL FONDU,emmental fondu,,,,Emmental,Emmental,,,,,,,,,,,,,,-,77.47,TF-IDF_Cosine,False,False,2215
EMMENTAL RAPE 100G,emmental rape 100g,,,,Emmental,Emmental,,,,,,100.0,100.0,100.0,g,0.1,,,pièce,-,86.43,LinearSVC,False,False,2216
EMMENTAL RAPE BRINS FIN 1KG,emmental rape brins fin 1kg,,,,Emmental,Emmental,,,1.0,Kg,,1.0,1.0,1.0,Kg,1.0,,,Kg,-,86.29,LinearSVC,False,False,2217
EMMENTAL RAPE-100gr-U,emmental rape-100gr-u,,,,Emmental,Emmental,,,,,,100.0,100.0,100.0,g,0.1,,,pièce,-,85.95,LinearSVC,False,False,2218
"""ENORME BAGUETTE 0,40€""",enorme baguette 040,,,,Baguette,Baguette,,,,,,,,,,,,,,-,88.77,LinearSVC,False,False,2219
"""ENORME BAGUETTE 0,40€ """,enorme baguette 040,,,,Baguette,Baguette,,,,,,,,,,,,,,-,88.77,LinearSVC,False,False,2220
EPICERIE SALEE,epicerie salee,,,,Brie,Brie,,,,,,,,,,,,,,-,26.4,TF-IDF_Cosine,True,False,2221
EPICERIE SALEE,epicerie salee,,,,Brie,Brie,,,,,,,,,,,,,,-,26.4,TF-IDF_Cosine,True,False,2221
"""EPICERIE SALEE 0,15€""",epicerie salee 015,,,,Produit non trouvé,Produit non trouvé,,,,,,,,,,,,,,,23.62,TF-IDF_Cosine,True,False,2222
"""EPICERIE SALEE 0,20€""",epicerie salee 020,,,,Produit non trouvé,Produit non trouvé,,,,,,,,,,,,,,,22.51,TF-IDF_Cosine,True,False,2223
"""EPICERIE SALEE 0,30€""",epicerie salee 030,,,,Produit non trouvé,Produit non trouvé,,,,,,,,,,,,,,,24.18,TF-IDF_Cosine,True,False,2224
"""EPICERIE SALEE 0,80€""",epicerie salee 080,,,,Produit non trouvé,Produit non trouvé,,,,,,,,,,,,,,,24.02,TF-IDF_Cosine,True,False,2225
"""EPICERIE SALEE 1,00€""",epicerie salee 100,,,,Produit non trouvé,Produit non trouvé,,,,,,,,,,,,,,,24.42,TF-IDF_Cosine,True,False,2226
"""EPICERIE SALEE 1,30€""",epicerie salee 130,,,,Produit non trouvé,Produit non trouvé,,,,,,,,,,,,,,,24.36,TF-IDF_Cosine,True,False,2227
"""EPICERIE SALEE 2,00€""",epicerie salee 200,,,,Produit non trouvé,Produit non trouvé,,,,,,,,,,,,,,,24.33,TF-IDF_Cosine,True,False,2228
"""EPICERIE SALEE 2,40€""",epicerie salee 240,,,,Produit non trouvé,Produit non trouvé,,,,,,,,,,,,,,,24.01,TF-IDF_Cosine,True,False,2229
"""EPICERIE SALEE 3,40€""",epicerie salee 340,,,,Produit non trouvé,Produit non trouvé,,,,,,,,,,,,,,,24.04,TF-IDF_Cosine,True,False,2230
"""EPICERIE SALEE 3,80€""",epicerie salee 380,,,,Produit non trouvé,Produit non trouvé,,,,,,,,,,,,,,,24.1,TF-IDF_Cosine,True,False,2231
"""EPICERIE SALEE 0,10€""",epicerie salee 010,,,,Produit non trouvé,Produit non trouvé,,,,,,,,,,,,,,,22.51,TF-IDF_Cosine,True,False,2232
"""EPICERIE SALEE 0,40€""",epicerie salee 040,,,,Produit non trouvé,Produit non trouvé,,,,,,,,,,,,,,,23.95,TF-IDF_Cosine,True,False,2233
"""EPICERIE SALEE 0,50€""",epicerie salee 050,,,,Produit non trouvé,Produit non trouvé,,,,,,,,,,,,,,,22.41,TF-IDF_Cosine,True,False,2234
"""EPICERIE SALEE 0,60€""",epicerie salee 060,,,,Brie,Brie,,,,,,,,,,,,,,-,25.35,TF-IDF_Cosine,True,False,2235
"""EPICERIE SALEE 0,70€""",epicerie salee 070,,,,Produit non trouvé,Produit non trouvé,,,,,,,,,,,,,,,23.95,TF-IDF_Cosine,True,False,2236
"""EPICERIE SALEE 0,90€""",epicerie salee 090,,,,Produit non trouvé,Produit non trouvé,,,,,,,,,,,,,,,24.62,TF-IDF_Cosine,True,False,2237
"""EPICERIE SALEE 1,40€""",epicerie salee 140,,,,Produit non trouvé,Produit non trouvé,,,,,,,,,,,,,,,24.13,TF-IDF_Cosine,True,False,2238
"""EPICERIE SALEE 1,50€""",epicerie salee 150,,,,Farine de blé T150,Farine de blé,T150,,,,,,,,,,,,,-,38.7,LinearSVC,True,False,2239
"""EPICERIE SALEE 1,60€""",epicerie salee 160,,,,Brie,Brie,,,,,,,,,,,,,,-,25.56,TF-IDF_Cosine,True,False,2240
"""EPICERIE SALEE 2,20€""",epicerie salee 220,,,,Produit non trouvé,Produit non trouvé,,,,,,,,,,,,,,,24.36,TF-IDF_Cosine,True,False,2241
"""EPICERIE SALEE 2,80€""",epicerie salee 280,,,,Produit non trouvé,Produit non trouvé,,,,,,,,,,,,,,,22.87,TF-IDF_Cosine,True,False,2242
"""EPICERIE SALEE 3,00€""",epicerie salee 300,,,,Produit non trouvé,Produit non trouvé,,,,,,,,,,,,,,,24.26,TF-IDF_Cosine,True,False,2243
"""EPICERIE SALEE 3,20€""",epicerie salee 320,,,,Produit non trouvé,Produit non trouvé,,,,,,,,,,,,,,,24.38,TF-IDF_Cosine,True,False,2244
"""EPICERIE SALEE 3,60€""",epicerie salee 360,,,,Brie,Brie,,,,,,,,,,,,,,-,25.45,TF-IDF_Cosine,True,False,2245
"""EPICERIE SALEE 4,00€""",epicerie salee 400,,,,Produit non trouvé,Produit non trouvé,,,,,,,,,,,,,,,24.4,LinearSVC,True,False,2246
EPICERIE SUCREE,epicerie sucree,,,,Sucre blanc,Sucre,blanc,,,,,,,,,,,,,-,36.53,TF-IDF_Cosine,True,False,2247
EPICERIE SUCREE,epicerie sucree,,,,Sucre blanc,Sucre,blanc,,,,,,,,,,,,,-,36.53,TF-IDF_Cosine,True,False,2247
"""EPICERIE SUCREE 0,05€""",epicerie sucree 005,,,,Sucre blanc,Sucre,blanc,,,,,,,,,,,,,-,34.32,TF-IDF_Cosine,True,False,2248
"""EPICERIE SUCREE 0,15€""",epicerie sucree 015,,,,Sucre blanc,Sucre,blanc,,,,,,,,,,,,,-,33.2,TF-IDF_Cosine,True,False,2249
"""EPICERIE SUCREE 0,20€""",epicerie sucree 020,,,,Sucre blanc,Sucre,blanc,,,,,,,,,,,,,-,31.82,TF-IDF_Cosine,True,False,2250
"""EPICERIE SUCREE 0,25€""",epicerie sucree 025,,,,Sucre blanc,Sucre,blanc,,,,,,,,,,,,,-,34.32,TF-IDF_Cosine,True,False,2251
"""EPICERIE SUCREE 0,30€""",epicerie sucree 030,,,,Sucre blanc,Sucre,blanc,,,,,,,,,,,,,-,33.88,TF-IDF_Cosine,True,False,2252
"""EPICERIE SUCREE 0,40€""",epicerie sucree 040,,,,Sucre blanc,Sucre,blanc,,,,,,,,,,,,,-,33.61,TF-IDF_Cosine,True,False,2253
"""EPICERIE SUCREE 0,50€""",epicerie sucree 050,,,,Sucre blanc,Sucre,blanc,,,,,,,,,,,,,-,31.7,TF-IDF_Cosine,True,False,2254
"""EPICERIE SUCREE 0,70€""",epicerie sucree 070,,,,Sucre blanc,Sucre,blanc,,,,,,,,,,,,,-,33.61,TF-IDF_Cosine,True,False,2255
"""EPICERIE SUCREE 0,80€""",epicerie sucree 080,,,,Sucre blanc,Sucre,blanc,,,,,,,,,,,,,-,33.69,TF-IDF_Cosine,True,False,2256
"""EPICERIE SUCREE 0,90€""",epicerie sucree 090,,,,Sucre blanc,Sucre,blanc,,,,,,,,,,,,,-,34.42,TF-IDF_Cosine,True,False,2257
"""EPICERIE SUCREE 1,00€""",epicerie sucree 100,,,,Sucre blanc,Sucre,blanc,,,,,,,,,,,,,-,34.17,TF-IDF_Cosine,True,False,2258
"""EPICERIE SUCREE 1,10€""",epicerie sucree 110,,,,Rouleau de printemps,Rouleau de printemps,,,,,,,,,,,,,,-,37.2,LinearSVC,True,False,2259
"""EPICERIE SUCREE 1,20€""",epicerie sucree 120,,,,Sucre blanc,Sucre,blanc,,,,,,,,,,,,,-,33.03,TF-IDF_Cosine,True,False,2260
"""EPICERIE SUCREE 1,30€""",epicerie sucree 130,,,,Sucre blanc,Sucre,blanc,,,,,,,,,,,,,-,34.09,TF-IDF_Cosine,True,False,2261
"""EPICERIE SUCREE 1,40€""",epicerie sucree 140,,,,Sucre blanc,Sucre,blanc,,,,,,,,,,,,,-,33.82,TF-IDF_Cosine,True,False,2262
"""EPICERIE SUCREE 1,45€""",epicerie sucree 145,,,,Sucre blanc,Sucre,blanc,,,,,,,,,,,,,-,33.72,TF-IDF_Cosine,True,False,2263
"""EPICERIE SUCREE 1,50€""",epicerie sucree 150,,,,Farine de blé T150,Farine de blé,T150,,,,,,,,,,,,,-,38.7,LinearSVC,True,False,2264
"""EPICERIE SUCREE 1,60€""",epicerie sucree 160,,,,Sucre blanc,Sucre,blanc,,,,,,,,,,,,,-,35.54,TF-IDF_Cosine,True,False,2265
"""EPICERIE SUCREE 1,70€""",epicerie sucree 170,,,,Sucre blanc,Sucre,blanc,,,,,,,,,,,,,-,33.82,TF-IDF_Cosine,True,False,2266
"""EPICERIE SUCREE 1,80€""",epicerie sucree 180,,,,Sucre blanc,Sucre,blanc,,,,,,,,,,,,,-,33.9,TF-IDF_Cosine,True,False,2267
"""EPICERIE SUCREE 2,00€""",epicerie sucree 200,,,,Sucre blanc,Sucre,blanc,,,,,,,,,,,,,-,34.07,TF-IDF_Cosine,True,False,2268
"""EPICERIE SUCREE 2,50 €""",epicerie sucree 250,,,,Sucre blanc,Sucre,blanc,,,,,,,,,,,,,-,33.95,TF-IDF_Cosine,True,False,2269
"""EPICERIE SUCREE 3,00€""",epicerie sucree 300,,,,Sucre blanc,Sucre,blanc,,,,,,,,,,,,,-,33.98,TF-IDF_Cosine,True,False,2270
"""EPICERIE SUCREE 3,20€""",epicerie sucree 320,,,,Sucre blanc,Sucre,blanc,,,,,,,,,,,,,-,34.13,TF-IDF_Cosine,True,False,2271
"""EPICERIE SUCREE 3,50€""",epicerie sucree 350,,,,Sucre blanc,Sucre,blanc,,,,,,,,,,,,,-,32.61,TF-IDF_Cosine,True,False,2272
"""EPICERIE SUCREE 3,60€""",epicerie sucree 360,,,,Sucre blanc,Sucre,blanc,,,,,,,,,,,,,-,35.41,TF-IDF_Cosine,True,False,2273
"""EPICERIE SUCREE 4,00€""",epicerie sucree 400,,,,Sucre blanc,Sucre,blanc,,,,,,,,,,,,,-,33.55,TF-IDF_Cosine,True,False,2274
"""EPICERIE SUCREE1,90€""",epicerie sucree190,,,,Sucre blanc,Sucre,blanc,,,,,,,,,,,,,-,34.98,TF-IDF_Cosine,True,False,2275
EPICES CIGALOU,epices cigalou,,,,Mélange épices quatre épices,Mélange épices,quatre épices,,,,,,,,,,,,,-,62.18,LinearSVC,True,False,2276
EPID'OR PAINS AU LAIT,epidor pains au lait,,,,Pain au lait,Pain au lait,,,,,,,,,,,,,,-,58.14,TF-IDF_Cosine,True,False,2277
EPINARDS BRANCHE-1kg-U,epinards branche-1kg-u,,,,Epinard branche,Epinard,branche,,1.0,Kg,,1.0,1.0,1.0,Kg,1.0,,,Kg,-,82.64,LinearSVC,False,False,2278
EPINARDS HACHES 1KG,epinards haches 1kg,,,,Epinard branche,Epinard,branche,,1.0,Kg,,1.0,1.0,1.0,Kg,1.0,,,Kg,-,83.37,LinearSVC,False,False,2279
EPINARDS HACHES U BTE 4/4 795G,epinards haches u bte 44 795g,,,,Epinard branche,Epinard,branche,,,,,795.0,795.0,795.0,g,0.795,,,pièce,-,79.83,LinearSVC,False,False,2280
EPINARDS HACHES U PORTIONS KG,epinards haches u portions kg,,,,Epinard branche,Epinard,branche,,,,,100.0,100.0,100.0,g,0.1,,,pièce,-,82.9,LinearSVC,False,False,2281
EPOISSES 250G,epoisses 250g,,,,Époisses,Époisses,,,,,,250.0,250.0,250.0,g,0.25,,,pièce,-,54.05,TF-IDF_Cosine,True,False,2282
EPOISSES 250G,epoisses 250g,,,,Époisses,Époisses,,,,,,250.0,250.0,250.0,g,0.25,,,pièce,-,54.05,TF-IDF_Cosine,True,False,2282
ESCALOPE DINDE 240gr POUCE,escalope dinde 240gr pouce,,,,Dinde escalope,Dinde,escalope,,,,,240.0,240.0,240.0,g,0.24,,,pièce,-,86.7,LinearSVC,False,False,2283
ESTRAGON 10GR,estragon 10gr,,,,Estragon,Estragon,,,,,,10.0,10.0,10.0,g,0.01,,,pièce,-,87.88,LinearSVC,False,False,2284
ETUI 6 CHEESEBURGER 750G,etui 6 cheeseburger 750g,,,,Cheeseburger,Cheeseburger,,,,,,750.0,750.0,750.0,g,0.75,,,pièce,-,86.99,TF-IDF_Cosine,False,False,2285
FAISELLE *4,faiselle 4,,,,Faisselle 0% mg,Faisselle,0% mg,,,,,,,,,,,,,-,62.76,TF-IDF_Cosine,True,False,2286
FAISSELLE RIAMS-100gr,faisselle riams-100gr,,,,Faisselle 0% mg,Faisselle,0% mg,,,,,100.0,100.0,100.0,g,0.1,,,pièce,-,75.65,LinearSVC,False,False,2287
FARFALLE QUAL SUP U CELLO 500GR,farfalle qual sup u cello 500gr,,,,Farfalles,Farfalles,,,,,,500.0,500.0,500.0,g,0.5,,,pièce,-,82.21,LinearSVC,False,False,2288
FARINE /SUCRE COLLECTE,farine sucre collecte,,,,Farine de riz,Farine de riz,,,,,,,,,,,,,,-,44.9,TF-IDF_Cosine,True,False,2289
FARINE BIO CERES PETIT EPAUTRE 1KG,farine bio ceres petit epautre 1kg,,,,Farine d'épeautre,Farine d'épeautre,,,1.0,Kg,,1.0,1.0,1.0,Kg,1.0,Bio,,Kg,-,52.44,TF-IDF_Cosine,True,False,2290
FARINE BIO CERES PETIT EPAUTRE 1KG,farine bio ceres petit epautre 1kg,,,,Farine d'épeautre,Farine d'épeautre,,,1.0,Kg,,1.0,1.0,1.0,Kg,1.0,Bio,,Kg,-,52.44,TF-IDF_Cosine,True,False,2290
FARINE BIO CERES-COMPLETE T110-1Kg,farine bio ceres-complete t110-1kg,,,,Farine de blé T110,Farine de blé,T110,,1.0,Kg,,55.5,110.0,1.0,Kg,1.0,Bio,,Kg,-,55.3,TF-IDF_Cosine,True,False,2291
FARINE BIO CERES-GRD EPEAUTRE OBERKULMER-1Kg,farine bio ceres-grd epeautre oberkulmer-1kg,,,,Farine d'épeautre,Farine d'épeautre,,,1.0,Kg,,1.0,1.0,1.0,Kg,1.0,Bio,,Kg,-,59.47,TF-IDF_Cosine,True,False,2292
FARINE BIO CERES-INTEGRALE T150-1Kg,farine bio ceres-integrale t150-1kg,,,,Farine de blé T150,Farine de blé,T150,,1.0,Kg,,75.5,150.0,1.0,Kg,1.0,Bio,,Kg,-,55.28,TF-IDF_Cosine,True,False,2293
FARINE BIO CERES-PATISSERIE T55-1Kg,farine bio ceres-patisserie t55-1kg,,,,Farine de blé T55,Farine de blé,T55,,1.0,Kg,,28.0,55.0,1.0,Kg,1.0,Bio,,Kg,-,84.07,LinearSVC,False,False,2294
FARINE BIO CERES-PETIT EPEAUTRE-500grs,farine bio ceres-petit epeautre-500grs,,,,Farine d'épeautre,Farine d'épeautre,,,,,,500.0,500.0,500.0,g,0.5,Bio,,pièce,-,56.94,TF-IDF_Cosine,True,False,2295
FARINE BIO CERES-SEMI COMPLETE T80-1Kg,farine bio ceres-semi complete t80-1kg,,,,Riz semi complet,Riz,semi complet,,1.0,Kg,,40.5,80.0,1.0,Kg,1.0,Bio,,Kg,-,51.61,TF-IDF_Cosine,True,False,2296
FARINE BIO CERES-T65-1Kg,farine bio ceres-t65-1kg,,,,Farine de blé T65,Farine de blé,T65,,1.0,Kg,,33.0,65.0,1.0,Kg,1.0,Bio,,Kg,-,82.19,LinearSVC,False,False,2297
FARINE BLE T55-1KG-POUCE,farine ble t55-1kg-pouce,,,,Farine de blé T55,Farine de blé,T55,,1.0,Kg,,28.0,55.0,1.0,Kg,1.0,,,Kg,-,84.84,LinearSVC,False,False,2298
FARINE COLLECTE,farine collecte,,,,Farine de riz,Farine de riz,,,,,,,,,,,,,,-,53.98,TF-IDF_Cosine,True,False,2299
FARINE DE BLE TYPE 55,farine de ble type 55,,,,Farine de blé T55,Farine de blé,T55,,,,,,,,,,,,,-,74.78,LinearSVC,False,False,2300
FARINE FLUIDE-T45-1kg-U,farine fluide-t45-1kg-u,,,,Farine de blé T45,Farine de blé,T45,,1.0,Kg,,23.0,45.0,1.0,Kg,1.0,,,Kg,-,50.28,TF-IDF_Cosine,True,False,2301
FARINE SUCRE COLLECTE,farine sucre collecte,,,,Farine de riz,Farine de riz,,,,,,,,,,,,,,-,44.9,TF-IDF_Cosine,True,False,2302
FERMIERE A LA CIBOULETTE 750G,fermiere a la ciboulette 750g,,,,Ciboulette,Ciboulette,,,,,,750.0,750.0,750.0,g,0.75,,,pièce,-,80.76,LinearSVC,False,False,2303
FEUILLES DE BRICK 170g,feuilles de brick 170g,,,,Feuille de brick,Feuille de brick,,,,,,170.0,170.0,170.0,g,0.17,,,pièce,-,84.83,LinearSVC,False,False,2304
FEUILLETES FROMAGE X10 650GR-POUCE,feuilletes fromage x10 650gr-pouce,,,,Feuilleté au fromage,Feuilleté,au fromage,,10,pièce,,650.0,650.0,650.0,g,6.5,,,pièce,-,62.39,TF-IDF_Cosine,True,False,2305
FILET MAQUEREAUX MOUTARDE-169gr POUCE,filet maquereaux moutarde-169gr pouce,,,,Maquereau filet sauce moutarde,Maquereau,filet sauce moutarde,,,,,169.0,169.0,169.0,g,0.169,,,pièce,-,81.88,LinearSVC,False,False,2306
FILETS DE LIEU NOIR SURGELES 600G,filets de lieu noir surgeles 600g,,,,Lieu noir filet,Lieu noir,filet,,,,,600.0,600.0,600.0,g,0.6,,,pièce,-,69.33,TF-IDF_Cosine,True,False,2307
FILETS MAQUERAUX ESCABECHE 169gr-U,filets maqueraux escabeche 169gr-u,,,,Maquereau filet,Maquereau,filet,,,,,169.0,169.0,169.0,g,0.169,,,pièce,-,50.73,TF-IDF_Cosine,True,False,2308
FILONE DI BUFALA,filone di bufala,,,,Mozzarella di bufala,Mozzarella,di bufala,,,,,,,,,,,,,-,83.94,LinearSVC,False,False,2309
FLAGEOLET BIO ET LOCAL 500G,flageolet bio et local 500g,,,,Flageolet,Flageolet,,,,,,500.0,500.0,500.0,g,0.5,Bio,,pièce,-,79.99,LinearSVC,False,False,2310
FLAGEOLET BIO ET LOCAL 500G,flageolet bio et local 500g,,,,Flageolet,Flageolet,,,,,,500.0,500.0,500.0,g,0.5,Bio,,pièce,-,79.99,LinearSVC,False,False,2310
FLAGEOLETS VERT EXTRA FIN U 1/2,flageolets vert extra fin u 12,,,,Flageolet,Flageolet,,,,,,100.0,100.0,100.0,g,0.1,,,pièce,-,60.36,LinearSVC,True,False,2311
FLAMMEKUECHE 190G,flammekueche 190g,,,,Flammenkueche,Flammenkueche,,,,,,190.0,190.0,190.0,g,0.19,,,pièce,-,79.14,TF-IDF_Cosine,False,False,2312
FLAN PATISSIER MONOPRIX 180G,flan patissier monoprix 180g,,,,Flan,Flan,,,180,pièce,,180.0,180.0,180.0,g,32.4,,,pièce,-,77.77,LinearSVC,False,False,2313
FLOCON D'AVOINE AUCHAN 500G,flocon davoine auchan 500g,,,,Flocon d'avoine,Flocon d'avoine,,,,,,500.0,500.0,500.0,g,0.5,,,pièce,-,81.7,LinearSVC,False,False,2314
FORMI FRESCO DI GRATTUGIA-1Kg,formi fresco di grattugia-1kg,,,,Produit non trouvé,Produit non trouvé,,,1.0,Kg,,1.0,1.0,1.0,Kg,1.0,,,Kg,,22.46,TF-IDF_Cosine,True,False,2315
"""FRITES 2,5KG-POUCE""",frites 25kg-pouce,,,,Frites,Frites,,,2.5,Kg,,2.5,2.5,2.5,Kg,2.5,,,Kg,-,75.87,LinearSVC,False,False,2316
FRITES CLASSIQUES TOURNESOL 1K AUCHAN,frites classiques tournesol 1k auchan,,,,Tournesol graine,Tournesol,graine,,1.0,Kg,,1.0,1.0,1.0,Kg,1.0,,,Kg,-,50.09,TF-IDF_Cosine,True,False,2317
"""FRITES SACHET 2,5KG U""",frites sachet 25kg u,,,,Frites,Frites,,,2.5,Kg,,2.5,2.5,2.5,Kg,2.5,,,Kg,-,70.2,TF-IDF_Cosine,False,False,2318
"""FRITES SACHET 2,5KG U """,frites sachet 25kg u,,,,Frites,Frites,,,2.5,Kg,,2.5,2.5,2.5,Kg,2.5,,,Kg,-,70.2,TF-IDF_Cosine,False,False,2319
FRITES U SACHET 1KG,frites u sachet 1kg,,,,Frites,Frites,,,1.0,Kg,,1.0,1.0,1.0,Kg,1.0,,,Kg,-,70.64,TF-IDF_Cosine,False,False,2320
FROMAGE DE CHEVRE ST MAURE 200G,fromage de chevre st maure 200g,,,,Fromage de chèvre,Fromage de chèvre,,,,,,200.0,200.0,200.0,g,0.2,,,pièce,-,48.73,TF-IDF_Cosine,True,False,2321
FROMAGE 8 PORTIONS PRESIDENT 140G,fromage 8 portions president 140g,,,,Fromage à pate pressée,Fromage à pate pressée,,,,,,140.0,140.0,140.0,g,0.14,,,pièce,-,42.17,TF-IDF_Cosine,True,False,2322
FROMAGE A TARTIFLETTE 1KG,fromage a tartiflette 1kg,,,,Fromage à tartiflette,Fromage à tartiflette,,,1.0,Kg,,1.0,1.0,1.0,Kg,1.0,,,Kg,-,74.16,LinearSVC,False,False,2323
FROMAGE AIL ET FINES HERBES PATURAGES 250G,fromage ail et fines herbes paturages 250g,,,,Omelette aux fines herbes,Omelette,aux fines herbes,,,,,250.0,250.0,250.0,g,0.25,,,pièce,-,74.03,LinearSVC,False,False,2324
FROMAGE AIL ET FINES HERBES POUCE 150G,fromage ail et fines herbes pouce 150g,,,,Omelette aux fines herbes,Omelette,aux fines herbes,,,,,150.0,150.0,150.0,g,0.15,,,pièce,-,68.73,LinearSVC,True,False,2325
FROMAGE BLANC FONDU,fromage blanc fondu,,,,Fromage fondu,Fromage fondu,,,,,,,,,,,,,,-,72.22,LinearSVC,False,False,2326
FROMAGE BLANC MONOPRIX 8*100G,fromage blanc monoprix 8100g,,,,Fromage blanc,Fromage blanc,,,8,pièce,,100.0,100.0,100.0,g,0.8,,,pièce,-,75.8,TF-IDF_Cosine,False,False,2327
FROMAGE BLANC NATURE *500G,fromage blanc nature 500g,,,,Fromage blanc,Fromage blanc,,,500,pièce,,500.0,500.0,500.0,g,250.0,,,pièce,-,82.29,LinearSVC,False,False,2328
FROMAGE BRESSE BLEU 200G,fromage bresse bleu 200g,,,,Bleu de bresse,Bleu,de bresse,,,,,200.0,200.0,200.0,g,0.2,,,pièce,-,83.68,LinearSVC,False,False,2329
FROMAGE BURGER EMMENTAL 20 TRANCHES,fromage burger emmental 20 tranches,,,,Emmental tranche,Emmental,tranche,,,,,,,,,,,,,-,70.18,LinearSVC,False,False,2330
FROMAGE BURGER CHEDDAR 200G,fromage burger cheddar 200g,,,,Cheddar,Cheddar,,,,,,200.0,200.0,200.0,g,0.2,,,pièce,-,66.11,TF-IDF_Cosine,True,False,2331
FROMAGE BURGER EMMENTAL 200G,fromage burger emmental 200g,,,,Emmental,Emmental,,,,,,200.0,200.0,200.0,g,0.2,,,pièce,-,62.71,TF-IDF_Cosine,True,False,2332
FROMAGE BURGER-PRESIDENT-12 TRANCHES-200 grs,fromage burger-president-12 tranches-200 grs,,,,Fromage blanc,Fromage blanc,,,12,pièce,,200.0,200.0,200.0,g,2.4000000000000004,,,pièce,-,36.31,TF-IDF_Cosine,True,False,2333
FROMAGE CARRES CREMEUX 240G,fromage carres cremeux 240g,,,,Croustillant fromage au fromage,Croustillant fromage,au fromage,,240,pièce,,240.0,240.0,240.0,g,57.599999999999994,,,pièce,-,42.41,TF-IDF_Cosine,True,False,2334
FROMAGE CHEDDAR SANDWICH 200G,fromage cheddar sandwich 200g,,,,Cheddar,Cheddar,,,,,,200.0,200.0,200.0,g,0.2,,,pièce,-,69.59,TF-IDF_Cosine,True,False,2335
FROMAGE CROQUE EMMENTAL LECLERC X20 TRANCHES,fromage croque emmental leclerc x20 tranches,,,,Emmental tranche,Emmental,tranche,,,,,,,,,,,,,-,61.64,TF-IDF_Cosine,True,False,2336
"""FROMAGE CROQUE EMMENTAL PRESIDENT-12 Tr,-200grs""",fromage croque emmental president-12 tr-200grs,,,,Emmental,Emmental,,,,,,200.0,200.0,200.0,g,0.2,,,pièce,-,82.07,LinearSVC,False,False,2337
FROMAGE CROQUE-MONSIEUR,fromage croque-monsieur,,,,Croque-monsieur fromage,Croque-monsieur,fromage,,,,,,,,,,,,Kg,-,100.0,TF-IDF_Cosine,False,False,2338
FROMAGE DE CHEVRE 100G,fromage de chevre 100g,,,,Fromage de chèvre,Fromage de chèvre,,,,,,100.0,100.0,100.0,g,0.1,,,pièce,-,56.39,TF-IDF_Cosine,True,False,2339
FROMAGE DOUBLE CREME 300G,fromage double creme 300g,,,,Croustillant fromage au fromage,Croustillant fromage,au fromage,,,,,300.0,300.0,300.0,g,0.3,,,pièce,-,42.24,TF-IDF_Cosine,True,False,2340
FROMAGE DOUBLE CREME 300G u,fromage double creme 300g u,,,,Croustillant fromage au fromage,Croustillant fromage,au fromage,,,,,300.0,300.0,300.0,g,0.3,,,pièce,-,42.02,TF-IDF_Cosine,True,False,2341
FROMAGE DOUBLE CREME U 200G,fromage double creme u 200g,,,,Croustillant fromage au fromage,Croustillant fromage,au fromage,,,,,200.0,200.0,200.0,g,0.2,,,pièce,-,42.12,TF-IDF_Cosine,True,False,2342
FROMAGE EN TRANCHES,fromage en tranches,,,,Fromage blanc,Fromage blanc,,,,,,,,,,,,,,-,51.24,TF-IDF_Cosine,True,False,2343
FROMAGE EN TRANCHES X10 PRSIDENT 200G,fromage en tranches x10 prsident 200g,,,,Fromage blanc,Fromage blanc,,,10,pièce,,200.0,200.0,200.0,g,2.0,,,pièce,-,39.06,TF-IDF_Cosine,True,False,2344
FROMAGE FAUQUET MAROILLES 750G,fromage fauquet maroilles 750g,,,,Maroilles,Maroilles,,,,,,750.0,750.0,750.0,g,0.75,,,pièce,-,62.91,TF-IDF_Cosine,True,False,2345
FROMAGE FONDU 16 PORTIONS,fromage fondu 16 portions,,,,Fromage fondu,Fromage fondu,,,,,,,,,,,,,,-,85.29,LinearSVC,False,False,2346
FROMAGE FONDU 24 PORTIONS PRIX MINI,fromage fondu 24 portions prix mini,,,,Fromage fondu,Fromage fondu,,,,,,,,,,,,,,-,83.84,LinearSVC,False,False,2347
FROMAGE FONDU ECO+,fromage fondu eco,,,,Fromage fondu,Fromage fondu,,,,,,,,,,,,,,-,85.06,LinearSVC,False,False,2348
FROMAGE FONDU PRESIDENT *24 400G,fromage fondu president 24 400g,,,,Fromage fondu,Fromage fondu,,,24,pièce,,400.0,400.0,400.0,g,9.600000000000001,,,pièce,-,84.37,LinearSVC,False,False,2349
FROMAGE FONDU PRESIDENT *8 120G,fromage fondu president 8 120g,,,,Fromage fondu,Fromage fondu,,,8,pièce,,120.0,120.0,120.0,g,0.96,,,pièce,-,85.21,LinearSVC,False,False,2350
FROMAGE FONDU-8 PORTIONS-PRESIDENT-140grs,fromage fondu-8 portions-president-140grs,,,,Fromage fondu,Fromage fondu,,,,,,140.0,140.0,140.0,g,0.14,,,pièce,-,86.1,LinearSVC,False,False,2351
FROMAGE FRAIS EN FAISSELLE 400G,fromage frais en faisselle 400g,,,,Faisselle 0% mg,Faisselle,0% mg,,,,,400.0,400.0,400.0,g,0.4,,,pièce,-,59.31,TF-IDF_Cosine,True,False,2352
FROMAGE FRAIS PETIT YOPLAIT 720G,fromage frais petit yoplait 720g,,,,Gâteau au fromage frais,Gâteau au fromage frais,,,,,,720.0,720.0,720.0,g,0.72,,,pièce,-,59.83,LinearSVC,True,False,2353
FROMAGE FRAIS SUPERVALU *6 282G,fromage frais supervalu 6 282g,,,,Gâteau au fromage frais,Gâteau au fromage frais,,,6,pièce,,282.0,282.0,282.0,g,1.6919999999999997,,,pièce,-,68.04,LinearSVC,True,False,2354
FROMAGE FRAIS YOPLAIT 340G,fromage frais yoplait 340g,,,,Gâteau au fromage frais,Gâteau au fromage frais,,,,,,340.0,340.0,340.0,g,0.34,,,pièce,-,73.0,LinearSVC,False,False,2355
FROMAGE HAMBURGER CHEDDAR SUPER U,fromage hamburger cheddar super u,,,,Hamburger,Hamburger,,,,,,,,,,,,,,-,61.98,TF-IDF_Cosine,True,False,2356
FROMAGE L'ORTOLAN 220G,fromage lortolan 220g,,,,Fromage blanc,Fromage blanc,,,,,,220.0,220.0,220.0,g,0.22,,,pièce,-,52.03,TF-IDF_Cosine,True,False,2357
FROMAGE LA BONNE VACHE PORTION 8-140grs,fromage la bonne vache portion 8-140grs,,,,Fromage blanc à la vanille,Fromage blanc,à la vanille,,,,,74.0,8.0,140.0,g,0.074,,,pièce,-,36.73,TF-IDF_Cosine,True,False,2358
"""FROMAGE LE CASTILLAN 0,175G """,fromage le castillan 0175g,,,,Croustillant fromage au fromage,Croustillant fromage,au fromage,,,,,0.175,0.175,0.175,g,0.000175,,,pièce,-,63.6,TF-IDF_Cosine,True,False,2359
FROMAGE LE NUITON 250G*,fromage le nuiton 250g,,,,Croustillant fromage au fromage,Croustillant fromage,au fromage,,,,,250.0,250.0,250.0,g,0.25,,,pièce,-,51.82,TF-IDF_Cosine,True,False,2360
FROMAGE LE ROCHOIS 220G,fromage le rochois 220g,,,,Croustillant fromage au fromage,Croustillant fromage,au fromage,,,,,220.0,220.0,220.0,g,0.22,,,pièce,-,47.14,TF-IDF_Cosine,True,False,2361
FROMAGE MILBONA 32 TRIANGLES,fromage milbona 32 triangles,,,,Croustillant fromage au fromage,Croustillant fromage,au fromage,,,,,,,,,,,,,-,50.58,LinearSVC,True,False,2362
FROMAGE MOZZARELLA 12 TRANCHES,fromage mozzarella 12 tranches,,,,Mozzarella,Mozzarella,,,,,,,,,,,,,,-,65.64,TF-IDF_Cosine,True,False,2363
FROMAGE MUNSTER 450G METRO,fromage munster 450g metro,,,,Munster,Munster,,,,,,450.0,450.0,450.0,g,0.45,,,pièce,-,82.95,LinearSVC,False,False,2364
FROMAGE ORIGINAL X16 PRESIDENT-250grs,fromage original x16 president-250grs,,,,Fromage à pate pressée,Fromage à pate pressée,,,16,pièce,,250.0,250.0,250.0,g,4.0,,,pièce,-,41.41,TF-IDF_Cosine,True,False,2365
FROMAGE PORTION 16,fromage portion 16,,,,Croustillant fromage au fromage,Croustillant fromage,au fromage,,,,,,,,,,,,,-,51.24,TF-IDF_Cosine,True,False,2366
FROMAGE PORTION 24,fromage portion 24,,,,Croustillant fromage au fromage,Croustillant fromage,au fromage,,,,,,,,,,,,,-,50.78,TF-IDF_Cosine,True,False,2367
FROMAGE PORTION 24 400G,fromage portion 24 400g,,,,Croustillant fromage au fromage,Croustillant fromage,au fromage,,,,,400.0,400.0,400.0,g,0.4,,,pièce,-,46.13,TF-IDF_Cosine,True,False,2368
FROMAGE SOUMAINTRAIN GAUGRY 250G,fromage soumaintrain gaugry 250g,,,,Croustillant fromage au fromage,Croustillant fromage,au fromage,,,,,250.0,250.0,250.0,g,0.25,,,pièce,-,47.21,LinearSVC,True,False,2369
FROMAGE ST MARCELLIN 480G,fromage st marcellin 480g,,,,Saint-Marcellin,Saint-Marcellin,,,,,,480.0,480.0,480.0,g,0.48,,,pièce,-,83.95,LinearSVC,False,False,2370
FROMAGE ST MARCELLIN 2X80G,fromage st marcellin 2x80g,,,,Saint-Marcellin,Saint-Marcellin,,,2,pièce,,80.0,80.0,80.0,g,0.16,,,pièce,-,83.95,LinearSVC,False,False,2371
FROMAGE TARTIFLETTE-CASINO 500GR,fromage tartiflette-casino 500gr,,,,Fromage à tartiflette,Fromage à tartiflette,,,,,,500.0,500.0,500.0,g,0.5,,,pièce,-,73.98,TF-IDF_Cosine,False,False,2372
FROMAGE/COMTE,fromagecomte,,,,Croustillant fromage au fromage,Croustillant fromage,au fromage,,,,,,,,,,,,,-,54.58,TF-IDF_Cosine,True,False,2373
FROMAGE/COMTE,fromagecomte,,,,Croustillant fromage au fromage,Croustillant fromage,au fromage,,,,,,,,,,,,,-,54.58,TF-IDF_Cosine,True,False,2373
FROMAGES,fromages,,,,Pizza 4 fromages,Pizza,4 fromages,,,,,,,,,,,,,-,66.91,TF-IDF_Cosine,True,False,2374
FROMAGES BASIC 24 PORTIONS,fromages basic 24 portions,,,,Pizza 4 fromages,Pizza,4 fromages,,,,,,,,,,,,,-,43.69,TF-IDF_Cosine,True,False,2375
FROMAGES CROQUE-LES CROISES-10 TRANCHES-200grs,fromages croque-les croises-10 tranches-200grs,,,,Croque-monsieur fromage,Croque-monsieur,fromage,,10,pièce,,200.0,200.0,200.0,g,2.0,,,pièce,-,42.17,TF-IDF_Cosine,True,False,2376
FROMAGES TRANCHES PRESIDENT X8 CHEDDAR,fromages tranches president x8 cheddar,,,,Cheddar,Cheddar,,,,,,,,,,,,,,-,71.47,LinearSVC,False,False,2377
FROMANGES CROQUE EMMENTAL 340G,fromanges croque emmental 340g,,,,Emmental,Emmental,,,,,,340.0,340.0,340.0,g,0.34,,,pièce,-,82.7,LinearSVC,False,False,2378
FRUITY POTS FRAISE,fruity pots fraise,,,,Fraise,Fraise,,,,,,15.0,15.0,15.0,g,0.015,,,pièce,-,72.03,LinearSVC,False,False,2379
FUSILLI BLE COMPLET 500G,fusilli ble complet 500g,,,,Torsade Fusilli,Torsade Fusilli,,,,,,500.0,500.0,500.0,g,0.5,,,pièce,-,59.67,LinearSVC,True,False,2380
GACHE TRANCHEE PUR BEURRE 400G LA BOULANGERE,gache tranchee pur beurre 400g la boulangere,,,,Brioche pur beurre,Brioche,pur beurre,,,,,400.0,400.0,400.0,g,0.4,,,pièce,-,44.42,TF-IDF_Cosine,True,False,2381
GACHE TRANCHES BIO 15T 400G,gache tranches bio 15t 400g,,,,Ananas tranche,Ananas,tranche,,,,,400.0,400.0,400.0,g,0.4,Bio,,pièce,-,43.31,TF-IDF_Cosine,True,False,2382
GALETTE BRETONNE 2*125G U,galette bretonne 2125g u,,,,Gâteau galette bretonne,Gâteau galette bretonne,,,2,pièce,,125.0,125.0,125.0,g,0.25,,,pièce,-,81.64,LinearSVC,False,False,2383
GALETTE EXTRA FINE BJORG*130G,galette extra fine bjorg130g,,,,Haricot vert extra fin,Haricot vert,extra fin,,130,pièce,,130.0,130.0,130.0,g,16.900000000000002,,,pièce,-,48.83,TF-IDF_Cosine,True,False,2384
GALETTE GARNIE 195G,galette garnie 195g,,,,Choucroute garnie,Choucroute,garnie,,,,,195.0,195.0,195.0,g,0.195,,,pièce,-,51.43,TF-IDF_Cosine,True,False,2385
GALETTES BRETONNES PAQUET 125 GR,galettes bretonnes paquet 125 gr,,,,Gâteau galette bretonne,Gâteau galette bretonne,,,,,,125.0,125.0,125.0,g,0.125,,,pièce,-,62.17,TF-IDF_Cosine,True,False,2386
GALETTES EPINARD/FROMAGE 400G,galettes epinardfromage 400g,,,,Epinard branche,Epinard,branche,,,,,400.0,400.0,400.0,g,0.4,,,pièce,-,44.79,TF-IDF_Cosine,True,False,2387
GALETTES VEGE TOMATES 400G,galettes vege tomates 400g,,,,Purée de tomates,Purée,de tomates,,,,,400.0,400.0,400.0,g,0.4,,,pièce,-,48.41,TF-IDF_Cosine,True,False,2388
GASPACHO TOMATE CONCOMBRE L'atelier du lycée 750ml,gaspacho tomate concombre latelier du lycée 750ml,,,,Concombre,Concombre,,,,,,750.0,750.0,750.0,ml,0.75,,,pièce,-,79.11,LinearSVC,False,False,2389
GATEAU DE RIZ AUX ROULEAUX D'ALGUES 300G,gateau de riz aux rouleaux dalgues 300g,,,,Gâteau de riz,Gâteau de riz,,,,,,300.0,300.0,300.0,g,0.3,,,pièce,-,37.39,TF-IDF_Cosine,True,False,2390
GATEAU MARBRE 300G-AUCHAN,gateau marbre 300g-auchan,,,,Gâteau marbré,Gâteau marbré,,,,,,300.0,300.0,300.0,g,0.3,,,pièce,-,44.93,TF-IDF_Cosine,True,False,2391
GATEAU MARBRE CHOCOLAT 500G U,gateau marbre chocolat 500g u,,,,Gâteau au chocolat,Gâteau au chocolat,,,,,,500.0,500.0,500.0,g,0.5,,,pièce,-,68.18,LinearSVC,True,False,2392
GATEAU NATURE 800G U,gateau nature 800g u,,,,Choux nature,Choux nature,,,,,,800.0,800.0,800.0,g,0.8,,,pièce,-,47.44,TF-IDF_Cosine,True,False,2393
GATEAU SEMOULE AUX RAISINS 4P* 400G,gateau semoule aux raisins 4p 400g,,,,Pain aux raisins,Pain aux raisins,,,400,pièce,,400.0,400.0,400.0,g,160.0,,,pièce,-,62.52,LinearSVC,True,False,2394
GAUFRE LIEGOISE MI CHOCO 600G,gaufre liegoise mi choco 600g,,,,Gaufrette,Gaufrette,,,,,,600.0,600.0,600.0,g,0.6,,,pièce,-,49.57,TF-IDF_Cosine,True,False,2395
GELEE DE GROSEILLES-440gr-BERGER,gelee de groseilles-440gr-berger,,,,Gelée de groseille,Gelée,de groseille,,,,,440.0,440.0,440.0,g,0.44,,,pièce,-,63.63,TF-IDF_Cosine,True,False,2396
GELEE GROSEILLES 230grs,gelee groseilles 230grs,,,,Groseille,Groseille,,,,,,230.0,230.0,230.0,g,0.23,,,pièce,-,72.76,TF-IDF_Cosine,False,False,2397
GENOISE CERISE *12B 150G U,genoise cerise 12b 150g u,,,,Cerise,Cerise,,,12,pièce,,150.0,150.0,150.0,g,1.7999999999999998,,,pièce,-,69.46,LinearSVC,True,False,2398
GENOISE CERISE *12B 150G U,genoise cerise 12b 150g u,,,,Cerise,Cerise,,,12,pièce,,150.0,150.0,150.0,g,1.7999999999999998,,,pièce,-,69.46,LinearSVC,True,False,2398
GENOISE FRAMBOISE *12B 150G U,genoise framboise 12b 150g u,,,,Framboise,Framboise,,,12,pièce,,150.0,150.0,150.0,g,1.7999999999999998,,,pièce,-,75.74,LinearSVC,False,False,2399
GENOISE FRAMBOISE 150G-AUCHAN,genoise framboise 150g-auchan,,,,Framboise,Framboise,,,,,,150.0,150.0,150.0,g,0.15,,,pièce,-,68.68,TF-IDF_Cosine,True,False,2400
GENOISE ORANGE *12B 150G U,genoise orange 12b 150g u,,,,Orange,Orange,,,12,pièce,,150.0,150.0,150.0,g,1.7999999999999998,,,pièce,-,65.65,LinearSVC,True,False,2401
GENOISE ORANGE 150G-POUCE,genoise orange 150g-pouce,,,,Orange,Orange,,,,,,150.0,150.0,150.0,g,0.15,,,pièce,-,65.65,LinearSVC,True,False,2402
GERBLE SANS SUCRES CACAO 185G,gerble sans sucres cacao 185g,,,,Cacao non sucré en poudre,Cacao,non sucré en poudre,,,,,185.0,185.0,185.0,g,0.185,,,pièce,-,45.37,TF-IDF_Cosine,True,False,2403
GERBLE SESAME 172G,gerble sesame 172g,,,,Sésame,Sésame,,,,,,172.0,172.0,172.0,g,0.172,,,pièce,-,46.61,LinearSVC,True,False,2404
GLACE BUENO WHITE 62G,glace bueno white 62g,,,,Glace,Glace,,,,,,62.0,62.0,62.0,g,0.062,,,pièce,-,78.53,LinearSVC,False,False,2405
GLACE FERRERO ROCHER 300G,glace ferrero rocher 300g,,,,Glace,Glace,,,,,,300.0,300.0,300.0,g,0.3,,,pièce,-,73.29,LinearSVC,False,False,2406
GLACE SAUCE CAFE AUCHAN 500G,glace sauce cafe auchan 500g,,,,Glace,Glace,,,,,,500.0,500.0,500.0,g,0.5,,,pièce,-,70.93,LinearSVC,False,False,2407
GLACE VANILLE 500G,glace vanille 500g,,,,Glace vanille,Glace,vanille,,,,,500.0,500.0,500.0,g,0.5,,,pièce,-,89.76,TF-IDF_Cosine,False,False,2408
GLAGE RHUM RAISINS AUCHAN 528G,glage rhum raisins auchan 528g,,,,Rhum,Rhum,,,,,,528.0,528.0,528.0,g,0.528,,,pièce,-,76.52,LinearSVC,False,False,2409
GOUDA BIO,gouda bio,,,,Gouda,Gouda,,,,,,,,,,,Bio,,,-,85.87,LinearSVC,False,False,2410
GOUDA EN TRANCHES 200G X10,gouda en tranches 200g x10,,,,Gouda,Gouda,,,10,pièce,,200.0,200.0,200.0,g,2.0,,,pièce,-,78.03,LinearSVC,False,False,2411
GOUDA EN TRANCHES PRESIDENT 8T 150G,gouda en tranches president 8t 150g,,,,Gouda,Gouda,,,,,,150.0,150.0,150.0,g,0.15,,,pièce,-,81.3,LinearSVC,False,False,2412
GOURDE PETIT FILOU FRAISE,gourde petit filou fraise,,,,Fraise,Fraise,,,,,,15.0,15.0,15.0,g,0.015,,,pièce,-,46.38,TF-IDF_Cosine,True,False,2413
GOURDES POMMES SSA 12X90G,gourdes pommes ssa 12x90g,,,,Pommes frites,Pommes frites,,,12,pièce,,90.0,90.0,90.0,g,1.08,,,pièce,-,38.95,TF-IDF_Cosine,True,False,2414
GOUTERS FOURRES CHOCOLAT 300GX3,gouters fourres chocolat 300gx3,,,,Chocolat au lait fourré,Chocolat au lait,fourré,,3,pièce,,300.0,300.0,300.0,g,0.8999999999999999,,,pièce,-,51.39,TF-IDF_Cosine,True,False,2415
GOUTERS FOURRES RONDS CHOCO 300G-AUCHAN,gouters fourres ronds choco 300g-auchan,,,,pois gourmands,pois gourmands,,,,,,300.0,300.0,300.0,g,0.3,,,pièce,-,31.52,TF-IDF_Cosine,True,False,2416
GOUTERS FOURRES RONDS VANILLE 300G-AUCHAN,gouters fourres ronds vanille 300g-auchan,,,,Vanille gousse,Vanille,gousse,,,,,300.0,300.0,300.0,g,0.3,,,pièce,-,39.29,TF-IDF_Cosine,True,False,2417
GOUTERS ROND VANILLE 300G U,gouters rond vanille 300g u,,,,Vanille gousse,Vanille,gousse,,,,,300.0,300.0,300.0,g,0.3,,,pièce,-,50.23,TF-IDF_Cosine,True,False,2418
GOUTERS SECS *25 350G-POUCE,gouters secs 25 350g-pouce,,,,Produit non trouvé,Produit non trouvé,,,25,pièce,,350.0,350.0,350.0,g,8.75,,,pièce,,24.38,LinearSVC,True,False,2419
GRAND ASSORTIMENT LAIT *407G,grand assortiment lait 407g,,,,Compote assortiments,Compote,assortiments,,407,pièce,,407.0,407.0,407.0,g,165.649,,,pièce,-,75.55,LinearSVC,False,False,2420
GRAND ASSORTIMENT NOIR REVILLON *420G,grand assortiment noir revillon 420g,,,,Compote assortiments,Compote,assortiments,,420,pièce,,420.0,420.0,420.0,g,176.4,,,pièce,-,74.87,LinearSVC,False,False,2421
GRAND MIE *14 550G,grand mie 14 550g,,,,Grand Marnier,Grand Marnier,,,14,pièce,,550.0,550.0,550.0,g,7.700000000000001,,,pièce,-,43.17,TF-IDF_Cosine,True,False,2422
GRANDS FILOU 600G,grands filou 600g,,,,pois gourmands,pois gourmands,,,,,,600.0,600.0,600.0,g,0.6,,,pièce,-,34.87,TF-IDF_Cosine,True,False,2423
GRATIN DAUPHINOIS 425G,gratin dauphinois 425g,,,,Gratin dauphinois,Gratin,dauphinois,,,,,425.0,425.0,425.0,g,0.425,,,pièce,-,97.38,TF-IDF_Cosine,False,False,2424
GRATIN DAUPHINOIS 750G-Producteurs Commercants,gratin dauphinois 750g-producteurs commercants,,,,Gratin dauphinois,Gratin,dauphinois,,,,,750.0,750.0,750.0,g,0.75,,,pièce,-,86.03,LinearSVC,False,False,2425
GROS SEL DE GUERANDE,gros sel de guerande,,,,Sel blanc gros,Sel blanc gros,,,,,,,,,,,,,,-,84.27,LinearSVC,False,False,2426
GROSSE BAGUETTE,grosse baguette,,,,Baguette,Baguette,,,,,,,,,,,,,,-,85.47,LinearSVC,False,False,2427
"""GROSSE BAGUETTE 0,20€""",grosse baguette 020,,,,Baguette,Baguette,,,,,,,,,,,,,,-,85.47,LinearSVC,False,False,2428
"""GROSSE BAGUETTE 0,20€ """,grosse baguette 020,,,,Baguette,Baguette,,,,,,,,,,,,,,-,85.47,LinearSVC,False,False,2429
"""GROSSE BOULE 0,20€""",grosse boule 020,,,,Groseille,Groseille,,,,,,13.0,13.0,13.0,g,0.013,,,pièce,-,33.83,TF-IDF_Cosine,True,False,2430
"""GROSSE BOULE 0,20€ """,grosse boule 020,,,,Groseille,Groseille,,,,,,13.0,13.0,13.0,g,0.013,,,pièce,-,33.83,TF-IDF_Cosine,True,False,2431
HACHIS PARMENTIER 300G,hachis parmentier 300g,,,,Hachis parmentier à la viande,Hachis parmentier à la viande,,,,,,300.0,300.0,300.0,g,0.3,,,pièce,-,79.07,TF-IDF_Cosine,False,False,2432
HARICOT BLANC SCE TOMATE 400grs-AUCHAN,haricot blanc sce tomate 400grs-auchan,,,,Haricot blanc,Haricot blanc,,,,,,400.0,400.0,400.0,g,0.4,,,pièce,-,86.7,LinearSVC,False,False,2433
HARICOT ROUGE BIO LOCAL 500G,haricot rouge bio local 500g,,,,Haricot rouge,Haricot rouge,,,,,,500.0,500.0,500.0,g,0.5,Bio,,pièce,-,83.9,LinearSVC,False,False,2434
HARICOT ROUGE BIO LOCAL 500G,haricot rouge bio local 500g,,,,Haricot rouge,Haricot rouge,,,,,,500.0,500.0,500.0,g,0.5,Bio,,pièce,-,83.9,LinearSVC,False,False,2434
HARICOTS BLANCS CANELLINI,haricots blancs canellini,,,,Haricots blancs à la sauce tomate,Haricots blancs,à la sauce tomate,,,,,,,,,,,,,-,83.06,LinearSVC,False,False,2435
HARICOTS BLANCS CANNELLINI 400G,haricots blancs cannellini 400g,,,,Haricots blancs à la sauce tomate,Haricots blancs,à la sauce tomate,,,,,400.0,400.0,400.0,g,0.4,,,pièce,-,78.32,LinearSVC,False,False,2436
HARICOTS BLANCS CNES 380 grs MOCITOS,haricots blancs cnes 380 grs mocitos,,,,Haricots blancs à la sauce tomate,Haricots blancs,à la sauce tomate,,,,,380.0,380.0,380.0,g,0.38,,,pièce,-,83.37,LinearSVC,False,False,2437
HARICOTS BLANCS CUISINES-CNES 400 grs,haricots blancs cuisines-cnes 400 grs,,,,Haricots blancs à la sauce tomate,Haricots blancs,à la sauce tomate,,,,,400.0,400.0,400.0,g,0.4,,,pièce,-,81.23,LinearSVC,False,False,2438
HARICOTS BLANCS LOT DE 3 BOITES 200G,haricots blancs lot de 3 boites 200g,,,,Haricots blancs à la sauce tomate,Haricots blancs,à la sauce tomate,,,,,200.0,200.0,200.0,g,0.2,,,pièce,-,83.59,LinearSVC,False,False,2439
HARICOTS BLANCS U BTE 1/2,haricots blancs u bte 12,,,,Haricots blancs à la sauce tomate,Haricots blancs,à la sauce tomate,,,,,,,,,,,,,-,81.17,LinearSVC,False,False,2440
HARICOTS COCO BLANC BIO LOCAL 500G,haricots coco blanc bio local 500g,,,,Haricot coco,Haricot coco,,,,,,500.0,500.0,500.0,g,0.5,Bio,,pièce,-,60.95,TF-IDF_Cosine,True,False,2441
HARICOTS COCO BLANC BIO LOCAL 500G,haricots coco blanc bio local 500g,,,,Haricot coco,Haricot coco,,,,,,500.0,500.0,500.0,g,0.5,Bio,,pièce,-,60.95,TF-IDF_Cosine,True,False,2441
HARICOTS ROUGES 1/2,haricots rouges 12,,,,Haricot rouge,Haricot rouge,,,,,,,,,,,,,,-,85.46,LinearSVC,False,False,2442
HARICOTS ROUGES 250G AUCHAN,haricots rouges 250g auchan,,,,Haricot rouge,Haricot rouge,,,,,,250.0,250.0,250.0,g,0.25,,,pièce,-,85.98,LinearSVC,False,False,2443
HARICOTS ROUGES AUCHAN 500G,haricots rouges auchan 500g,,,,Haricot rouge,Haricot rouge,,,,,,500.0,500.0,500.0,g,0.5,,,pièce,-,85.95,LinearSVC,False,False,2444
HARICOTS VERT EX FIN 1 KG-AUCHAN,haricots vert ex fin 1 kg-auchan,,,,Haricots verts,Haricots verts,,,1.0,Kg,,1.0,1.0,1.0,Kg,1.0,,,Kg,-,62.76,TF-IDF_Cosine,True,False,2445
HARICOTS VERT EXTRA-FINS U 1/2,haricots vert extra-fins u 12,,,,Haricot vert extra fin,Haricot vert,extra fin,,,,,200.0,200.0,200.0,g,0.2,,,pièce,-,83.53,LinearSVC,False,False,2446
HARICOTS VERTS MAINGOURD 800grs CNES,haricots verts maingourd 800grs cnes,,,,Haricots verts,Haricots verts,,,,,,800.0,800.0,800.0,g,0.8,,,pièce,-,83.46,LinearSVC,False,False,2447
HARICOTS VERTS TRES FINS-1kg-U,haricots verts tres fins-1kg-u,,,,Haricots verts,Haricots verts,,,1.0,Kg,,1.0,1.0,1.0,Kg,1.0,,,Kg,-,86.32,LinearSVC,False,False,2448
HARISSA 135G EL MANAR,harissa 135g el manar,,,,Raz el hanout,Raz el hanout,,,,,,135.0,135.0,135.0,g,0.135,,,pièce,-,74.12,LinearSVC,False,False,2449
HARISSA 135G EL MANAR,harissa 135g el manar,,,,Raz el hanout,Raz el hanout,,,,,,135.0,135.0,135.0,g,0.135,,,pièce,-,74.12,LinearSVC,False,False,2449
HARISSA TUNISIE 135G,harissa tunisie 135g,,,,Harissa,Harissa,,,,,Tunisie,135.0,135.0,135.0,g,0.135,,,pièce,-,72.95,TF-IDF_Cosine,False,False,2450
HERBES DE PROVENCE U FC 16G,herbes de provence u fc 16g,,,,Herbes de provence séché,Herbes de provence,séché,,,,,16.0,16.0,16.0,g,0.016,,,pièce,-,86.61,LinearSVC,False,False,2451
HERBES POUR MOULE 13G,herbes pour moule 13g,,,,Moule,Moule,,,,,,13.0,13.0,13.0,g,0.013,,,pièce,-,67.16,LinearSVC,True,False,2452
HERTA 4 KNACKI 140G,herta 4 knacki 140g,,,,Knack,Knack,,,4.0,Kg,,140.0,140.0,140.0,g,4.0,,,pièce,-,59.71,TF-IDF_Cosine,True,False,2453
HIPRO 45G DANONE,hipro 45g danone,,,,Anone,Anone,,,,,,45.0,45.0,45.0,g,0.045,,,pièce,-,71.36,LinearSVC,False,False,2454
HOUMOUS EXTRA 175G LATELIER BLINI,houmous extra 175g latelier blini,,,,Houmous,Houmous,,,,,,175.0,175.0,175.0,g,0.175,,,pièce,-,84.7,LinearSVC,False,False,2455
HUILE ARACHIDE 1L-GID,huile arachide 1l-gid,,,,Huile arachide,Huile,arachide,,1.0,L,,1.0,1.0,1.0,L,1.0,,,L,-,92.54,TF-IDF_Cosine,False,False,2456
HUILE COLLECTE,huile collecte,,,,Huile,Huile,,,,,,,,,,,,,,-,66.74,TF-IDF_Cosine,True,False,2457
HUILE COLZA 1L-GID,huile colza 1l-gid,,,,Huile colza,Huile,colza,,1.0,L,,1.0,1.0,1.0,L,1.0,,,L,-,82.12,LinearSVC,False,False,2458
HUILE COLZA BIO-GID-1L,huile colza bio-gid-1l,,,,Huile colza,Huile,colza,,1.0,L,,1.0,1.0,1.0,L,1.0,Bio,,L,-,78.11,LinearSVC,False,False,2459
HUILE CUISINOR 1L-GID,huile cuisinor 1l-gid,,,,Huile,Huile,,,1.0,L,,1.0,1.0,1.0,L,1.0,,,L,-,54.66,TF-IDF_Cosine,True,False,2460
HUILE D'OLIVE EXTRA-VIERGE-CNES 1L,huile dolive extra-vierge-cnes 1l,,,,Huile d'olive vierge extra,Huile,d'olive vierge extra,,1.0,L,,1.0,1.0,1.0,L,1.0,,,L,-,88.21,LinearSVC,False,False,2461
HUILE D'OLIVE PXM 1L,huile dolive pxm 1l,,,,Huile d'olive,Huile,d'olive,,1.0,L,,1.0,1.0,1.0,L,1.0,,,L,-,86.42,LinearSVC,False,False,2462
HUILE DE COLZA U 1L,huile de colza u 1l,,,,Huile de colza,Huile,de colza,,1.0,L,,1.0,1.0,1.0,L,1.0,,,L,-,86.05,LinearSVC,False,False,2463
HUILE DE FRITURE U 1L,huile de friture u 1l,,,,Huile friture,Huile,friture,,1.0,L,,1.0,1.0,1.0,L,1.0,,,L,-,75.07,LinearSVC,False,False,2464
HUILE DE TOURNESOL U 1L,huile de tournesol u 1l,,,,Huile de tournesol,Huile,de tournesol,,1.0,L,,1.0,1.0,1.0,L,1.0,,,L,-,96.07,TF-IDF_Cosine,False,False,2465
HUILE DE TOURNSEOL PXM 1L,huile de tournseol pxm 1l,,,,Huile de tournesol,Huile,de tournesol,,1.0,L,,1.0,1.0,1.0,L,1.0,,,L,-,69.49,TF-IDF_Cosine,True,False,2466
HUILE OLIVE BIO-GID-1L,huile olive bio-gid-1l,,,,Huile d'olive,Huile,d'olive,,1.0,L,,1.0,1.0,1.0,L,1.0,Bio,,L,-,79.75,TF-IDF_Cosine,False,False,2467
HUILE OLIVE VIERGE 1L-GID,huile olive vierge 1l-gid,,,,Huile d'olive vierge extra,Huile,d'olive vierge extra,,1.0,L,,1.0,1.0,1.0,L,1.0,,,L,-,86.09,LinearSVC,False,False,2468
HUILE OLIVE VIERGE EXTRA 1L-AUCHAN,huile olive vierge extra 1l-auchan,,,,Huile d'olive vierge extra,Huile,d'olive vierge extra,,1.0,L,,1.0,1.0,1.0,L,1.0,,,L,-,87.68,LinearSVC,False,False,2469
HUILE OLIVE VIERGE EXTRA BIO 75 CL,huile olive vierge extra bio 75 cl,,,,Huile d'olive vierge extra,Huile,d'olive vierge extra,,,,,750.0,750.0,750.0,ml,0.75,Bio,,pièce,-,86.16,LinearSVC,False,False,2470
HUILE TOURNESOL 1L-GID,huile tournesol 1l-gid,,,,Huile de tournesol,Huile,de tournesol,,1.0,L,,1.0,1.0,1.0,L,1.0,,,L,-,86.62,LinearSVC,False,False,2471
HUMER GOMMES GORGE SENSIBLE X30 GOMMES,humer gommes gorge sensible x30 gommes,,,,Gomasio,Gomasio,,,30,pièce,,30.0,30.0,30.0,g,0.8999999999999999,,,pièce,-,31.33,TF-IDF_Cosine,True,False,2472
HUMER PASTILLES GORGE MIEL,humer pastilles gorge miel,,,,Miel,Miel,,,,,,,,,,,,,,-,89.19,LinearSVC,False,False,2473
ICE TEA CARREFOUR 2L,ice tea carrefour 2l,,,,Carrelet,Carrelet,,,2.0,L,,2.0,2.0,2.0,L,2.0,,,L,-,32.45,TF-IDF_Cosine,True,False,2474
"""ICE TEA ROOIBOS BIO LEMON 0,25CL""",ice tea rooibos bio lemon 025cl,,,,Thé noir infusé,Thé,noir infusé,,,,,2.5,2.5,2.5,ml,0.0025,Bio,,pièce,-,29.53,LinearSVC,True,False,2475
INFUSION FRUITS ROUGES 38G-AUCHAN,infusion fruits rouges 38g-auchan,,,,Fruits rouges,Fruits rouges,,,,,,38.0,38.0,38.0,g,0.038,,,pièce,-,77.88,LinearSVC,False,False,2476
"""INFUSION THE NOIR/ CITRON 0,50CL """,infusion the noir citron 050cl,,,,Citron,Citron,,,,,,5.0,5.0,5.0,ml,0.005,,,pièce,-,70.82,LinearSVC,False,False,2477
INFUSION VERVEINE MENTHE X25 S U,infusion verveine menthe x25 s u,,,,Verveine,Verveine,,,,,,100.0,100.0,100.0,g,0.1,,,pièce,-,71.17,LinearSVC,False,False,2478
INFUSION VERVEINE MENTHE X25 S U,infusion verveine menthe x25 s u,,,,Verveine,Verveine,,,,,,100.0,100.0,100.0,g,0.1,,,pièce,-,71.17,LinearSVC,False,False,2478
INFUSION VERVEINE X25 35G,infusion verveine x25 35g,,,,Verveine,Verveine,,,25,pièce,,35.0,35.0,35.0,g,0.8750000000000001,,,pièce,-,81.19,LinearSVC,False,False,2479
ISEY SKYR *2 300G FRAISE,isey skyr 2 300g fraise,,,,Skyr,,,,2,pièce,,300.0,300.0,300.0,g,0.6,,,pièce,,75.63,LinearSVC,False,False,2480
ISEY SKYR *2 300G MANGUE,isey skyr 2 300g mangue,,,,Skyr,,,,2,pièce,,300.0,300.0,300.0,g,0.6,,,pièce,,63.26,TF-IDF_Cosine,True,False,2481
ISEY SKYR *2 300G STRACCIATELLA,isey skyr 2 300g stracciatella,,,,Skyr,,,,2,pièce,,300.0,300.0,300.0,g,0.6,,,pièce,,81.74,LinearSVC,False,False,2482
ISEY SKYR 0% 400G,isey skyr 0 400g,,,,Skyr,,,,,,,400.0,400.0,400.0,g,0.4,,,pièce,,83.52,LinearSVC,False,False,2483
JAMBON *4 T 120G,jambon 4 t 120g,,,,Jambon sec,Jambon,sec,,4,pièce,,120.0,120.0,120.0,g,0.48,,,pièce,-,56.74,TF-IDF_Cosine,True,False,2484
JAMBON CUIT X20 TRANCHES,jambon cuit x20 tranches,,,,Jambon cuit,Jambon,cuit,,,,,,,,,,,,Kg,-,76.87,LinearSVC,False,False,2485
"""JAMBON DD SUP 4Tr, 200gr POUCE""",jambon dd sup 4tr 200gr pouce,,,,Jambon sec,Jambon,sec,,,,,200.0,200.0,200.0,g,0.2,,,pièce,-,58.63,LinearSVC,True,False,2486
JAMBON PARIS-4Tr-160gr-U,jambon paris-4tr-160gr-u,,,,Jambon cuit de paris,Jambon,cuit de paris,,,,,160.0,160.0,160.0,g,0.16,,,pièce,-,66.26,LinearSVC,True,False,2487
JULIENNE DE LEGUME 1KG AUCHAN,julienne de legume 1kg auchan,,,,Julienne de légumes,Julienne de légumes,,,1.0,Kg,,1.0,1.0,1.0,Kg,1.0,,,Kg,-,81.24,LinearSVC,False,False,2488
JULIENNE DE LEGUMES U 600G,julienne de legumes u 600g,,,,Julienne de légumes,Julienne de légumes,,,,,,600.0,600.0,600.0,g,0.6,,,pièce,-,77.68,LinearSVC,False,False,2489
JULIENNE DE LEGUMES U 600G,julienne de legumes u 600g,,,,Julienne de légumes,Julienne de légumes,,,,,,600.0,600.0,600.0,g,0.6,,,pièce,-,77.68,LinearSVC,False,False,2489
JUS CLEMENTINES 1L,jus clementines 1l,,,,Jus de clémentine,Jus,de clémentine,,1.0,L,,1.0,1.0,1.0,L,1.0,,,L,-,58.68,TF-IDF_Cosine,True,False,2490
JUS D ORANGE PRESSEE 1L,jus d orange pressee 1l,,,,Jus d'orange,Jus,d'orange,,1.0,L,,1.0,1.0,1.0,L,1.0,,,L,-,85.88,LinearSVC,False,False,2491
JUS DE CLEMENTINES PRESSEES 100% PUR JUS 750ML,jus de clementines pressees 100 pur jus 750ml,,,,Jus de clémentine,Jus,de clémentine,,,,,750.0,750.0,750.0,ml,0.75,,,pièce,-,49.97,TF-IDF_Cosine,True,False,2492
JUS DE CLEMENTINES PRESSEES 100% PUR JUS 750ML,jus de clementines pressees 100 pur jus 750ml,,,,Jus de clémentine,Jus,de clémentine,,,,,750.0,750.0,750.0,ml,0.75,,,pièce,-,49.97,TF-IDF_Cosine,True,False,2492
JUS DE POMELOS 1L,jus de pomelos 1l,,,,Pomelo,Pomelo,,,1.0,L,,1.0,1.0,1.0,L,1.0,,,L,-,59.49,TF-IDF_Cosine,True,False,2493
JUS DE POMMES POUCE 1L,jus de pommes pouce 1l,,,,Jus de pomme,Jus,de pomme,,1.0,L,,1.0,1.0,1.0,L,1.0,,,L,-,74.88,LinearSVC,False,False,2494
JUS DE RAISIN SAXO 25CL,jus de raisin saxo 25cl,,,,Jus de raisin,Jus,de raisin,,,,,250.0,250.0,250.0,ml,0.25,,,pièce,-,87.26,LinearSVC,False,False,2495
JUS DE RAISIN SAXO 25CL,jus de raisin saxo 25cl,,,,Jus de raisin,Jus,de raisin,,,,,250.0,250.0,250.0,ml,0.25,,,pièce,-,87.26,LinearSVC,False,False,2495
"""JUS DE TOMATE SALE 1,9G/L""",jus de tomate sale 19gl,,,,Jus de tomate,Jus,de tomate,,,,,1.9,1.9,1.9,g,0.0019,,,pièce,-,84.54,LinearSVC,False,False,2496
JUS INNOCENT * 8 ANTIOXYDANT GREEN,jus innocent 8 antioxydant green,,,,Jus multifruit,Jus,multifruit,,,,,,,,,,,,,-,50.0,LinearSVC,True,False,2497
JUS MULTIFRUITS BRIQUE 1L-AUCHAN,jus multifruits brique 1l-auchan,,,,Jus multifruit,Jus,multifruit,,1.0,L,,1.0,1.0,1.0,L,1.0,,,L,-,72.07,TF-IDF_Cosine,False,False,2498
JUS MULTIFRUITS BRIQUE ABC 1L-AUCHAN,jus multifruits brique abc 1l-auchan,,,,Jus multifruit,Jus,multifruit,,1.0,L,,1.0,1.0,1.0,L,1.0,,,L,-,77.58,LinearSVC,False,False,2499
JUS ORANGES PRESSEES 1L,jus oranges pressees 1l,,,,Jus d'orange,Jus,d'orange,,1.0,L,,1.0,1.0,1.0,L,1.0,,,L,-,56.87,TF-IDF_Cosine,True,False,2500
KELLOGGS 8 VARIETY PACKS *220G,kelloggs 8 variety packs 220g,,,,Valençay,Valençay,,,220,pièce,,220.0,220.0,220.0,g,48.4,,,pièce,-,32.11,LinearSVC,True,False,2501
KELLOGGS COCO POPS *550G,kelloggs coco pops 550g,,,,Eau de coco,Eau de coco,,,550,pièce,,550.0,550.0,550.0,g,302.5,,,pièce,-,37.07,TF-IDF_Cosine,True,False,2502
KETCHUP POUCE 560G,ketchup pouce 560g,,,,Ketchup,Ketchup,,,,,,560.0,560.0,560.0,g,0.56,,,pièce,-,89.7,LinearSVC,False,False,2503
KETCHUP NATURE 340G U,ketchup nature 340g u,,,,Ketchup,Ketchup,,,,,,340.0,340.0,340.0,g,0.34,,,pièce,-,84.97,LinearSVC,False,False,2504
KETCHUP NATURE 340G U,ketchup nature 340g u,,,,Ketchup,Ketchup,,,,,,340.0,340.0,340.0,g,0.34,,,pièce,-,84.97,LinearSVC,False,False,2504
KETCHUP-PRIX MINI-560gr-U,ketchup-prix mini-560gr-u,,,,Ketchup,Ketchup,,,,,,560.0,560.0,560.0,g,0.56,,,pièce,-,82.92,LinearSVC,False,False,2505
KINDER CARDS 128G 5*2,kinder cards 128g 52,,,,Produit non trouvé,Produit non trouvé,,,5,pièce,,128.0,128.0,128.0,g,0.64,,,pièce,,22.81,TF-IDF_Cosine,True,False,2506
KINDER SCHOCO BONS 350G,kinder schoco bons 350g,,,,Produit non trouvé,Produit non trouvé,,,,,,350.0,350.0,350.0,g,0.35,,,pièce,,21.8,TF-IDF_Cosine,True,False,2507
KINDERINI 250G,kinderini 250g,,,,Blini,Blini,,,,,,250.0,250.0,250.0,g,0.25,,,pièce,-,32.46,TF-IDF_Cosine,True,False,2508
"""KNACKS VOL,*10 350gr-POUCE""",knacks vol10 350gr-pouce,,,,Knack,Knack,,,10,pièce,,350.0,350.0,350.0,g,3.5,,,pièce,-,57.37,TF-IDF_Cosine,True,False,2509
KNACKS*10-350gr-U,knacks10-350gr-u,,,,Knack,Knack,,,10,pièce,,180.0,10.0,350.0,g,1.7999999999999998,,,pièce,-,75.86,TF-IDF_Cosine,False,False,2510
L AMI DU CHAMBERTIN 200G,l ami du chambertin 200g,,,,Camembert 20% mg,Camembert,20% mg,,,,,200.0,200.0,200.0,g,0.2,,,pièce,-,37.22,TF-IDF_Cosine,True,False,2511
L'OEUF BLANC ET SES PETITS OEUFS 250G,loeuf blanc et ses petits oeufs 250g,,,,Oeuf,Oeuf,,,,,,250.0,250.0,250.0,g,0.25,,,pièce,-,50.39,TF-IDF_Cosine,True,False,2512
LA BONNE VACHE 24 PORTIONS 400G,la bonne vache 24 portions 400g,,,,tome de vache,tome de vache,,,,,,400.0,400.0,400.0,g,0.4,,,pièce,-,36.36,TF-IDF_Cosine,True,False,2513
LA POMME PRESSEE TROPICANA 25CL,la pomme pressee tropicana 25cl,,,,Sole tropicale,Sole,tropicale,,,,,250.0,250.0,250.0,ml,0.25,,,pièce,-,44.11,TF-IDF_Cosine,True,False,2514
LA VACHE QUI RIT SAVEUR JAMBON,la vache qui rit saveur jambon,,,,Jambon cuit,Jambon,cuit,,,,,,,,,,,,Kg,-,41.47,TF-IDF_Cosine,True,False,2515
LAIT BEBE,lait bebe,,,,Pain au lait,Pain au lait,,,,,,,,,,,,,,-,42.41,TF-IDF_Cosine,True,False,2516
LAIT BIO DEMI ECREME-1L-CNESS,lait bio demi ecreme-1l-cness,,,,Lait écremé uht,Lait écremé,uht,,1.0,L,,1.0,1.0,1.0,L,1.0,Bio,,L,-,40.12,LinearSVC,True,False,2517
LAIT COCO-200ml-U,lait coco-200ml-u,,,,Lait de coco,Lait de coco,,,,,,200.0,200.0,200.0,ml,0.2,,,pièce,-,75.49,LinearSVC,False,False,2518
LAIT CROISSANCE CANDIA 250ML,lait croissance candia 250ml,,,,Croissant,Croissant,,,,,,250.0,250.0,250.0,ml,0.25,,,pièce,-,53.17,TF-IDF_Cosine,True,False,2519
LAIT CROISSANCE LACTEL 1L,lait croissance lactel 1l,,,,Croissant,Croissant,,,1.0,L,,1.0,1.0,1.0,L,1.0,,,L,-,51.03,TF-IDF_Cosine,True,False,2520
LAIT CROISSANCE NOVALAC 1 A 3 ANS,lait croissance novalac 1 a 3 ans,,,,Croissant,Croissant,,,,,,,,,,,,,,-,48.71,TF-IDF_Cosine,True,False,2521
LAIT DE BREBIS 250G *2,lait de brebis 250g 2,,,,Lait de brebis entier,Lait de brebis,entier,,2,pièce,,250.0,250.0,250.0,g,0.5,,,pièce,-,68.06,TF-IDF_Cosine,True,False,2522
LAIT DE COCO 200ML REAL THAY,lait de coco 200ml real thay,,,,Lait de coco,Lait de coco,,,,,,200.0,200.0,200.0,ml,0.2,,,pièce,-,80.43,LinearSVC,False,False,2523
LAIT DE COCO 200ML THAI EXPERT,lait de coco 200ml thai expert,,,,Lait de coco,Lait de coco,,,,,,200.0,200.0,200.0,ml,0.2,,,pièce,-,82.92,LinearSVC,False,False,2524
LAIT DE COCO 200ML THAI EXPERT,lait de coco 200ml thai expert,,,,Lait de coco,Lait de coco,,,,,,200.0,200.0,200.0,ml,0.2,,,pièce,-,82.92,LinearSVC,False,False,2524
LAIT DE COCO UHT 200ML,lait de coco uht 200ml,,,,Lait de coco,Lait de coco,,,,,,200.0,200.0,200.0,ml,0.2,,,pièce,-,78.88,LinearSVC,False,False,2525
LAIT DEMI ECREME CNESS,lait demi ecreme cness,,,,Lait demi-écrémé,Lait demi-écrémé,,,,,,,,,,,,,,-,38.6,LinearSVC,True,False,2526
LAIT DEMI ECREME LE LAIT D'ICI 1L,lait demi ecreme le lait dici 1l,,,,Lait de coco,Lait de coco,,,1.0,L,,1.0,1.0,1.0,L,1.0,,,L,-,40.84,TF-IDF_Cosine,True,False,2527
"""LAIT ET LAITAGE 0,20€""",lait et laitage 020,,,,Pain au lait,Pain au lait,,,,,,,,,,,,,,-,43.8,TF-IDF_Cosine,True,False,2528
"""LAIT ET LAITAGE 0,30€""",lait et laitage 030,,,,Pain au lait,Pain au lait,,,,,,,,,,,,,,-,46.88,TF-IDF_Cosine,True,False,2529
"""LAIT ET LAITAGE 0,40€""",lait et laitage 040,,,,Pain au lait,Pain au lait,,,,,,,,,,,,,,-,46.47,TF-IDF_Cosine,True,False,2530
"""LAIT ET LAITAGE 0,60€""",lait et laitage 060,,,,Pain au lait,Pain au lait,,,,,,,,,,,,,,-,49.03,TF-IDF_Cosine,True,False,2531
"""LAIT ET LAITAGE 0,70€""",lait et laitage 070,,,,Pain au lait,Pain au lait,,,,,,,,,,,,,,-,46.47,TF-IDF_Cosine,True,False,2532
"""LAIT ET LAITAGE 1,10€""",lait et laitage 110,,,,Pain au lait,Pain au lait,,,,,,,,,,,,,,-,44.06,TF-IDF_Cosine,True,False,2533
"""LAIT ET LAITAGE 3,00€""",lait et laitage 300,,,,Pain au lait,Pain au lait,,,,,,,,,,,,,,-,47.03,TF-IDF_Cosine,True,False,2534
"""LAIT ET LAITAGE 3,50€""",lait et laitage 350,,,,Pain au lait,Pain au lait,,,,,,,,,,,,,,-,44.98,TF-IDF_Cosine,True,False,2535
"""LAIT ET LAITAGE 4,00€""",lait et laitage 400,,,,Pain au lait,Pain au lait,,,,,,,,,,,,,,-,46.39,TF-IDF_Cosine,True,False,2536
"""LAIT ET LAITAGE 4,50€""",lait et laitage 450,,,,Pain au lait,Pain au lait,,,,,,,,,,,,,,-,45.63,TF-IDF_Cosine,True,False,2537
"""LAIT ET LAITAGE 5,00€""",lait et laitage 500,,,,Pain au lait,Pain au lait,,,,,,,,,,,,,,-,46.79,TF-IDF_Cosine,True,False,2538
"""LAIT ET LAITAGE 5,50€""",lait et laitage 550,,,,Pain au lait,Pain au lait,,,,,,,,,,,,,,-,45.71,TF-IDF_Cosine,True,False,2539
"""LAIT ET LAITAGE 6,00€""",lait et laitage 600,,,,Pain au lait,Pain au lait,,,,,,,,,,,,,,-,48.93,TF-IDF_Cosine,True,False,2540
LAIT POUR ENFANT,lait pour enfant,,,,Lait en poudre entier,Lait en poudre,entier,,,,,,,,,,,,,-,45.53,TF-IDF_Cosine,True,False,2541
LAITAGES,laitages,,,,Légumes pour potages,Légumes pour potages,,,,,,150.0,150.0,150.0,g,0.15,,,pièce,-,43.25,TF-IDF_Cosine,True,False,2542
LANGUE DE CHAT 2*30 U 200G,langue de chat 230 u 200g,,,,Langue de boeuf,Langue,de boeuf,,2,pièce,,200.0,200.0,200.0,g,0.4,,,pièce,-,87.51,LinearSVC,False,False,2543
LARDONS DE TRUITE 90G,lardons de truite 90g,,,,Truite,Truite,,,,,,90.0,90.0,90.0,g,0.09,,,pièce,-,59.31,TF-IDF_Cosine,True,False,2544
LARDONS FUMES 200gr POUCE,lardons fumes 200gr pouce,,,,Lardon fumé,Lardon,fumé,,,,,200.0,200.0,200.0,g,0.2,,,pièce,-,71.93,LinearSVC,False,False,2545
LARDONS NATURE PXM 200G,lardons nature pxm 200g,,,,Lardon nature,Lardon,nature,,,,,200.0,200.0,200.0,g,0.2,,,pièce,-,71.89,LinearSVC,False,False,2546
LE BRIE PATURAGES COMTOIS,le brie paturages comtois,,,,Brie,Brie,,,,,,,,,,,,,,-,84.26,LinearSVC,False,False,2547
LE CABECOU 105G* RIANS,le cabecou 105g rians,,,,Ile flottante,Ile flottante,,,,,,105.0,105.0,105.0,g,0.105,,,pièce,-,66.58,LinearSVC,True,False,2548
LE CORBEAU ET LE LAPIN 180G,le corbeau et le lapin 180g,,,,Lapin,Lapin,,,,,,180.0,180.0,180.0,g,0.18,,,pièce,-,56.92,TF-IDF_Cosine,True,False,2549
LE CORBEAU ET LE RENARD BLANC OU LAIT 180G,le corbeau et le renard blanc ou lait 180g,,,,Chou blanc,Chou blanc,,,,,,180.0,180.0,180.0,g,0.18,,,pièce,-,32.22,TF-IDF_Cosine,True,False,2550
LE CORNICHON FRANCAIS AIGRE DOUX 770G,le cornichon francais aigre doux 770g,,,,Cornichon aigre-doux,Cornichon,aigre-doux,,770,pièce,,770.0,770.0,770.0,g,592.9,,,pièce,-,79.12,LinearSVC,False,False,2551
LE CORNICHON FRANCAIS AIGRE DOUX 770G,le cornichon francais aigre doux 770g,,,,Cornichon aigre-doux,Cornichon,aigre-doux,,770,pièce,,770.0,770.0,770.0,g,592.9,,,pièce,-,79.12,LinearSVC,False,False,2551
LE CREMEUX DE BOURGOGNE 200G,le cremeux de bourgogne 200g,,,,Jambon persillé,Jambon,persillé,,,,,200.0,200.0,200.0,g,0.2,,,pièce,-,39.85,LinearSVC,True,False,2552
LE FONDANT CHAUD,le fondant chaud,,,,Fondant blanc,Fondant,blanc,,,,,,,,,,,,,-,71.49,LinearSVC,False,False,2553
LE FONDANT CHOCOLAT 150G,le fondant chocolat 150g,,,,Gâteau au chocolat coeur fondant,Gâteau au chocolat,coeur fondant,,,,,150.0,150.0,150.0,g,0.15,,,pièce,-,63.85,TF-IDF_Cosine,True,False,2554
LE PETIT SUISSE GERVAIS 360 G,le petit suisse gervais 360 g,,,,Petit suisse,Petit suisse,,,,,,360.0,360.0,360.0,g,0.36,,,pièce,-,74.56,LinearSVC,False,False,2555
LE POISSON LAIT EXTRA FIN 250G,le poisson lait extra fin 250g,,,,Haricot vert extra fin,Haricot vert,extra fin,,,,,250.0,250.0,250.0,g,0.25,,,pièce,-,77.2,LinearSVC,False,False,2556
LE SAPIN DU HAUT DOUBS *250G,le sapin du haut doubs 250g,,,,Lapin sauté,Lapin,sauté,,250,pièce,Doubs,250.0,250.0,250.0,g,62.5,,,pièce,-,35.14,TF-IDF_Cosine,True,False,2557
LE SIROP MONIN BASE LIMONADE,le sirop monin base limonade,,,,Limonade,Limonade,,,,,,,,,,,,,,-,79.37,LinearSVC,False,False,2558
LE TRIANGLE CLASSIC X8,le triangle classic x8,,,,Produit non trouvé,Produit non trouvé,,,,,,100.0,100.0,100.0,g,0.1,,,pièce,,21.07,TF-IDF_Cosine,True,False,2559
LE TRIANGLE FONDANT X32,le triangle fondant x32,,,,Fondant blanc,Fondant,blanc,,,,,,,,,,,,,-,71.49,LinearSVC,False,False,2560
LE YAOURT BIO,le yaourt bio,,,,Yaourt,Yaourt,,,,,,,,,,,Bio,,,-,80.22,TF-IDF_Cosine,False,False,2561
LE YAOURT BIO PECHE DE VIGNE,le yaourt bio peche de vigne,,,,Yaourt,Yaourt,,,,,,,,,,,Bio,,,-,65.39,LinearSVC,True,False,2562
LE YAOURT LITCHI ET ROSE*300G *2,le yaourt litchi et rose300g 2,,,,Litchi,Litchi,,,300,pièce,,300.0,300.0,300.0,g,90.0,,,pièce,-,63.89,TF-IDF_Cosine,True,False,2563
LEGUMES COUSCOUS 1KG,legumes couscous 1kg,,,,Couscous de légumes,Couscous,de légumes,,1.0,Kg,,1.0,1.0,1.0,Kg,1.0,,,Kg,-,83.23,TF-IDF_Cosine,False,False,2564
LEGUMES COUSCOUS 800G,legumes couscous 800g,,,,Couscous de légumes,Couscous,de légumes,,,,,800.0,800.0,800.0,g,0.8,,,pièce,-,79.19,TF-IDF_Cosine,False,False,2565
LEGUMES COUSCOUS ORIENT U 4X4,legumes couscous orient u 4x4,,,,Couscous de légumes,Couscous,de légumes,,,,,,,,,,,,,-,68.15,TF-IDF_Cosine,True,False,2566
LEGUMES COUSCOUS-1kg-U,legumes couscous-1kg-u,,,,Couscous de légumes,Couscous,de légumes,,1.0,Kg,,1.0,1.0,1.0,Kg,1.0,,,Kg,-,79.85,TF-IDF_Cosine,False,False,2567
LEGUMES POTAGE-1kg-U,legumes potage-1kg-u,,,,Légumes pour potages,Légumes pour potages,,,1.0,Kg,,1.0,1.0,1.0,Kg,1.0,,,Kg,-,80.26,LinearSVC,False,False,2568
LEGUMES POUR RATATOUILLE 1KG,legumes pour ratatouille 1kg,,,,Légumes pour ratatouille,Légumes pour ratatouille,,,1.0,Kg,,1.0,1.0,1.0,Kg,1.0,,,Kg,-,86.12,TF-IDF_Cosine,False,False,2569
LENTILLES CORAIL 500G BON SEMEUR,lentilles corail 500g bon semeur,,,,Lentille corail,Lentille,corail,,,,,500.0,500.0,500.0,g,0.5,,,pièce,-,81.57,LinearSVC,False,False,2570
LENTILLES CORAIL BIO LOCAL 500G,lentilles corail bio local 500g,,,,Lentille corail,Lentille,corail,,,,,500.0,500.0,500.0,g,0.5,Bio,,pièce,-,77.39,LinearSVC,False,False,2571
LENTILLES CORAIL ETUI U 500G,lentilles corail etui u 500g,,,,Lentille corail,Lentille,corail,,,,,500.0,500.0,500.0,g,0.5,,,pièce,-,81.45,LinearSVC,False,False,2572
LENTILLES PREPAREES U BTE 1/2,lentilles preparees u bte 12,,,,Lentille,Lentille,,,,,,,,,,,,,,-,68.95,LinearSVC,True,False,2573
LENTILLES PREPAREES U BTE 4/4,lentilles preparees u bte 44,,,,Lentille,Lentille,,4/4,,,,0.8,0.8,0.8,kg,,,,kg,-,67.3,LinearSVC,True,False,2574
LENTILLES PREPARES 530G,lentilles prepares 530g,,,,Lentille,Lentille,,,,,,530.0,530.0,530.0,g,0.53,,,pièce,-,60.43,TF-IDF_Cosine,True,False,2575
LENTILLES VERTES BIO CERES-500grs,lentilles vertes bio ceres-500grs,,,,Lentille verte,Lentille,verte,,,,,500.0,500.0,500.0,g,0.5,Bio,,pièce,-,81.95,LinearSVC,False,False,2576
LENTILLES VERTES BIO LOCAL 500G,lentilles vertes bio local 500g,,,,Lentille verte,Lentille,verte,,,,,500.0,500.0,500.0,g,0.5,Bio,,pièce,-,83.52,LinearSVC,False,False,2577
LENTILLES VERTES BIO LOCAL 500G,lentilles vertes bio local 500g,,,,Lentille verte,Lentille,verte,,,,,500.0,500.0,500.0,g,0.5,Bio,,pièce,-,83.52,LinearSVC,False,False,2577
LES FAJITAS POULET 2X120G,les fajitas poulet 2x120g,,,,Fajitas,Fajitas,,,2,pièce,,120.0,120.0,120.0,g,0.24,,,pièce,-,77.78,TF-IDF_Cosine,False,False,2578
LES MINI FEUILLETES EMMEBNTAL HERBES 20G,les mini feuilletes emmebntal herbes 20g,,,,Emmental,Emmental,,,,,,20.0,20.0,20.0,g,0.02,,,pièce,-,38.66,TF-IDF_Cosine,True,False,2579
LES MINI FEUILLETES EMMEBNTAL HERBES 20G,les mini feuilletes emmebntal herbes 20g,,,,Emmental,Emmental,,,,,,20.0,20.0,20.0,g,0.02,,,pièce,-,38.66,TF-IDF_Cosine,True,False,2579
"""LEVURE BOULANGER BRIOCHIN ALSA 27,5G""",levure boulanger briochin alsa 275g,,,,Levure de boulanger,Levure,de boulanger,,,,,27.5,27.5,27.5,g,0.0275,,,pièce,-,74.12,TF-IDF_Cosine,False,False,2580
LEVURE CHIMIQUE *6 66G U,levure chimique 6 66g u,,,,Levure chimique,Levure,chimique,,6,pièce,,66.0,66.0,66.0,g,0.396,,,pièce,-,88.02,TF-IDF_Cosine,False,False,2581
LEVURE CHIMIQUE *6 66G U,levure chimique 6 66g u,,,,Levure chimique,Levure,chimique,,6,pièce,,66.0,66.0,66.0,g,0.396,,,pièce,-,88.02,TF-IDF_Cosine,False,False,2581
LEVURE CHIMIQUE AUCHAN *6 66G,levure chimique auchan 6 66g,,,,Levure chimique,Levure,chimique,,6,pièce,,66.0,66.0,66.0,g,0.396,,,pièce,-,81.43,TF-IDF_Cosine,False,False,2582
LIEGOIS VANILLE OU CHOCOLAT 400G ROCHAMBEAU,liegois vanille ou chocolat 400g rochambeau,,,,Bûche glacée vanille et chocolat,Bûche glacée,vanille et chocolat,,,,,400.0,400.0,400.0,g,0.4,,,pièce,-,38.35,TF-IDF_Cosine,True,False,2583
LIMONADE LORINA 1L,limonade lorina 1l,,,,Limonade,Limonade,,,1.0,L,,1.0,1.0,1.0,L,1.0,,,L,-,85.3,LinearSVC,False,False,2584
LIMONADE LORINA 1L,limonade lorina 1l,,,,Limonade,Limonade,,,1.0,L,,1.0,1.0,1.0,L,1.0,,,L,-,85.3,LinearSVC,False,False,2584
LIPTON 25CL ICE TEA,lipton 25cl ice tea,,,,Thé noir infusé,Thé,noir infusé,,,,,250.0,250.0,250.0,ml,0.25,,,pièce,-,48.49,LinearSVC,True,False,2585
LIPTON PASTEQUE MENTHE 33CL,lipton pasteque menthe 33cl,,,,Menthe,Menthe,,,,,,330.0,330.0,330.0,ml,0.33,,,pièce,-,62.89,TF-IDF_Cosine,True,False,2586
LIPTON SAVEUR PASTEQUE ICE TEA 500ML,lipton saveur pasteque ice tea 500ml,,,,Thé noir infusé,Thé,noir infusé,,,,,500.0,500.0,500.0,ml,0.5,,,pièce,-,46.15,LinearSVC,True,False,2587
LITTLE DELIGTS,little deligts,,,,Litchi,Litchi,,,,,,20.0,20.0,20.0,g,0.02,,,pièce,-,28.13,TF-IDF_Cosine,True,False,2588
LORINA LIMONADE 330ML *,lorina limonade 330ml,,,,Limonade,Limonade,,,,,,330.0,330.0,330.0,ml,0.33,,,pièce,-,88.8,LinearSVC,False,False,2589
Limonade LORINA-Canette 330ml,limonade lorina-canette 330ml,,,,Limonade,Limonade,,,,,,330.0,330.0,330.0,ml,0.33,,,pièce,-,68.2,TF-IDF_Cosine,True,False,2590
MACARONI 500G-AUCHAN,macaroni 500g-auchan,,,,Macaronis,Macaronis,,,,,,500.0,500.0,500.0,g,0.5,,,pièce,-,85.35,LinearSVC,False,False,2591
MACARONI PANZANI 5kg,macaroni panzani 5kg,,,,Macaronis,Macaronis,,,5.0,Kg,,5.0,5.0,5.0,Kg,5.0,,,Kg,-,85.24,LinearSVC,False,False,2592
MACARONI Q SUP CELLO U 500G,macaroni q sup cello u 500g,,,,Macaronis,Macaronis,,,,,,500.0,500.0,500.0,g,0.5,,,pièce,-,83.94,LinearSVC,False,False,2593
MACEDOINE DE LEGUMES EN BOCAL BIO 370ML,macedoine de legumes en bocal bio 370ml,,,,Macédoine de légumes,Macédoine de légumes,,,,,,370.0,370.0,370.0,ml,0.37,Bio,,pièce,-,81.81,LinearSVC,False,False,2594
MACEDOINE DE LEGUMES MINESTRONE 400G,macedoine de legumes minestrone 400g,,,,Macédoine de légumes,Macédoine de légumes,,,,,,400.0,400.0,400.0,g,0.4,,,pièce,-,84.22,LinearSVC,False,False,2595
MADELAINE LONGUE PRIX MINI 250G,madelaine longue prix mini 250g,,,,Mangue,Mangue,,,,,,250.0,250.0,250.0,g,0.25,,,pièce,-,30.57,TF-IDF_Cosine,True,False,2596
MADELEINE LONGUE FRAISE PTIT DELI *8 240G,madeleine longue fraise ptit deli 8 240g,,,,Gâteau madeleine,Gâteau madeleine,,,8,pièce,,240.0,240.0,240.0,g,1.92,,,pièce,-,75.49,LinearSVC,False,False,2597
MADELEINE LONGUE PRIX MINI 250G,madeleine longue prix mini 250g,,,,Gâteau madeleine,Gâteau madeleine,,,,,,250.0,250.0,250.0,g,0.25,,,pièce,-,80.96,LinearSVC,False,False,2598
MAGGI SOUPE OIGNONS 61G,maggi soupe oignons 61g,,,,Oignon,Oignon,,,,,,61.0,61.0,61.0,g,0.061,,,pièce,-,50.21,TF-IDF_Cosine,True,False,2599
MAIS 300G,mais 300g,,,,Biscotte,Biscotte,,,,,,300.0,300.0,300.0,g,0.3,,,pièce,-,34.1,LinearSVC,True,False,2600
MAIS 300G,mais 300g,,,,Biscotte,Biscotte,,,,,,300.0,300.0,300.0,g,0.3,,,pièce,-,34.1,LinearSVC,True,False,2600
MAIS DOUX GRAINS U BOITE 1/2,mais doux grains u boite 12,,,,Maïs doux,Maïs doux,,,,,,100.0,100.0,100.0,g,0.1,,,pièce,-,79.68,LinearSVC,False,False,2601
MAIS MAINGOURG 400G,mais maingourg 400g,,,,Porc filet maigre,Porc,filet maigre,,,,,400.0,400.0,400.0,g,0.4,,,pièce,-,25.12,TF-IDF_Cosine,True,False,2602
MAISON PERRIER 500ML,maison perrier 500ml,,,,Terrine de poisson,Terrine,de poisson,,,,,500.0,500.0,500.0,ml,0.5,,,pièce,-,28.51,TF-IDF_Cosine,True,False,2603
MARBRE CHOCOLAT 300G U,marbre chocolat 300g u,,,,Gâteau marbré au chocolat,Gâteau marbré,au chocolat,,,,,300.0,300.0,300.0,g,0.3,,,pièce,-,61.79,TF-IDF_Cosine,True,False,2604
"""MARG,ALL TOURN, 60% -U -500G""",margall tourn 60 -u -500g,,,,Margarine doux,Margarine,doux,,,,,500.0,500.0,500.0,g,0.5,,,pièce,-,34.57,LinearSVC,True,False,2605
MARGARINE CUISSON/PAT 500G,margarine cuissonpat 500g,,,,Margarine doux,Margarine,doux,,,,,500.0,500.0,500.0,g,0.5,,,pièce,-,62.15,TF-IDF_Cosine,True,False,2606
MARMELADE ORANGES 360G,marmelade oranges 360g,,,,Marmelade d'orange,Marmelade d'orange,,,,,,360.0,360.0,360.0,g,0.36,,,pièce,-,84.68,TF-IDF_Cosine,False,False,2607
MASCARPONE GORGONZOLA,mascarpone gorgonzola,,,,Gorgonzola,Gorgonzola,,,,,,,,,,,,,,-,74.69,TF-IDF_Cosine,False,False,2608
MAYONNAISE 500 ml,mayonnaise 500 ml,,,,Mayonnaise,Mayonnaise,,,,,,500.0,500.0,500.0,ml,0.5,,,pièce,-,82.78,LinearSVC,False,False,2609
MAYONNAISE BIO-180gr-U,mayonnaise bio-180gr-u,,,,Mayonnaise,Mayonnaise,,,,,,180.0,180.0,180.0,g,0.18,Bio,,pièce,-,85.83,LinearSVC,False,False,2610
MAYONNAISE BOCAL 235G U,mayonnaise bocal 235g u,,,,Mayonnaise,Mayonnaise,,,,,,235.0,235.0,235.0,g,0.235,,,pièce,-,84.9,LinearSVC,False,False,2611
MAYONNAISE BOCAL 475gr-AUCHAN,mayonnaise bocal 475gr-auchan,,,,Mayonnaise,Mayonnaise,,,,,,475.0,475.0,475.0,g,0.475,,,pièce,-,85.99,LinearSVC,False,False,2612
MAYONNAISE NATURE TUBE 175G,mayonnaise nature tube 175g,,,,Mayonnaise,Mayonnaise,,,,,,175.0,175.0,175.0,g,0.175,,,pièce,-,86.14,LinearSVC,False,False,2613
MAYONNAISE PXM 470G,mayonnaise pxm 470g,,,,Mayonnaise,Mayonnaise,,,,,,470.0,470.0,470.0,g,0.47,,,pièce,-,88.68,LinearSVC,False,False,2614
MAYONNAISE TUBE 175gr-U,mayonnaise tube 175gr-u,,,,Mayonnaise,Mayonnaise,,,,,,175.0,175.0,175.0,g,0.175,,,pièce,-,86.37,LinearSVC,False,False,2615
MC CAIN KID SMILE 850G,mc cain kid smile 850g,,,,Caille,Caille,,,,,,850.0,850.0,850.0,g,0.85,,,pièce,-,28.64,TF-IDF_Cosine,True,False,2616
MELANGE D'HUILES ISIO 4 LESIEUR 1L,melange dhuiles isio 4 lesieur 1l,,,,Marmelade d'orange,Marmelade d'orange,,,4.0,L,,4.0,4.0,4.0,L,4.0,,,L,-,25.48,TF-IDF_Cosine,True,False,2617
MENTHE MAROCAINE 30GR,menthe marocaine 30gr,,,,Menthe,Menthe,,,,,,30.0,30.0,30.0,g,0.03,,,pièce,-,61.08,TF-IDF_Cosine,True,False,2618
MERGUEZ HALAL SURGELEES DABI 1KG,merguez halal surgelees dabi 1kg,,,,Merguez,Merguez,,,1.0,Kg,,1.0,1.0,1.0,Kg,1.0,,,Kg,-,82.49,LinearSVC,False,False,2619
MIEL DE FLEURS FANTASIA 1KG,miel de fleurs fantasia 1kg,,,,Miel,Miel,,,1.0,Kg,,1.0,1.0,1.0,Kg,1.0,,,Kg,-,69.24,LinearSVC,True,False,2620
MILLET BIO LOCAL 500G,millet bio local 500g,,,,Mille-feuille,Mille-feuille,,,,,,500.0,500.0,500.0,g,0.5,Bio,,pièce,-,30.36,TF-IDF_Cosine,True,False,2621
MILLET BIO LOCAL 500G,millet bio local 500g,,,,Mille-feuille,Mille-feuille,,,,,,500.0,500.0,500.0,g,0.5,Bio,,pièce,-,30.36,TF-IDF_Cosine,True,False,2621
MINI GACHES CARREFOUR X8 360G,mini gaches carrefour x8 360g,,,,Gâteau mini chou,Gâteau mini chou,,,8,pièce,,360.0,360.0,360.0,g,2.88,,,pièce,-,34.13,TF-IDF_Cosine,True,False,2622
MINI GACHES CASINO 360G,mini gaches casino 360g,,,,Gâteau mini chou,Gâteau mini chou,,,,,,360.0,360.0,360.0,g,0.36,,,pièce,-,52.32,LinearSVC,True,False,2623
MINI MOZZARELLA 260G,mini mozzarella 260g,,,,Mozzarella,Mozzarella,,,,,,260.0,260.0,260.0,g,0.26,,,pièce,-,82.83,TF-IDF_Cosine,False,False,2624
MINI NONETTES ABRICOT 60G,mini nonettes abricot 60g,,,,Abricot,Abricot,,,,,,60.0,60.0,60.0,g,0.06,,,pièce,-,75.77,LinearSVC,False,False,2625
MINI NONETTES SAVEUR CHOCO NOISETTE 60G,mini nonettes saveur choco noisette 60g,,,,Noisette,Noisette,,,,,,60.0,60.0,60.0,g,0.06,,,pièce,-,53.5,TF-IDF_Cosine,True,False,2626
MINI ROULES CHOCOLAT U 150G,mini roules chocolat u 150g,,,,Gâteau mini chou,Gâteau mini chou,,,,,,150.0,150.0,150.0,g,0.15,,,pièce,-,40.47,TF-IDF_Cosine,True,False,2627
MINI YOP X8 800GRS,mini yop x8 800grs,,,,Yaourt à boire,Yaourt à boire,,,8,pièce,,800.0,800.0,800.0,g,6.4,,,pièce,-,81.46,LinearSVC,False,False,2628
MIRABELLES AU SIROP-360Gr,mirabelles au sirop-360gr,,,,Mirabelle,Mirabelle,,,,,,360.0,360.0,360.0,g,0.36,,,pièce,-,73.68,TF-IDF_Cosine,False,False,2629
MOELLEUX AU CHOCOLAT PATISSONS 90G,moelleux au chocolat patissons 90g,,,,Gâteau moelleux au chocolat,Gâteau moelleux,au chocolat,,,,,90.0,90.0,90.0,g,0.09,,,pièce,-,75.72,LinearSVC,False,False,2630
MONT BLANC 1L,mont blanc 1l,,,,Mont d'or,Mont d'or,,,1.0,L,,1.0,1.0,1.0,L,1.0,,,L,-,64.09,TF-IDF_Cosine,True,False,2631
MONT CADI,mont cadi,,,,Mont d'or,Mont d'or,,,,,,,,,,,,,,-,67.11,TF-IDF_Cosine,True,False,2632
MONT D'OR MINI CERAMIQUE,mont dor mini ceramique,,,,Mont d'or,Mont d'or,,,,,,,,,,,,,,-,84.98,LinearSVC,False,False,2633
MORTADELLE DDE 120G HALAL,mortadelle dde 120g halal,,,,Mortadelle,Mortadelle,,,,,,120.0,120.0,120.0,g,0.12,,,pièce,-,77.45,TF-IDF_Cosine,False,False,2634
MOULINE DE LEGUMES VARIES 1L,mouline de legumes varies 1l,,,,Terrine de légumes,Terrine de légumes,,,1.0,L,,1.0,1.0,1.0,L,1.0,,,L,-,35.22,TF-IDF_Cosine,True,False,2635
MOULINE LEGUME VARIES PX MINI 1L,mouline legume varies px mini 1l,,,,Gâteau mini chou,Gâteau mini chou,,,1.0,L,,1.0,1.0,1.0,L,1.0,,,L,-,32.06,TF-IDF_Cosine,True,False,2636
MOUSSE AU CHOCO NOIR 70% BONNE MAMAN *4 200G,mousse au choco noir 70 bonne maman 4 200g,,,,Mousse au chocolat,Mousse au chocolat,,,4,pièce,,200.0,200.0,200.0,g,0.8,,,pièce,-,82.64,LinearSVC,False,False,2637
"""MOUSSE FOIE SUP,200Gr POUCE""",mousse foie sup200gr pouce,,,,Mousse de Foie,Mousse de Foie,,,,,,200.0,200.0,200.0,g,0.2,,,pièce,-,73.98,TF-IDF_Cosine,False,False,2638
MOUSSE FOIE-180gr-U,mousse foie-180gr-u,,,,Mousse de Foie,Mousse de Foie,,,,,,180.0,180.0,180.0,g,0.18,,,pièce,-,81.36,TF-IDF_Cosine,False,False,2639
MOUTARDE DIJON FORTE BOUTON D'OR 265G,moutarde dijon forte bouton dor 265g,,,,Moutarde de dijon,Moutarde,de dijon,,,,,265.0,265.0,265.0,g,0.265,,,pièce,-,85.38,LinearSVC,False,False,2640
MOUTARDE DE DIJON RUSTICA 160G,moutarde de dijon rustica 160g,,,,Moutarde de dijon,Moutarde,de dijon,,,,,160.0,160.0,160.0,g,0.16,,,pièce,-,88.54,LinearSVC,False,False,2641
MOUTARDE FORTE 370G,moutarde forte 370g,,,,Moutarde,Moutarde,,,,,,370.0,370.0,370.0,g,0.37,,,pièce,-,88.25,LinearSVC,False,False,2642
MOUTARDE FORTE PXM 370G,moutarde forte pxm 370g,,,,Moutarde,Moutarde,,,,,,370.0,370.0,370.0,g,0.37,,,pièce,-,88.25,LinearSVC,False,False,2643
MOUTARDE REINE DE DIJON LOT DE 4 400G,moutarde reine de dijon lot de 4 400g,,,,Moutarde de dijon,Moutarde,de dijon,,,,,400.0,400.0,400.0,g,0.4,,,pièce,-,80.82,LinearSVC,False,False,2644
MOZZA BILLES 150G,mozza billes 150g,,,,Mozzarella bille,Mozzarella,bille,,,,,150.0,150.0,150.0,g,0.15,,,pièce,-,59.82,TF-IDF_Cosine,True,False,2645
MOZZA BIO 125G,mozza bio 125g,,,,Mozzarella,Mozzarella,,,,,,125.0,125.0,125.0,g,0.125,Bio,,pièce,-,49.11,TF-IDF_Cosine,True,False,2646
MOZZA MONOPRIX *150G,mozza monoprix 150g,,,,Mozzarella,Mozzarella,,,150,pièce,,150.0,150.0,150.0,g,22.5,,,pièce,-,45.28,TF-IDF_Cosine,True,False,2647
MOZZARELLA,mozzarella,,,,Mozzarella,Mozzarella,,,,,,,,,,,,,,-,100.0,TF-IDF_Cosine,False,False,2648
MOZZARELLA 125G,mozzarella 125g,,,,Mozzarella,Mozzarella,,,,,,125.0,125.0,125.0,g,0.125,,,pièce,-,81.28,LinearSVC,False,False,2649
MOZZARELLA 125G CASINO,mozzarella 125g casino,,,,Mozzarella,Mozzarella,,,,,,125.0,125.0,125.0,g,0.125,,,pièce,-,81.28,LinearSVC,False,False,2650
MOZZARELLA 200G,mozzarella 200g,,,,Mozzarella,Mozzarella,,,,,,200.0,200.0,200.0,g,0.2,,,pièce,-,78.19,LinearSVC,False,False,2651
MOZZARELLA 2500G,mozzarella 2500g,,,,Mozzarella,Mozzarella,,,,,,2500.0,2500.0,2500.0,g,2.5,,,pièce,-,71.14,LinearSVC,False,False,2652
MOZZARELLA 3*125G,mozzarella 3125g,,,,Mozzarella,Mozzarella,,,3,pièce,,125.0,125.0,125.0,g,0.375,,,pièce,-,71.14,LinearSVC,False,False,2653
MOZZARELLA A CUISINER 150G,mozzarella a cuisiner 150g,,,,Mozzarella,Mozzarella,,,,,,150.0,150.0,150.0,g,0.15,,,pièce,-,71.78,TF-IDF_Cosine,False,False,2654
MOZZARELLA BONTA DI LILI,mozzarella bonta di lili,,,,Mozzarella,Mozzarella,,,,,,,,,,,,,,-,73.75,LinearSVC,False,False,2655
MOZZARELLA DI BUFALA *125G CASINO,mozzarella di bufala 125g casino,,,,Mozzarella di bufala,Mozzarella,di bufala,,125,pièce,,125.0,125.0,125.0,g,15.625,,,pièce,-,87.55,LinearSVC,False,False,2656
MOZZARELLA DI BUFALA CAMPANA,mozzarella di bufala campana,,,,Mozzarella di bufala,Mozzarella,di bufala,,,,,,,,,,,,,-,88.08,LinearSVC,False,False,2657
MOZZARELLA DI BUFALA CAMPANA 500G,mozzarella di bufala campana 500g,,,,Mozzarella di bufala,Mozzarella,di bufala,,,,,500.0,500.0,500.0,g,0.5,,,pièce,-,87.1,LinearSVC,False,False,2658
MOZZARELLA DI BUFFALLA CERISE 10G*12,mozzarella di buffalla cerise 10g12,,,,Mozzarella di bufala,Mozzarella,di bufala,,12,pièce,,10.0,10.0,10.0,g,0.12,,,pièce,-,78.23,LinearSVC,False,False,2659
MOZZARELLA DI BUIFALA CAMPANA AOP 260G,mozzarella di buifala campana aop 260g,,,,Mozzarella di bufala,Mozzarella,di bufala,,,,,260.0,260.0,260.0,g,0.26,AOP,,pièce,-,83.78,LinearSVC,False,False,2660
MOZZARELLA MAXI 250G*,mozzarella maxi 250g,,,,Mozzarella,Mozzarella,,,,,,250.0,250.0,250.0,g,0.25,,,pièce,-,77.29,LinearSVC,False,False,2661
MOZZARELLA PIZZA 400G,mozzarella pizza 400g,,,,Mozzarella,Mozzarella,,,,,,400.0,400.0,400.0,g,0.4,,,pièce,-,81.04,TF-IDF_Cosine,False,False,2662
MOZZARELLA-U-125gr,mozzarella-u-125gr,,,,Mozzarella,Mozzarella,,,,,,125.0,125.0,125.0,g,0.125,,,pièce,-,89.79,TF-IDF_Cosine,False,False,2663
MUNSTER ERMITAGE *200G,munster ermitage 200g,,,,Munster,Munster,,,200,pièce,,200.0,200.0,200.0,g,40.0,,,pièce,-,83.81,LinearSVC,False,False,2664
Macédoine de légumes-300gr-FRANPRIX,macédoine de légumes-300gr-franprix,,,,Macédoine de légumes,Macédoine de légumes,,,,,,300.0,300.0,300.0,g,0.3,,,pièce,-,86.99,LinearSVC,False,False,2665
Muscade Moulue -AUCHAN-32grs,muscade moulue -auchan-32grs,,,,Muscade,Muscade,,,,,,32.0,32.0,32.0,g,0.032,,,pièce,-,86.97,LinearSVC,False,False,2666
NAPOLITAIN *2 60G,napolitain 2 60g,,,,Tranche napolitaine,Tranche napolitaine,,,2,pièce,,60.0,60.0,60.0,g,0.12,,,pièce,-,71.44,TF-IDF_Cosine,False,False,2667
NAPOLITAIN X6 180G,napolitain x6 180g,,,,Tranche napolitaine,Tranche napolitaine,,,6,pièce,,180.0,180.0,180.0,g,1.08,,,pièce,-,69.76,TF-IDF_Cosine,True,False,2668
NAVET CHOUCROUTE-350Gr,navet choucroute-350gr,,,,Navet,Navet,,,,,,350.0,350.0,350.0,g,0.35,,,pièce,-,54.71,TF-IDF_Cosine,True,False,2669
NECTAR D'ABRICOTS BIO 75CL,nectar dabricots bio 75cl,,,,Nectar d'abricot,Nectar,d'abricot,,,,,750.0,750.0,750.0,ml,0.75,Bio,,pièce,-,72.68,TF-IDF_Cosine,False,False,2670
NECTAR D'ORANGE 1L,nectar dorange 1l,,,,Nectar,Nectar,,,1.0,L,,1.0,1.0,1.0,L,1.0,,,L,-,67.92,TF-IDF_Cosine,True,False,2671
NECTAR DE POIRE BIO 1L BA,nectar de poire bio 1l ba,,,,Nectar,Nectar,,,1.0,L,,1.0,1.0,1.0,L,1.0,Bio,,L,-,65.94,TF-IDF_Cosine,True,False,2672
NECTAR KIWI JAUNE 1L,nectar kiwi jaune 1l,,,,Kiwi jaunes,Kiwi,jaunes,,1.0,L,,1.0,1.0,1.0,L,1.0,,,L,-,71.14,TF-IDF_Cosine,False,False,2673
NECTAR ORANGE BR 1L AUCHAN,nectar orange br 1l auchan,,,,Nectar,Nectar,,,1.0,L,,1.0,1.0,1.0,L,1.0,,,L,-,59.7,TF-IDF_Cosine,True,False,2674
NESCAFE LATTE KIT KAT-273gr,nescafe latte kit kat-273gr,,,,Fajitas,Fajitas,,,,,,273.0,273.0,273.0,g,0.273,,,pièce,-,29.71,LinearSVC,True,False,2675
NESQUIK 1KG *,nesquik 1kg,,,,Produit non trouvé,Produit non trouvé,,,1.0,Kg,,1.0,1.0,1.0,Kg,1.0,,,Kg,,18.4,TF-IDF_Cosine,True,False,2676
NESTLE 398G* ASSORT ROUGE,nestle 398g assort rouge,,,,Riz rouge,Riz,rouge,,,,,398.0,398.0,398.0,g,0.398,,,pièce,-,39.61,TF-IDF_Cosine,True,False,2677
NESTLE CAPPUCCINO 280G,nestle cappuccino 280g,,,,Produit non trouvé,Produit non trouvé,,,,,,280.0,280.0,280.0,g,0.28,,,pièce,,19.84,TF-IDF_Cosine,True,False,2678
NESTLE P'TITE CEREALES 5 CEREALES Saveur Biscuit Dés 6mois 415grs,nestle ptite cereales 5 cereales saveur biscuit dés 6mois 415grs,,,,Biscuit sec,Biscuit sec,,,,,,415.0,415.0,415.0,g,0.415,,,pièce,-,30.69,TF-IDF_Cosine,True,False,2679
NESTLE VIENNOIS 400G,nestle viennois 400g,,,,Viennois café,Viennois,café,,,,,400.0,400.0,400.0,g,0.4,,,pièce,-,61.57,TF-IDF_Cosine,True,False,2680
NEUFCHATEL *200G,neufchatel 200g,,,,Neufchâtel,Neufchâtel,,,200,pièce,,200.0,200.0,200.0,g,40.0,,,pièce,-,67.97,TF-IDF_Cosine,True,False,2681
NODLES SAVEUR POULET SESAME 75G,nodles saveur poulet sesame 75g,,,,Semoule saveur vanille,Semoule,saveur vanille,,,,,75.0,75.0,75.0,g,0.075,,,pièce,-,48.36,TF-IDF_Cosine,True,False,2682
NODLES SAVEUR POULET SESAME 75G,nodles saveur poulet sesame 75g,,,,Semoule saveur vanille,Semoule,saveur vanille,,,,,75.0,75.0,75.0,g,0.075,,,pièce,-,48.36,TF-IDF_Cosine,True,False,2682
NOIX DE MUSCADES 23GR,noix de muscades 23gr,,,,Muscade,Muscade,,,,,,23.0,23.0,23.0,g,0.023,,,pièce,-,72.7,TF-IDF_Cosine,False,False,2683
NONETTES BOURGOGNE ORANGE,nonettes bourgogne orange,,,,Orange,Orange,,,,,,187.0,187.0,187.0,g,0.187,,,pièce,-,53.31,TF-IDF_Cosine,True,False,2684
NOODLE AIGRE DOUCE-128gr-MAGGI,noodle aigre douce-128gr-maggi,,,,Sauce aigre douce,Sauce aigre douce,,,,,,128.0,128.0,128.0,g,0.128,,,pièce,-,82.28,LinearSVC,False,False,2685
NOODLE CHILI SUCRE 75G,noodle chili sucre 75g,,,,Sauce chili,Sauce chili,,,,,,75.0,75.0,75.0,g,0.075,,,pièce,-,55.97,TF-IDF_Cosine,True,False,2686
NOODLE POULET TERIAYAKI 75G,noodle poulet teriayaki 75g,,,,Sauce teriyaki,Sauce teriyaki,,,,,,75.0,75.0,75.0,g,0.075,,,pièce,-,48.6,TF-IDF_Cosine,True,False,2687
NOUILLES A LA Jjajangmyun 300g,nouilles a la jjajangmyun 300g,,,,Nouilles asiatiques,Nouilles asiatiques,,,,,,300.0,300.0,300.0,g,0.3,,,pièce,-,39.75,TF-IDF_Cosine,True,False,2688
NOUILLES INSTANTANÉES GOUT POULET *5 350G,nouilles instantanées gout poulet 5 350g,,,,Café instantané,Café,instantané,,5,pièce,,350.0,350.0,350.0,g,1.75,,,pièce,-,52.35,TF-IDF_Cosine,True,False,2689
NOUILLES JAPONAISES POULET 85G,nouilles japonaises poulet 85g,,,,Poulet,Poulet,,,,,,85.0,85.0,85.0,g,0.085,,,pièce,-,43.19,LinearSVC,True,False,2690
NOUNOURS GUIMAUVE CLASSIC 1KG,nounours guimauve classic 1kg,,,,Guimauve,Guimauve,,,1.0,Kg,,1.0,1.0,1.0,Kg,1.0,,,Kg,-,72.5,LinearSVC,False,False,2691
NOVA CHOCO BIO,nova choco bio,,,,Barre à la noix de coco au chocolat,Barre à la noix de coco,au chocolat,,,,,,,,,,Bio,,,-,42.08,TF-IDF_Cosine,True,False,2692
NUGGETS DINDE *10 200gr REGHAL,nuggets dinde 10 200gr reghal,,,,Nuggets de blé,Nuggets,de blé,,10,pièce,,200.0,200.0,200.0,g,2.0,,,pièce,-,75.06,LinearSVC,False,False,2693
NUGGETS VEGE 200G,nuggets vege 200g,,,,Nuggets de blé,Nuggets,de blé,,,,,200.0,200.0,200.0,g,0.2,,,pièce,-,74.74,TF-IDF_Cosine,False,False,2694
NUTELLA *750G,nutella 750g,,,,Mozzarella,Mozzarella,,,750,pièce,,750.0,750.0,750.0,g,562.5,,,pièce,-,50.78,LinearSVC,True,False,2695
NUTELLA PLANT BASED 350G,nutella plant based 350g,,,,Tortilla à base de blé,Tortilla,à base de blé,,,,,350.0,350.0,350.0,g,0.35,,,pièce,-,29.44,TF-IDF_Cosine,True,False,2696
OASIS 33 CL,oasis 33 cl,,,,Cassis,Cassis,,,,,,330.0,330.0,330.0,ml,0.33,,,pièce,-,35.07,TF-IDF_Cosine,True,False,2697
OASIS 33CL TROPICAL*,oasis 33cl tropical,,,,Sole tropicale,Sole,tropicale,,,,,330.0,330.0,330.0,ml,0.33,,,pièce,-,61.39,TF-IDF_Cosine,True,False,2698
OEUFS *6,oeufs 6,,,,Oeufs de saumon,Oeufs de saumon,,,,,,,,,,,,,Kg,-,62.55,TF-IDF_Cosine,True,False,2699
OEUFS Boîte de 6,oeufs boîte de 6,,,,Oeufs de saumon,Oeufs de saumon,,,,,,,,,,,,,Kg,-,60.51,TF-IDF_Cosine,True,False,2700
OEUFS Boîte de 6,oeufs boîte de 6,,,,Oeufs de saumon,Oeufs de saumon,,,,,,,,,,,,,Kg,-,60.51,TF-IDF_Cosine,True,False,2700
OEUFS FRAIS Boîte de 10,oeufs frais boîte de 10,,,,Oeufs de saumon,Oeufs de saumon,,,,,,,,,,,,,Kg,-,49.81,TF-IDF_Cosine,True,False,2701
OEUFS X6,oeufs x6,,,,Oeufs de saumon,Oeufs de saumon,,,,,,,,,,,,,Kg,-,65.23,TF-IDF_Cosine,True,False,2702
OIGNONS EMINCES-1kg-U,oignons eminces-1kg-u,,,,Oignons émincé,Oignons,émincé,,1.0,Kg,,1.0,1.0,1.0,Kg,1.0,,,Kg,-,69.86,LinearSVC,True,False,2703
OLIVE VERTE DENOYAUTE PXM 320G,olive verte denoyaute pxm 320g,,,,Olive verte dénoyauté,Olive verte,dénoyauté,,,,,320.0,320.0,320.0,g,0.32,,,pièce,-,71.59,TF-IDF_Cosine,False,False,2704
OLIVES NOIRES A LA GREQUE 370G,olives noires a la greque 370g,,,,Olive noire dénoyauté,Olive noire,dénoyauté,,,,,370.0,370.0,370.0,g,0.37,,,pièce,-,74.31,LinearSVC,False,False,2705
OLIVES VERTE ENTIERES BIO 370ML,olives verte entieres bio 370ml,,,,Olive verte,Olive verte,,,,,,370.0,370.0,370.0,ml,0.37,Bio,,pièce,-,57.89,TF-IDF_Cosine,True,False,2706
OLIVES VERTES MAROC 37CL,olives vertes maroc 37cl,,,,Olive verte,Olive verte,,,,,Maroc,370.0,370.0,370.0,ml,0.37,,,pièce,-,61.58,TF-IDF_Cosine,True,False,2707
ORANGETTES NOIR REVILLON 185G*,orangettes noir revillon 185g,,,,Orange,Orange,,,,,,185.0,185.0,185.0,g,0.185,,,pièce,-,46.38,TF-IDF_Cosine,True,False,2708
ORANGETTES NOIR REVILLON 185G*,orangettes noir revillon 185g,,,,Orange,Orange,,,,,,185.0,185.0,185.0,g,0.185,,,pièce,-,46.38,TF-IDF_Cosine,True,False,2708
ORTIE FEUILLE 30GR,ortie feuille 30gr,,,,Thé feuille,Thé,feuille,,,,,30.0,30.0,30.0,g,0.03,,,pièce,-,51.24,TF-IDF_Cosine,True,False,2709
ORTIE POUDRE 30GR,ortie poudre 30gr,,,,Sucre en poudre,Sucre,en poudre,,,,,30.0,30.0,30.0,g,0.03,,,pièce,-,45.1,TF-IDF_Cosine,True,False,2710
P'TITS FONDANTS x12 PATURAGES-200grs,ptits fondants x12 paturages-200grs,,,,Fondant blanc,Fondant,blanc,,12,pièce,,200.0,200.0,200.0,g,2.4000000000000004,,,pièce,-,40.01,TF-IDF_Cosine,True,False,2711
PAIN AU CHOCOLAT CLASSIC X8 360G,pain au chocolat classic x8 360g,,,,Pain au chocolat,Pain au chocolat,,,8,pièce,,360.0,360.0,360.0,g,2.88,,,pièce,-,84.6,LinearSVC,False,False,2712
PAIN AU LAIT *12 480G,pain au lait 12 480g,,,,Pain au lait,Pain au lait,,,12,pièce,,480.0,480.0,480.0,g,5.76,,,pièce,-,73.78,TF-IDF_Cosine,False,False,2713
PAIN AU LAIT CHOCOLAT SUPER U,pain au lait chocolat super u,,,,Pain au lait,Pain au lait,,,,,,,,,,,,,,-,74.37,LinearSVC,False,False,2714
PAIN DE MIE 100% MIE HARRYS 500G*,pain de mie 100 mie harrys 500g,,,,Pain de mie,Pain de mie,,,,,,500.0,500.0,500.0,g,0.5,,,pièce,-,75.84,TF-IDF_Cosine,False,False,2715
PAIN DE MIE 100% MIE HARRYS 500G*,pain de mie 100 mie harrys 500g,,,,Pain de mie,Pain de mie,,,,,,500.0,500.0,500.0,g,0.5,,,pièce,-,75.84,TF-IDF_Cosine,False,False,2715
PAIN DE MIE 15T* CASINO 280G*,pain de mie 15t casino 280g,,,,Pain de mie,Pain de mie,,,,,,280.0,280.0,280.0,g,0.28,,,pièce,-,84.99,LinearSVC,False,False,2716
PAIN DE MIE 15T* CASINO 280G*,pain de mie 15t casino 280g,,,,Pain de mie,Pain de mie,,,,,,280.0,280.0,280.0,g,0.28,,,pièce,-,84.99,LinearSVC,False,False,2716
PAIN DE MIE 900G *21T,pain de mie 900g 21t,,,,Pain de mie,Pain de mie,,,21,pièce,,900.0,900.0,900.0,g,18.900000000000002,,,pièce,-,85.6,LinearSVC,False,False,2717
PAIN DE MIE BIO GRD TRANCHE 14T* 500G,pain de mie bio grd tranche 14t 500g,,,,Pain de mie,Pain de mie,,,500,pièce,,500.0,500.0,500.0,g,250.0,Bio,,pièce,-,85.39,LinearSVC,False,False,2718
PAIN DE MIE BIO GRD TRANCHE 14T* 500G,pain de mie bio grd tranche 14t 500g,,,,Pain de mie,Pain de mie,,,500,pièce,,500.0,500.0,500.0,g,250.0,Bio,,pièce,-,85.39,LinearSVC,False,False,2718
PAIN DE MIE CEREALES CHABRIOR *20 500G,pain de mie cereales chabrior 20 500g,,,,Pain de mie,Pain de mie,,,20,pièce,,500.0,500.0,500.0,g,10.0,,,pièce,-,84.64,LinearSVC,False,False,2719
PAIN DE MIE COMPLET CHABRIOR *20 500G,pain de mie complet chabrior 20 500g,,,,Pain de mie complet,Pain de mie,complet,,20,pièce,,500.0,500.0,500.0,g,10.0,,,pièce,-,72.74,TF-IDF_Cosine,False,False,2720
PAIN DE MIE JACQUET *22T 475G SANS CROUTE,pain de mie jacquet 22t 475g sans croute,,,,Pain de mie,Pain de mie,,,22,pièce,,475.0,475.0,475.0,g,10.45,,,pièce,-,85.16,LinearSVC,False,False,2721
PAIN DE MIE NATURE CHABRIOR *14 550G,pain de mie nature chabrior 14 550g,,,,Pain de mie,Pain de mie,,,14,pièce,,550.0,550.0,550.0,g,7.700000000000001,,,pièce,-,85.95,LinearSVC,False,False,2722
PAIN DE MIE PUR MIE NATURE 500G,pain de mie pur mie nature 500g,,,,Pain de mie,Pain de mie,,,,,,500.0,500.0,500.0,g,0.5,,,pièce,-,86.13,LinearSVC,False,False,2723
PAIN DE MUIE 550G 14T*,pain de muie 550g 14t,,,,Pain,Pain,,,,,,550.0,550.0,550.0,g,0.55,,,pièce,-,59.89,TF-IDF_Cosine,True,False,2724
PAIN GRILLE 24T* 500G,pain grille 24t 500g,,,,Pain,Pain,,,500,pièce,,500.0,500.0,500.0,g,250.0,,,pièce,-,53.32,TF-IDF_Cosine,True,False,2725
PAIN GRILLE 24T* 500G,pain grille 24t 500g,,,,Pain,Pain,,,500,pièce,,500.0,500.0,500.0,g,250.0,,,pièce,-,53.32,TF-IDF_Cosine,True,False,2725
PAIN MAXI TRANCHES NATURE 825G,pain maxi tranches nature 825g,,,,Choux nature,Choux nature,,,,,,825.0,825.0,825.0,g,0.825,,,pièce,-,40.87,TF-IDF_Cosine,True,False,2726
PAINS AU CHOCLAT LA BOULANGERE 400G,pains au choclat la boulangere 400g,,,,Levure de boulanger,Levure,de boulanger,,,,,400.0,400.0,400.0,g,0.4,,,pièce,-,44.03,TF-IDF_Cosine,True,False,2727
PAINS AU CHOCOLAT 450G*10,pains au chocolat 450g10,,,,Pain au chocolat,Pain au chocolat,,,10,pièce,,450.0,450.0,450.0,g,4.5,,,pièce,-,70.89,TF-IDF_Cosine,False,False,2728
PAINS AU CHOCOLAT HIT 360G,pains au chocolat hit 360g,,,,Pain au chocolat,Pain au chocolat,,,,,,360.0,360.0,360.0,g,0.36,,,pièce,-,76.33,TF-IDF_Cosine,False,False,2729
PAINS AU LAIT *10350G,pains au lait 10350g,,,,Pain au lait,Pain au lait,,,10350,pièce,,10350.0,10350.0,10350.0,g,107122.5,,,pièce,-,65.76,TF-IDF_Cosine,True,False,2730
PAINS AU LAIT BIO-par 8- 280grs,pains au lait bio-par 8- 280grs,,,,Pain au lait,Pain au lait,,,,,,280.0,280.0,280.0,g,0.28,Bio,,pièce,-,50.74,TF-IDF_Cosine,True,False,2731
PAINS HOT DOG 2*4-METRO-500gr,pains hot dog 24-metro-500gr,,,,Pain pour hot dog,Pain pour hot dog,,,2,pièce,,500.0,500.0,500.0,g,1.0,,,pièce,-,66.9,TF-IDF_Cosine,True,False,2732
"""PAINS SPECIAUX FRAIS 0,40€ """,pains speciaux frais 040,,,,Pain aux raisins,Pain aux raisins,,,,,,,,,,,,,,-,46.5,TF-IDF_Cosine,True,False,2733
"""PAINS SPECIAUX FRAIS 0,60€""",pains speciaux frais 060,,,,Pain aux raisins,Pain aux raisins,,,,,,,,,,,,,,-,48.62,TF-IDF_Cosine,True,False,2734
PALET MADELEINE 125G-AUCHAN,palet madeleine 125g-auchan,,,,Gâteau madeleine,Gâteau madeleine,,,,,,125.0,125.0,125.0,g,0.125,,,pièce,-,57.97,TF-IDF_Cosine,True,False,2735
PALETS BRETON 2*125G U,palets breton 2125g u,,,,Gâteau palet breton,Gâteau palet breton,,,2,pièce,,125.0,125.0,125.0,g,0.25,,,pièce,-,67.87,TF-IDF_Cosine,True,False,2736
PALETS BRETON 2*125G U,palets breton 2125g u,,,,Gâteau palet breton,Gâteau palet breton,,,2,pièce,,125.0,125.0,125.0,g,0.25,,,pièce,-,67.87,TF-IDF_Cosine,True,False,2736
PALMIERS AUX FROMAGES CARREFOUR 100G,palmiers aux fromages carrefour 100g,,,,Palmier,Palmier,,,,,,100.0,100.0,100.0,g,0.1,,,pièce,-,50.59,TF-IDF_Cosine,True,False,2737
PANES AU CAMEMBERT *4 100G,panes au camembert 4 100g,,,,Camembert,Camembert,,,4,pièce,,100.0,100.0,100.0,g,0.4,,,pièce,-,82.28,LinearSVC,False,False,2738
PANIER YOPLAIT *6,panier yoplait 6,,,,Pain panini,Pain panini,,,,,,,,,,,,,,-,31.88,TF-IDF_Cosine,True,False,2739
PANZANI PROVENCALE LOT DE 2*400G,panzani provencale lot de 2400g,,,,Palette à la provençale,Palette,à la provençale,,2,pièce,,400.0,400.0,400.0,g,0.8,,,pièce,-,42.84,TF-IDF_Cosine,True,False,2740
PANZANI TOMACOULI Ail&finesHerbes 500G*,panzani tomacouli ailfinesherbes 500g,,,,Omelette aux fines herbes,Omelette,aux fines herbes,,,,,500.0,500.0,500.0,g,0.5,,,pièce,-,41.25,TF-IDF_Cosine,True,False,2741
PAPILLOTES REVILLON MALAKOFFS-NOIR-LAIT 370GR,papillotes revillon malakoffs-noir-lait 370gr,,,,Chocolat noir,Chocolat noir,,,,,,370.0,370.0,370.0,g,0.37,,,pièce,-,44.1,LinearSVC,True,False,2742
PAPILLOTES REVILLON MALAKOFFS-NOIR-LAIT 370GR,papillotes revillon malakoffs-noir-lait 370gr,,,,Chocolat noir,Chocolat noir,,,,,,370.0,370.0,370.0,g,0.37,,,pièce,-,44.1,LinearSVC,True,False,2742
PAPILLOTES REVILLON NOUGAT NOIR-LAIT-300GR,papillotes revillon nougat noir-lait-300gr,,,,Nougat,Nougat,,,,,,300.0,300.0,300.0,g,0.3,,,pièce,-,70.24,LinearSVC,False,False,2743
PAPILLOTES REVILLON-GUIMAUVES-NOIR LAIT-300GR,papillotes revillon-guimauves-noir lait-300gr,,,,Chocolat noir,Chocolat noir,,,,,,300.0,300.0,300.0,g,0.3,,,pièce,-,44.1,LinearSVC,True,False,2744
PAPILLOTES REVILLON-LAIT CARAMEL NOUGATINES-340GR,papillotes revillon-lait caramel nougatines-340gr,,,,Nougatine,Nougatine,,,,,,340.0,340.0,340.0,g,0.34,,,pièce,-,46.31,TF-IDF_Cosine,True,False,2745
PAPILLOTES REVILLON-MINI-NOIR-LAIT 300GR,papillotes revillon-mini-noir-lait 300gr,,,,Bouillon de volaille,Bouillon,de volaille,,,,,300.0,300.0,300.0,g,0.3,,,pièce,-,25.29,TF-IDF_Cosine,True,False,2746
PAPILLOTES REVILLON-TRUFFES NOIR-370GR,papillotes revillon-truffes noir-370gr,,,,Chocolat noir,Chocolat noir,,,,,,370.0,370.0,370.0,g,0.37,,,pièce,-,38.65,LinearSVC,True,False,2747
PAPILLOTES-REVILLON-NOIR-LAIT-BLANC-360GR,papillotes-revillon-noir-lait-blanc-360gr,,,,Cancoillotte,Cancoillotte,,,,,,360.0,360.0,360.0,g,0.36,,,pièce,-,28.29,TF-IDF_Cosine,True,False,2748
PAPRIKA 40G,paprika 40g,,,,Paprika,Paprika,,,,,,40.0,40.0,40.0,g,0.04,,,pièce,-,75.55,LinearSVC,False,False,2749
PAPRIKA CRIPS 200G,paprika crips 200g,,,,Paprika,Paprika,,,,,,200.0,200.0,200.0,g,0.2,,,pièce,-,79.49,LinearSVC,False,False,2750
PAPRIKA U FC 16G,paprika u fc 16g,,,,Paprika,Paprika,,,,,,16.0,16.0,16.0,g,0.016,,,pièce,-,87.31,LinearSVC,False,False,2751
PARMIGIANO REGGIANO RAPE 60G,parmigiano reggiano rape 60g,,,,Grana Padano,Grana Padano,,,,,,60.0,60.0,60.0,g,0.06,,,pièce,-,29.01,TF-IDF_Cosine,True,False,2752
PASTA BERRUTO ITALPASTA 500GR,pasta berruto italpasta 500gr,,,,Pastis,Pastis,,,,,,500.0,500.0,500.0,g,0.5,,,pièce,-,40.51,TF-IDF_Cosine,True,False,2753
PATE AU BOEUF CHAT PXM BQ 100G,pate au boeuf chat pxm bq 100g,,,,Boeuf,Boeuf,,,,,,100.0,100.0,100.0,g,0.1,,,pièce,-,51.96,TF-IDF_Cosine,True,False,2754
PATE BRISEE/FEUILLETEE/SABLEE/PIZZA,pate briseefeuilleteesableepizza,,,,Pizza,Pizza,,,,,,,,,,,,,,-,37.08,TF-IDF_Cosine,True,False,2755
PATE CAMPAGNE SUPERIEUR 200G,pate campagne superieur 200g,,,,Pain de campagne,Pain,de campagne,,,,,200.0,200.0,200.0,g,0.2,,,pièce,-,82.03,LinearSVC,False,False,2756
PATE D'AMANDE TRICOLORE 250G,pate damande tricolore 250g,,,,Pomme bicolore,Pomme,bicolore,,,,,250.0,250.0,250.0,g,0.25,,,pièce,-,42.1,TF-IDF_Cosine,True,False,2757
PATE D'AMANDE TRICOLORE 250G,pate damande tricolore 250g,,,,Pomme bicolore,Pomme,bicolore,,,,,250.0,250.0,250.0,g,0.25,,,pièce,-,42.1,TF-IDF_Cosine,True,False,2757
PATE DE FOIE,pate de foie,,,,Foie,Foie,,,,,,,,,,,,,Kg,-,70.01,TF-IDF_Cosine,False,False,2758
PATE DE FRUITS CERISE CEMOI 30G,pate de fruits cerise cemoi 30g,,,,Cerise,Cerise,,,,,,30.0,30.0,30.0,g,0.03,,,pièce,-,59.43,TF-IDF_Cosine,True,False,2759
PATE DE FRUITS FRAISE 30G CEMOI,pate de fruits fraise 30g cemoi,,,,Fraise,Fraise,,,,,,30.0,30.0,30.0,g,0.03,,,pièce,-,53.18,TF-IDF_Cosine,True,False,2760
PATE DE FRUITS FRAISE 30G CEMOI,pate de fruits fraise 30g cemoi,,,,Fraise,Fraise,,,,,,30.0,30.0,30.0,g,0.03,,,pièce,-,53.18,TF-IDF_Cosine,True,False,2760
PATE DE FRUITS POIRE 30G,pate de fruits poire 30g,,,,Poire,Poire,,,,,,30.0,30.0,30.0,g,0.03,,,pièce,-,50.38,TF-IDF_Cosine,True,False,2761
PATE FEUILLETE MONIQUE RANNOU 230G,pate feuillete monique rannou 230g,,,,Pâte feuilletée,Pâte feuilletée,,,,,,230.0,230.0,230.0,g,0.23,,,pièce,-,36.73,TF-IDF_Cosine,True,False,2762
PATE FEUILLETE TABLIER BLANC LECLERC 230G,pate feuillete tablier blanc leclerc 230g,,,,Laurier feuille,Laurier feuille,,,,,,230.0,230.0,230.0,g,0.23,,,pièce,-,33.47,TF-IDF_Cosine,True,False,2763
PATE FEUILLETEE AUCHAN 230G,pate feuilletee auchan 230g,,,,Pâte feuilletée,Pâte feuilletée,,,,,,230.0,230.0,230.0,g,0.23,,,pièce,-,41.07,TF-IDF_Cosine,True,False,2764
PATE FEUILLTEE -30% MG 230G,pate feuilltee -30 mg 230g,,,,Crème de lait 30% mg épaisse,Crème de lait,30% mg épaisse,,,,,230.0,230.0,230.0,g,0.23,,,pièce,-,42.55,LinearSVC,True,False,2765
PATE FEULLLETE 230G,pate feulllete 230g,,,,Pâte feuilletée,Pâte feuilletée,,,,,,230.0,230.0,230.0,g,0.23,,,pièce,-,33.83,TF-IDF_Cosine,True,False,2766
"""PATE FOIE SUP, 3*78grs AUCHAN""",pate foie sup 378grs auchan,,,,Foie,Foie,,,3,pièce,,78.0,78.0,78.0,g,0.23399999999999999,,,pièce,-,78.79,LinearSVC,False,False,2767
PATE FOIE-3*78gr-U,pate foie-378gr-u,,,,Foie,Foie,,,3,pièce,,78.0,78.0,78.0,g,0.23399999999999999,,,pièce,-,59.32,LinearSVC,True,False,2768
PATES ALFABETS U SACHET 500G,pates alfabets u sachet 500g,,,,Alfalfa,Alfalfa,,,,,,500.0,500.0,500.0,g,0.5,,,pièce,-,43.01,TF-IDF_Cosine,True,False,2769
PATES ALPHABET 500G,pates alphabet 500g,,,,Produit non trouvé,Produit non trouvé,,,,,,500.0,500.0,500.0,g,0.5,,,pièce,,22.15,TF-IDF_Cosine,True,False,2770
PATES CHEVEUX D ANGE 500G,pates cheveux d ange 500g,,,,Cheveu d'ange,Cheveu d'ange,,,,,,500.0,500.0,500.0,g,0.5,,,pièce,-,62.78,TF-IDF_Cosine,True,False,2771
PATES ETOILES U SACHET 500G,pates etoiles u sachet 500g,,,,Brochet,Brochet,,,,,,500.0,500.0,500.0,g,0.5,,,pièce,-,26.09,TF-IDF_Cosine,True,False,2772
PATES LANGUES D'OISEAU 500G,pates langues doiseau 500g,,,,Langue de boeuf,Langue,de boeuf,,,,,500.0,500.0,500.0,g,0.5,,,pièce,-,36.04,TF-IDF_Cosine,True,False,2773
PATISSERIE/VIENNOISERIE,patisserieviennoiserie,,,,Mini-viennoiserie,Mini-viennoiserie,,,,,,,,,,,,,,-,61.47,TF-IDF_Cosine,True,False,2774
PECHES AU SIROP-360Gr,peches au sirop-360gr,,,,Sirop,Sirop,,,,,,360.0,360.0,360.0,g,0.36,,,pièce,-,48.92,TF-IDF_Cosine,True,False,2775
PEIT SUISSE PEPPA PIG 100G,peit suisse peppa pig 100g,,,,Petit suisse,Petit suisse,,,,,,100.0,100.0,100.0,g,0.1,,,pièce,-,70.95,LinearSVC,False,False,2776
PENNE AUX 2 SAUMONS 280G,penne aux 2 saumons 280g,,,,Saumon,Saumon,,,2,pièce,,280.0,280.0,280.0,g,0.56,,,pièce,-,42.49,TF-IDF_Cosine,True,False,2777
PENNE RIGATE 500G,penne rigate 500g,,,,Penne Rigate,Penne Rigate,,,,,,500.0,500.0,500.0,g,0.5,,,pièce,-,86.51,LinearSVC,False,False,2778
PEPITES DOREES CROUSTILLANTES *360G,pepites dorees croustillantes 360g,,,,Chocolat au lait aux céréales croustillantes,Chocolat au lait,aux céréales croustillantes,,360,pièce,,360.0,360.0,360.0,g,129.6,,,pièce,-,52.43,TF-IDF_Cosine,True,False,2779
PEPITES DOREES CROUSTILLANTES *360G,pepites dorees croustillantes 360g,,,,Chocolat au lait aux céréales croustillantes,Chocolat au lait,aux céréales croustillantes,,360,pièce,,360.0,360.0,360.0,g,129.6,,,pièce,-,52.43,TF-IDF_Cosine,True,False,2779
PEPSI 50 CL,pepsi 50 cl,,,,Café équilibre 50/50,Café,équilibre 50/50,,,,,500.0,500.0,500.0,ml,0.5,,,pièce,-,28.97,TF-IDF_Cosine,True,False,2780
PERLE DE LAIT *8 1KG,perle de lait 8 1kg,,,,Perles du Japon,Perles du Japon,,,1.0,Kg,,1.0,1.0,1.0,Kg,1.0,,,Kg,-,40.32,TF-IDF_Cosine,True,False,2781
PERSIL DUCROS 30G,persil ducros 30g,,,,Persil,Persil,,,,,,30.0,30.0,30.0,g,0.03,,,pièce,-,84.07,LinearSVC,False,False,2782
PERSIL SUP'HERB-Surgelés 50Gr,persil supherb-surgelés 50gr,,,,Persil,Persil,,,,,,50.0,50.0,50.0,g,0.05,,,pièce,-,80.21,LinearSVC,False,False,2783
PERSIL U FC 7G,persil u fc 7g,,,,Persil,Persil,,,,,,7.0,7.0,7.0,g,0.007,,,pièce,-,80.21,LinearSVC,False,False,2784
PESPI 2L,pespi 2l,,,,Pesto,Pesto,,,2.0,L,,2.0,2.0,2.0,L,2.0,,,L,-,38.06,TF-IDF_Cosine,True,False,2785
PESTO AIL DES OURS,pesto ail des ours,,,,Pesto,Pesto,,,,,,,,,,,,,,-,82.35,LinearSVC,False,False,2786
PETALES DE BLE CHOCOLAT 750G,petales de ble chocolat 750g,,,,Chocolat blanc,Chocolat blanc,,,,,,750.0,750.0,750.0,g,0.75,,,pièce,-,47.57,TF-IDF_Cosine,True,False,2787
PETALES DE BLE CHOCOLAT 750G,petales de ble chocolat 750g,,,,Chocolat blanc,Chocolat blanc,,,,,,750.0,750.0,750.0,g,0.75,,,pièce,-,47.57,TF-IDF_Cosine,True,False,2787
PETIT BEURRE 2*200gr-U,petit beurre 2200gr-u,,,,Biscuit sec petit beurre,Biscuit sec petit beurre,,,2,pièce,,200.0,200.0,200.0,g,0.4,,,pièce,-,80.76,LinearSVC,False,False,2788
PETIT BEURRE 200G-AUCHAN,petit beurre 200g-auchan,,,,Biscuit sec petit beurre,Biscuit sec petit beurre,,,,,,200.0,200.0,200.0,g,0.2,,,pièce,-,59.97,LinearSVC,True,False,2789
PETIT BEURRE U 200G,petit beurre u 200g,,,,Biscuit sec petit beurre,Biscuit sec petit beurre,,,,,,200.0,200.0,200.0,g,0.2,,,pièce,-,71.6,LinearSVC,False,False,2790
PETIT BEURRE U 200G,petit beurre u 200g,,,,Biscuit sec petit beurre,Biscuit sec petit beurre,,,,,,200.0,200.0,200.0,g,0.2,,,pièce,-,71.6,LinearSVC,False,False,2790
PETIT BEURRE U LOT *4 800G,petit beurre u lot 4 800g,,,,Biscuit sec petit beurre,Biscuit sec petit beurre,,,4,pièce,,800.0,800.0,800.0,g,3.2,,,pièce,-,65.82,LinearSVC,True,False,2791
PETIT BISCUIT 100G,petit biscuit 100g,,,,Biscuit sec petit beurre,Biscuit sec petit beurre,,,,,,100.0,100.0,100.0,g,0.1,,,pièce,-,73.58,TF-IDF_Cosine,False,False,2792
PETIT CAMENBERT PRESIDENT 145G *,petit camenbert president 145g,,,,Petit pois,Petit pois,,,,,,145.0,145.0,145.0,g,0.145,,,pièce,-,39.31,TF-IDF_Cosine,True,False,2793
PETIT FILOU *4 VANILLE 400G*,petit filou 4 vanille 400g,,,,Petit suisse 40% mg,Petit suisse,40% mg,,4,pièce,,400.0,400.0,400.0,g,1.6,,,pièce,-,45.64,TF-IDF_Cosine,True,False,2794
PETIT FILOU *6 300G,petit filou 6 300g,,,,Petit pois,Petit pois,,,6,pièce,,300.0,300.0,300.0,g,1.7999999999999998,,,pièce,-,45.85,TF-IDF_Cosine,True,False,2795
PETIT FILOU STRAWBERRY,petit filou strawberry,,,,Petit pois,Petit pois,,,,,,,,,,,,,,-,43.97,LinearSVC,True,False,2796
PETIT FILOUS 18*50grs,petit filous 1850grs,,,,Petit pois,Petit pois,,,18,pièce,,50.0,50.0,50.0,g,0.9,,,pièce,-,48.99,TF-IDF_Cosine,True,False,2797
PETIT FROMAGE FRAIS 720G,petit fromage frais 720g,,,,Gâteau au fromage frais,Gâteau au fromage frais,,,,,,720.0,720.0,720.0,g,0.72,,,pièce,-,67.94,LinearSVC,True,False,2798
PETIT NOVA BIO *6 300G,petit nova bio 6 300g,,,,Petit pois,Petit pois,,,6,pièce,,300.0,300.0,300.0,g,1.7999999999999998,Bio,,pièce,-,48.11,TF-IDF_Cosine,True,False,2799
PETIT PAIN GRILLES FROMENT U 225G,petit pain grilles froment u 225g,,,,Petit pois,Petit pois,,,,,,225.0,225.0,225.0,g,0.225,,,pièce,-,41.47,TF-IDF_Cosine,True,False,2800
PETIT POT BB BROCOLIS/PDT 260G,petit pot bb brocolispdt 260g,,,,Brocoli,Brocoli,,,,,,260.0,260.0,260.0,g,0.26,,,pièce,-,46.32,TF-IDF_Cosine,True,False,2801
PETIT POT BB CAROTTES BIO 260G,petit pot bb carottes bio 260g,,,,Petits pois et carottes,Petits pois et carottes,,,,,,260.0,260.0,260.0,g,0.26,Bio,,pièce,-,63.68,TF-IDF_Cosine,True,False,2802
PETIT POT BB HARICOTS VERT PDT 260G,petit pot bb haricots vert pdt 260g,,,,Haricot vert,Haricot vert,,,,,,260.0,260.0,260.0,g,0.26,,,pièce,-,59.88,TF-IDF_Cosine,True,False,2803
PETIT POT BB POMMES/FRAISES 260G,petit pot bb pommesfraises 260g,,,,Petit pois,Petit pois,,,,,,260.0,260.0,260.0,g,0.26,,,pièce,-,49.32,TF-IDF_Cosine,True,False,2804
PETIT POT BB POMMES/POIRES 260G,petit pot bb pommespoires 260g,,,,Petit pois,Petit pois,,,,,,260.0,260.0,260.0,g,0.26,,,pièce,-,51.67,TF-IDF_Cosine,True,False,2805
PETIT POT BLEDINA tomates-riz-poulet 2*200g,petit pot bledina tomates-riz-poulet 2200g,,,,Poulet,Poulet,,,2,pièce,,200.0,200.0,200.0,g,0.4,,,pièce,-,41.01,TF-IDF_Cosine,True,False,2806
PETIT POT BLEDINA épinards-semoule-merlu 2*200g,petit pot bledina épinards-semoule-merlu 2200g,,,,Merlu,Merlu,,,2,pièce,,200.0,200.0,200.0,g,0.4,,,pièce,-,72.06,LinearSVC,False,False,2807
PETIT POT CREME DESSERT 400G,petit pot creme dessert 400g,,,,Petit suisse 40% mg,Petit suisse,40% mg,,,,,400.0,400.0,400.0,g,0.4,,,pièce,-,46.23,TF-IDF_Cosine,True,False,2808
PETIT POT POMMES/MÛRES,petit pot pommesmûres,,,,Petit pois,Petit pois,,,,,,,,,,,,,,-,49.24,TF-IDF_Cosine,True,False,2809
PETIT SUISSE *12 720G,petit suisse 12 720g,,,,Petit suisse,Petit suisse,,,12,pièce,,720.0,720.0,720.0,g,8.64,,,pièce,-,80.67,TF-IDF_Cosine,False,False,2810
PETIT SUISSE *6 360G NOVA,petit suisse 6 360g nova,,,,Petit suisse,Petit suisse,,,6,pièce,,360.0,360.0,360.0,g,2.16,,,pièce,-,82.05,TF-IDF_Cosine,False,False,2811
PETIT SUISSE *6 BANANE FRAISE,petit suisse 6 banane fraise,,,,Petit suisse,Petit suisse,,,,,,,,,,,,,,-,67.61,TF-IDF_Cosine,True,False,2812
PETIT SUISSE *6 BANANE FRAISE,petit suisse 6 banane fraise,,,,Petit suisse,Petit suisse,,,,,,,,,,,,,,-,67.61,TF-IDF_Cosine,True,False,2812
PETIT SUISSE NATURE 360G *6,petit suisse nature 360g 6,,,,Petit suisse,Petit suisse,,,6,pièce,,360.0,360.0,360.0,g,2.16,,,pièce,-,74.84,LinearSVC,False,False,2813
PETIT YOP FRAISE,petit yop fraise,,,,Yaourt à boire,Yaourt à boire,,,,,,,,,,,,,,-,85.27,LinearSVC,False,False,2814
PETIT YOP FRAISE 180G,petit yop fraise 180g,,,,Yaourt à boire,Yaourt à boire,,,,,,180.0,180.0,180.0,g,0.18,,,pièce,-,84.13,LinearSVC,False,False,2815
PETIT YOP FRUITS ROUGE 180G,petit yop fruits rouge 180g,,,,Yaourt à boire,Yaourt à boire,,,,,,180.0,180.0,180.0,g,0.18,,,pièce,-,81.7,LinearSVC,False,False,2816
PETIT YOP PARFUM FRAISE,petit yop parfum fraise,,,,Yaourt à boire,Yaourt à boire,,,,,,,,,,,,,,-,79.89,LinearSVC,False,False,2817
PETIT YOP PARFUM FRAMBOISE,petit yop parfum framboise,,,,Yaourt à boire,Yaourt à boire,,,,,,,,,,,,,,-,82.24,LinearSVC,False,False,2818
PETIT YOP VANILLE 180grs,petit yop vanille 180grs,,,,Yaourt à boire,Yaourt à boire,,,,,,180.0,180.0,180.0,g,0.18,,,pièce,-,83.26,LinearSVC,False,False,2819
PETITE BAGUETTE,petite baguette,,,,Baguette,Baguette,,,,,,,,,,,,,,-,82.11,LinearSVC,False,False,2820
"""PETITE BAGUETTE 0,10€""",petite baguette 010,,,,Baguette,Baguette,,,,,,,,,,,,,,-,82.11,LinearSVC,False,False,2821
"""PETITE BAGUETTE 0,10€ """,petite baguette 010,,,,Baguette,Baguette,,,,,,,,,,,,,,-,82.11,LinearSVC,False,False,2822
PETITE BAGUETTE FRAICHE,petite baguette fraiche,,,,Baguette,Baguette,,,,,,,,,,,,,,-,65.15,TF-IDF_Cosine,True,False,2823
"""PETITE BOULE 0,10€""",petite boule 010,,,,Porc rouelle,Porc,rouelle,,,,,,,,,,,,Kg,-,41.92,LinearSVC,True,False,2824
"""PETITE BOULE 0,10€ """,petite boule 010,,,,Porc rouelle,Porc,rouelle,,,,,,,,,,,,Kg,-,41.92,LinearSVC,True,False,2825
PETITES CREPES *6 240G,petites crepes 6 240g,,,,Petit pois,Petit pois,,,6,pièce,,240.0,240.0,240.0,g,1.44,,,pièce,-,40.41,TF-IDF_Cosine,True,False,2826
PETITES TRANCHES TRUITE 100G,petites tranches truite 100g,,,,Truite,Truite,,,,,,100.0,100.0,100.0,g,0.1,,,pièce,-,77.37,LinearSVC,False,False,2827
PETITS CHEVRES DOUX *10PALETS,petits chevres doux 10palets,,,,Petits pois,Petits pois,,,,,,100.0,100.0,100.0,g,0.1,,,pièce,-,46.57,TF-IDF_Cosine,True,False,2828
PETITS CHINOIS PEPITES CHOCOLAT 300G,petits chinois pepites chocolat 300g,,,,Chou chinois,Chou chinois,,,,,,300.0,300.0,300.0,g,0.3,,,pièce,-,58.94,LinearSVC,True,False,2829
PETITS FILOUS,petits filous,,,,Petits pois,Petits pois,,,,,,100.0,100.0,100.0,g,0.1,,,pièce,-,59.57,TF-IDF_Cosine,True,False,2830
PETITS FILOUS,petits filous,,,,Petits pois,Petits pois,,,,,,100.0,100.0,100.0,g,0.1,,,pièce,-,59.57,TF-IDF_Cosine,True,False,2830
PETITS FILOUS *6,petits filous 6,,,,Petits pois,Petits pois,,,,,,100.0,100.0,100.0,g,0.1,,,pièce,-,54.82,TF-IDF_Cosine,True,False,2831
PETITS FILOUS *6 600G,petits filous 6 600g,,,,Petits pois,Petits pois,,,6,pièce,,600.0,600.0,600.0,g,3.5999999999999996,,,pièce,-,50.54,TF-IDF_Cosine,True,False,2832
PETITS FILOUS 100G*6,petits filous 100g6,,,,Petits pois,Petits pois,,,6,pièce,,100.0,100.0,100.0,g,0.6000000000000001,,,pièce,-,54.32,TF-IDF_Cosine,True,False,2833
"""PETITS FILOUS 24 POTS 1,2KG""",petits filous 24 pots 12kg,,,,Petits pois,Petits pois,,,1.2,Kg,,1.2,1.2,1.2,Kg,1.2,,,Kg,-,54.71,LinearSVC,True,False,2834
PETITS FILOUS 4*85grs 340G,petits filous 485grs 340g,,,,Petits pois,Petits pois,,,4,pièce,,340.0,340.0,340.0,g,1.36,,,pièce,-,53.72,LinearSVC,True,False,2835
PETITS FILOUS FAMILY 846G,petits filous family 846g,,,,Petits pois,Petits pois,,,,,,846.0,846.0,846.0,g,0.846,,,pièce,-,53.72,LinearSVC,True,False,2836
PETITS FILOUS YOPLAIT,petits filous yoplait,,,,Petits pois,Petits pois,,,,,,100.0,100.0,100.0,g,0.1,,,pièce,-,52.05,TF-IDF_Cosine,True,False,2837
PETITS PAINS GRILLES BLE COMPLET 225G,petits pains grilles ble complet 225g,,,,Pain complet,Pain,complet,,,,,225.0,225.0,225.0,g,0.225,,,pièce,-,56.76,TF-IDF_Cosine,True,False,2838
PETITS PAINS GRILLES BLE COMPLET U,petits pains grilles ble complet u,,,,Pain complet,Pain,complet,,,,,,,,,,,,,-,57.06,TF-IDF_Cosine,True,False,2839
PETITS PAINS GRILLES BLE COMPLET U-225gr,petits pains grilles ble complet u-225gr,,,,Pain complet,Pain,complet,,,,,225.0,225.0,225.0,g,0.225,,,pièce,-,55.62,TF-IDF_Cosine,True,False,2840
PETITS PAINS GRILLES BLE COMPLET U-225gr,petits pains grilles ble complet u-225gr,,,,Pain complet,Pain,complet,,,,,225.0,225.0,225.0,g,0.225,,,pièce,-,55.62,TF-IDF_Cosine,True,False,2840
PETITS POIS CAROTTES BONDUELLE 400G,petits pois carottes bonduelle 400g,,,,Petits pois et carottes,Petits pois et carottes,,,,,,400.0,400.0,400.0,g,0.4,,,pièce,-,72.34,LinearSVC,False,False,2841
PETITS POIS EXT FIN 1KG-AUCHAN,petits pois ext fin 1kg-auchan,,,,Petits pois,Petits pois,,,1.0,Kg,,1.0,1.0,1.0,Kg,1.0,,,Kg,-,77.96,LinearSVC,False,False,2842
PETITS POIS EXTRA FIN-1kg-U,petits pois extra fin-1kg-u,,,,Petits pois,Petits pois,,,1.0,Kg,,1.0,1.0,1.0,Kg,1.0,,,Kg,-,73.53,LinearSVC,False,False,2843
PETITS POIS/CAROTTES MILA 400G,petits poiscarottes mila 400g,,,,Petits pois et carottes,Petits pois et carottes,,,,,,400.0,400.0,400.0,g,0.4,,,pièce,-,70.81,TF-IDF_Cosine,False,False,2844
PETITS SUISSE *6,petits suisse 6,,,,Petit suisse,Petit suisse,,,,,,,,,,,,,,-,79.64,TF-IDF_Cosine,False,False,2845
PETITS SUISSE *9,petits suisse 9,,,,Petit suisse,Petit suisse,,,,,,,,,,,,,,-,84.11,TF-IDF_Cosine,False,False,2846
PITCH CHOCOBARRE *4 150G,pitch chocobarre 4 150g,,,,Barre à la noix de coco au chocolat,Barre à la noix de coco,au chocolat,,4,pièce,,150.0,150.0,150.0,g,0.6,,,pièce,-,34.15,TF-IDF_Cosine,True,False,2847
PITCH CHOCOBARRE *4 150G,pitch chocobarre 4 150g,,,,Barre à la noix de coco au chocolat,Barre à la noix de coco,au chocolat,,4,pièce,,150.0,150.0,150.0,g,0.6,,,pièce,-,34.15,TF-IDF_Cosine,True,False,2847
PIZZ'APERO 85G-AUCHAN,pizzapero 85g-auchan,,,,Pizza,Pizza,,,,,,85.0,85.0,85.0,g,0.085,,,pièce,-,52.42,TF-IDF_Cosine,True,False,2848
PIZZA 3 FROMAGES-200gr-U,pizza 3 fromages-200gr-u,,,,Pizza 4 fromages,Pizza,4 fromages,,,,,200.0,200.0,200.0,g,0.2,,,pièce,-,85.91,LinearSVC,False,False,2849
PIZZA 4 FROMAGES 390G,pizza 4 fromages 390g,,,,Pizza 4 fromages,Pizza,4 fromages,,,,,390.0,390.0,390.0,g,0.39,,,pièce,-,85.91,LinearSVC,False,False,2850
PIZZA 4 FROMAGES U 350G,pizza 4 fromages u 350g,,,,Pizza 4 fromages,Pizza,4 fromages,,,,,350.0,350.0,350.0,g,0.35,,,pièce,-,85.08,LinearSVC,False,False,2851
PIZZA AUCHAN CHORIZO 450G,pizza auchan chorizo 450g,,,,Pizza au chorizo,Pizza,au chorizo,,,,,450.0,450.0,450.0,g,0.45,,,pièce,-,77.13,LinearSVC,False,False,2852
PIZZA BOLOGNAISE U 330G,pizza bolognaise u 330g,,,,Sauce bolognaise,Sauce bolognaise,,,,,,330.0,330.0,330.0,g,0.33,,,pièce,-,69.69,TF-IDF_Cosine,True,False,2853
PIZZA CHORIZO U 450G,pizza chorizo u 450g,,,,Pizza au chorizo,Pizza,au chorizo,,,,,450.0,450.0,450.0,g,0.45,,,pièce,-,85.31,LinearSVC,False,False,2854
PIZZA CHORIZO-200gr-U,pizza chorizo-200gr-u,,,,Pizza au chorizo,Pizza,au chorizo,,,,,200.0,200.0,200.0,g,0.2,,,pièce,-,85.25,LinearSVC,False,False,2855
PIZZA CSP BOLOGNAISE 390G-AUCHAN,pizza csp bolognaise 390g-auchan,,,,Sauce bolognaise,Sauce bolognaise,,,,,,390.0,390.0,390.0,g,0.39,,,pièce,-,63.74,TF-IDF_Cosine,True,False,2856
PIZZA CSP CHORIZO 390G,pizza csp chorizo 390g,,,,Pizza au chorizo,Pizza,au chorizo,,,,,390.0,390.0,390.0,g,0.39,,,pièce,-,85.25,LinearSVC,False,False,2857
PIZZA CSP ROYALE 400G-AUCHAN,pizza csp royale 400g-auchan,,,,Pizza royale,Pizza,royale,,,,,400.0,400.0,400.0,g,0.4,,,pièce,-,78.4,LinearSVC,False,False,2858
PIZZA JAMBON FROMAGES-200gr-U,pizza jambon fromages-200gr-u,,,,Pizza jambon fromage,Pizza,jambon fromage,,,,,200.0,200.0,200.0,g,0.2,,,pièce,-,87.65,TF-IDF_Cosine,False,False,2859
PIZZA MARGUERITA U 320G,pizza marguerita u 320g,,,,Pizza,Pizza,,,,,,320.0,320.0,320.0,g,0.32,,,pièce,-,64.1,LinearSVC,True,False,2860
PIZZA MERGUEZ 350G U,pizza merguez 350g u,,,,Merguez,Merguez,,,,,,350.0,350.0,350.0,g,0.35,,,pièce,-,71.17,TF-IDF_Cosine,False,False,2861
PIZZA ROYALE U 370G,pizza royale u 370g,,,,Pizza royale,Pizza,royale,,,,,370.0,370.0,370.0,g,0.37,,,pièce,-,88.07,LinearSVC,False,False,2862
"""PLAT PREPARE CARNE 0,20€""",plat prepare carne 020,,,,Chili con carne,Chili con carne,,,,,,,,,,,,,,-,34.79,TF-IDF_Cosine,True,False,2863
"""PLAT PREPARE CARNE 0,70€""",plat prepare carne 070,,,,Chili con carne,Chili con carne,,,,,,,,,,,,,,-,36.75,TF-IDF_Cosine,True,False,2864
"""PLAT PREPARE CARNE 0,80€""",plat prepare carne 080,,,,Chili con carne,Chili con carne,,,,,,,,,,,,,,-,36.84,TF-IDF_Cosine,True,False,2865
"""PLAT PREPARE CARNE 0,90€""",plat prepare carne 090,,,,Chili con carne,Chili con carne,,,,,,,,,,,,,,-,37.64,TF-IDF_Cosine,True,False,2866
"""PLAT PREPARE CARNE 1,30€""",plat prepare carne 130,,,,Chili con carne,Chili con carne,,,,,,,,,,,,,,-,37.28,TF-IDF_Cosine,True,False,2867
"""PLAT PREPARE CARNE 1,50€""",plat prepare carne 150,,,,Chili con carne,Chili con carne,,,,,,,,,,,,,,-,34.58,TF-IDF_Cosine,True,False,2868
"""PLAT PREPARE CARNE 1,80€""",plat prepare carne 180,,,,Chili con carne,Chili con carne,,,,,,,,,,,,,,-,37.07,TF-IDF_Cosine,True,False,2869
"""PLAT PREPARE CARNE 1,90€""",plat prepare carne 190,,,,Chili con carne,Chili con carne,,,,,,,,,,,,,,-,37.89,TF-IDF_Cosine,True,False,2870
"""PLAT PREPARE CARNE 2,00€""",plat prepare carne 200,,,,Chili con carne,Chili con carne,,,,,,,,,,,,,,-,37.26,TF-IDF_Cosine,True,False,2871
"""PLAT PREPARE CARNE 3,00€""",plat prepare carne 300,,,,Chili con carne,Chili con carne,,,,,,,,,,,,,,-,37.16,TF-IDF_Cosine,True,False,2872
"""PLAT PREPARE CARNE 3,20€""",plat prepare carne 320,,,,Chili con carne,Chili con carne,,,,,,,,,,,,,,-,37.32,TF-IDF_Cosine,True,False,2873
"""PLAT PREPARE CARNE 3,40€""",plat prepare carne 340,,,,Chili con carne,Chili con carne,,,,,,,,,,,,,,-,36.86,TF-IDF_Cosine,True,False,2874
"""PLAT PREPARE CARNE 3,60€""",plat prepare carne 360,,,,Chili con carne,Chili con carne,,,,,,,,,,,,,,-,38.73,TF-IDF_Cosine,True,False,2875
"""PLAT PREPARE CARNE 3,80€""",plat prepare carne 380,,,,Chili con carne,Chili con carne,,,,,,,,,,,,,,-,36.95,TF-IDF_Cosine,True,False,2876
"""PLAT PREPARE CARNE 0,30€""",plat prepare carne 030,,,,Chili con carne,Chili con carne,,,,,,,,,,,,,,-,37.05,TF-IDF_Cosine,True,False,2877
"""PLAT PREPARE CARNE 0,40€""",plat prepare carne 040,,,,Chili con carne,Chili con carne,,,,,,,,,,,,,,-,36.75,TF-IDF_Cosine,True,False,2878
"""PLAT PREPARE CARNE 0,50€""",plat prepare carne 050,,,,Chili con carne,Chili con carne,,,,,,,,,,,,,,-,34.65,TF-IDF_Cosine,True,False,2879
"""PLAT PREPARE CARNE 0,60€""",plat prepare carne 060,,,,Chili con carne,Chili con carne,,,,,,,,,,,,,,-,38.6,TF-IDF_Cosine,True,False,2880
"""PLAT PREPARE CARNE 1,00€""",plat prepare carne 100,,,,Chili con carne,Chili con carne,,,,,,,,,,,,,,-,37.37,TF-IDF_Cosine,True,False,2881
"""PLAT PREPARE CARNE 1,20€""",plat prepare carne 120,,,,Chili con carne,Chili con carne,,,,,,,,,,,,,,-,36.11,TF-IDF_Cosine,True,False,2882
"""PLAT PREPARE CARNE 1,40€""",plat prepare carne 140,,,,Chili con carne,Chili con carne,,,,,,,,,,,,,,-,36.98,TF-IDF_Cosine,True,False,2883
"""PLAT PREPARE CARNE 1,60€""",plat prepare carne 160,,,,Chili con carne,Chili con carne,,,,,,,,,,,,,,-,38.87,TF-IDF_Cosine,True,False,2884
"""PLAT PREPARE CARNE 1,70€""",plat prepare carne 170,,,,Chili con carne,Chili con carne,,,,,,,,,,,,,,-,36.98,TF-IDF_Cosine,True,False,2885
"""PLAT PREPARE CARNE 2,20€""",plat prepare carne 220,,,,Chili con carne,Chili con carne,,,,,,,,,,,,,,-,37.29,TF-IDF_Cosine,True,False,2886
"""PLAT PREPARE CARNE 2,40€""",plat prepare carne 240,,,,Chili con carne,Chili con carne,,,,,,,,,,,,,,-,36.83,TF-IDF_Cosine,True,False,2887
"""PLAT PREPARE CARNE 2,60€""",plat prepare carne 260,,,,Chili con carne,Chili con carne,,,,,,,,,,,,,,-,38.69,TF-IDF_Cosine,True,False,2888
"""PLAT PREPARE CARNE 2,80€""",plat prepare carne 280,,,,Chili con carne,Chili con carne,,,,,,,,,,,,,,-,35.29,TF-IDF_Cosine,True,False,2889
"""PLAT PREPARE CARNE 4,00€""",plat prepare carne 400,,,,Chili con carne,Chili con carne,,,,,,,,,,,,,,-,36.69,TF-IDF_Cosine,True,False,2890
PLAT PREPARE DIVERS BA,plat prepare divers ba,,,,Haricot plat,Haricot plat,,,,,,200.0,200.0,200.0,g,0.2,,,pièce,-,48.36,LinearSVC,True,False,2891
PLATEAU 3 FROMAGES RACLETTE *550G POCHAT,plateau 3 fromages raclette 550g pochat,,,,Raclette,Raclette,,,550,pièce,,550.0,550.0,550.0,g,302.5,,,pièce,-,69.78,LinearSVC,True,False,2892
"""PLUMETIS VANILLE 23,4G""",plumetis vanille 234g,,,,Glace vanille,Glace,vanille,,,,,23.4,23.4,23.4,g,0.023399999999999997,,,pièce,-,42.1,TF-IDF_Cosine,True,False,2893
PMX COMPOTE POMMES ALLEGEE 4X100G,pmx compote pommes allegee 4x100g,,,,Compote de pomme,Compote,de pomme,,4,pièce,,100.0,100.0,100.0,g,0.4,,,pièce,-,83.67,LinearSVC,False,False,2894
POINTE DE BRIE U BIO 180G,pointe de brie u bio 180g,,,,Brie,Brie,,,,,,180.0,180.0,180.0,g,0.18,Bio,,pièce,-,85.53,LinearSVC,False,False,2895
POIREAUX RONDELLES-1kg-U,poireaux rondelles-1kg-u,,,,Poireau,Poireau,,,1.0,Kg,,1.0,1.0,1.0,Kg,1.0,,,Kg,-,55.8,TF-IDF_Cosine,True,False,2896
"""POIS CHICHE """"HOUMOUS""""-100Gr""",pois chiche houmous-100gr,,,,Pois chiche,Pois chiche,,,,,,100.0,100.0,100.0,g,0.1,,,pièce,-,67.99,TF-IDF_Cosine,True,False,2897
POIS CHICHE 530G AUCHAN,pois chiche 530g auchan,,,,Pois chiche,Pois chiche,,,,,,530.0,530.0,530.0,g,0.53,,,pièce,-,84.68,LinearSVC,False,False,2898
POIS CHICHES 400G,pois chiches 400g,,,,Pois chiche,Pois chiche,,,,,,400.0,400.0,400.0,g,0.4,,,pièce,-,83.18,LinearSVC,False,False,2899
POIS CHICHES BIO 500G,pois chiches bio 500g,,,,Pois chiche,Pois chiche,,,,,,500.0,500.0,500.0,g,0.5,Bio,,pièce,-,81.99,LinearSVC,False,False,2900
POIS CHICHES BIO LOCAL 500G,pois chiches bio local 500g,,,,Pois chiche,Pois chiche,,,,,,500.0,500.0,500.0,g,0.5,Bio,,pièce,-,82.38,LinearSVC,False,False,2901
POIS CHICHES CECI,pois chiches ceci,,,,Pois chiche,Pois chiche,,,,,,,,,,,,,,-,81.75,LinearSVC,False,False,2902
POIS CHICHES MAINGOURD 400G,pois chiches maingourd 400g,,,,Pois chiche,Pois chiche,,,,,,400.0,400.0,400.0,g,0.4,,,pièce,-,83.18,LinearSVC,False,False,2903
POIS CHICHES U BTE 1/2,pois chiches u bte 12,,,,Pois chiche,Pois chiche,,,,,,,,,,,,,,-,80.8,LinearSVC,False,False,2904
POIS EXTRA FINS CAROTTES U 4/4,pois extra fins carottes u 44,,,,Haricot vert extra fin,Haricot vert,extra fin,4/4,,,,440.0,440.0,440.0,g,0.44,,,pièce,-,69.08,LinearSVC,True,False,2905
"""POISSON 0,70€""",poisson 070,,,,Poisson blanc,Poisson blanc,,,,,,,,,,,,,,-,61.34,TF-IDF_Cosine,True,False,2906
"""POISSON 0,30 €""",poisson 030,,,,Poisson blanc,Poisson blanc,,,,,,,,,,,,,,-,62.52,TF-IDF_Cosine,True,False,2907
"""POISSON 0,50€""",poisson 050,,,,Poisson blanc,Poisson blanc,,,,,,,,,,,,,,-,53.98,TF-IDF_Cosine,True,False,2908
"""POISSON 0,60€""",poisson 060,,,,Poisson blanc,Poisson blanc,,,,,,,,,,,,,,-,69.41,TF-IDF_Cosine,True,False,2909
"""POISSON 0,80€""",poisson 080,,,,Poisson blanc,Poisson blanc,,,,,,,,,,,,,,-,61.68,TF-IDF_Cosine,True,False,2910
"""POISSON 1,00€""",poisson 100,,,,Poisson blanc,Poisson blanc,,,,,,,,,,,,,,-,63.85,TF-IDF_Cosine,True,False,2911
"""POISSON 1,20 €""",poisson 120,,,,Poisson blanc,Poisson blanc,,,,,,,,,,,,,,-,58.94,TF-IDF_Cosine,True,False,2912
"""POISSON 1,40€""",poisson 140,,,,Poisson blanc,Poisson blanc,,,,,,,,,,,,,,-,62.26,TF-IDF_Cosine,True,False,2913
"""POISSON 1,50€""",poisson 150,,,,Poisson blanc,Poisson blanc,,,,,,,,,,,,,,-,53.73,TF-IDF_Cosine,True,False,2914
"""POISSON 1,80€""",poisson 180,,,,Poisson blanc,Poisson blanc,,,,,,,,,,,,,,-,62.62,TF-IDF_Cosine,True,False,2915
"""POISSON 2,00€""",poisson 200,,,,Poisson blanc,Poisson blanc,,,,,,,,,,,,,,-,63.38,TF-IDF_Cosine,True,False,2916
"""POISSON 2,50€""",poisson 250,,,,Poisson blanc,Poisson blanc,,,,,,,,,,,,,,-,62.85,TF-IDF_Cosine,True,False,2917
"""POISSON 2,80€""",poisson 280,,,,Poisson blanc,Poisson blanc,,,,,,,,,,,,,,-,56.04,TF-IDF_Cosine,True,False,2918
"""POISSON 3,00 €""",poisson 300,,,,Poisson blanc,Poisson blanc,,,,,,,,,,,,,,-,62.97,TF-IDF_Cosine,True,False,2919
"""POISSON 3,00€""",poisson 300,,,,Poisson blanc,Poisson blanc,,,,,,,,,,,,,,-,62.97,TF-IDF_Cosine,True,False,2920
"""POISSON 3,50 €""",poisson 350,,,,Poisson blanc,Poisson blanc,,,,,,,,,,,,,,-,57.31,TF-IDF_Cosine,True,False,2921
"""POISSON 4,00€""",poisson 400,,,,Poisson blanc,Poisson blanc,,,,,,,,,,,,,,-,61.11,TF-IDF_Cosine,True,False,2922
"""POISSON 4,50 €""",poisson 450,,,,Poisson blanc,Poisson blanc,,,,,,,,,,,,,,-,59.03,TF-IDF_Cosine,True,False,2923
POISSON A LA BORDELAISE CNESS24 400G,poisson a la bordelaise cness24 400g,,,,Poisson blanc à la bordelaise,Poisson blanc,à la bordelaise,,,,,400.0,400.0,400.0,g,0.4,,,pièce,-,80.79,TF-IDF_Cosine,False,False,2924
POISSON A LA BORDELAISE CNESS24 400G,poisson a la bordelaise cness24 400g,,,,Poisson blanc à la bordelaise,Poisson blanc,à la bordelaise,,,,,400.0,400.0,400.0,g,0.4,,,pièce,-,80.79,TF-IDF_Cosine,False,False,2924
POISSON BORDELAISE 400G,poisson bordelaise 400g,,,,Poisson blanc à la bordelaise,Poisson blanc,à la bordelaise,,,,,400.0,400.0,400.0,g,0.4,,,pièce,-,81.52,TF-IDF_Cosine,False,False,2925
POISSON SAUCE CREVETTE 400G,poisson sauce crevette 400g,,,,Crevette,Crevette,,,,,,400.0,400.0,400.0,g,0.4,,,pièce,-,65.46,TF-IDF_Cosine,True,False,2926
POISSONS PANIER DE LA MER,poissons panier de la mer,,,,Soupe de poissons,Soupe,de poissons,,,,,,,,,,,,,-,47.61,TF-IDF_Cosine,True,False,2927
POIVRE GRIS MOULU 36grs-AUCHAN,poivre gris moulu 36grs-auchan,,,,Poivre gris,Poivre,gris,,,,,36.0,36.0,36.0,g,0.036,,,pièce,-,85.43,LinearSVC,False,False,2928
POIVRE GRIS MOULU CLASSIQUE 40G U,poivre gris moulu classique 40g u,,,,Poivre gris,Poivre,gris,,,,,40.0,40.0,40.0,g,0.04,,,pièce,-,81.73,LinearSVC,False,False,2929
POIVRE NOIR MOULIN 35gr-AUCHAN,poivre noir moulin 35gr-auchan,,,,Poivre noir,Poivre,noir,,,,,35.0,35.0,35.0,g,0.035,,,pièce,-,87.22,LinearSVC,False,False,2930
POIVRE NOIR MOULU U 22G,poivre noir moulu u 22g,,,,Poivre noir,Poivre,noir,,,,,22.0,22.0,22.0,g,0.022,,,pièce,-,85.86,LinearSVC,False,False,2931
POIVRONS GRILLES,poivrons grilles,,,,Poivron,Poivron,,,,,,125.0,125.0,125.0,g,0.125,,,pièce,-,62.59,TF-IDF_Cosine,True,False,2932
"""POM'POTES 12 gourdes* 1,08kg""",pompotes 12 gourdes 108kg,,,,Compotes de fruits,Compotes,de fruits,,1.08,Kg,,12.0,12.0,12.0,g,1.08,,,pièce,-,39.65,TF-IDF_Cosine,True,False,2933
POMMES DE TERRE ENTIERES U 4/4,pommes de terre entieres u 44,,,,Pomme de terre,Pomme de terre,,4/4,,,,0.8,0.8,0.8,kg,,,,kg,-,57.31,TF-IDF_Cosine,True,False,2934
POMMES NOISETTES SACHET 1KG U,pommes noisettes sachet 1kg u,,,,Noisette,Noisette,,,1.0,Kg,,1.0,1.0,1.0,Kg,1.0,,,Kg,-,54.96,TF-IDF_Cosine,True,False,2935
POMMES NOISETTES U 350G,pommes noisettes u 350g,,,,Noisette,Noisette,,,,,,350.0,350.0,350.0,g,0.35,,,pièce,-,57.65,TF-IDF_Cosine,True,False,2936
POMMES RISSOLEES U 1KG,pommes rissolees u 1kg,,,,Pomme de terre rissolées,Pomme de terre,rissolées,,1.0,Kg,,1.0,1.0,1.0,Kg,1.0,,,Kg,-,52.59,TF-IDF_Cosine,True,False,2937
POMMES SAUTEES HUILE DE TOURNESOL 1KG,pommes sautees huile de tournesol 1kg,,,,Huile de tournesol,Huile,de tournesol,,1.0,Kg,,1.0,1.0,1.0,Kg,1.0,,,Kg,-,86.02,LinearSVC,False,False,2938
POP CORN SUCREE MENGUY'S,pop corn sucree menguys,,,,Pop-corn,Pop-corn,,,,,,,,,,,,,,-,84.28,LinearSVC,False,False,2939
POUCE FARINE DE BLE 1KG,pouce farine de ble 1kg,,,,Farine de blé,Farine de blé,,,1.0,Kg,,1.0,1.0,1.0,Kg,1.0,,,Kg,-,59.84,TF-IDF_Cosine,True,False,2940
POUCE RAVIOLI A LA SAUCE TOMATE 800G,pouce ravioli a la sauce tomate 800g,,,,Sauce tomate,Sauce tomate,,,,,,800.0,800.0,800.0,g,0.8,,,pièce,-,59.99,TF-IDF_Cosine,True,False,2941
POUDRE CACAOTE POUR ENFANT AUCHAN 250G,poudre cacaote pour enfant auchan 250g,,,,Cacao non sucré en poudre,Cacao,non sucré en poudre,,,,,250.0,250.0,250.0,g,0.25,,,pièce,-,49.16,TF-IDF_Cosine,True,False,2942
POUDRE CACAOTEE U 450G,poudre cacaotee u 450g,,,,Cacao non sucré en poudre,Cacao,non sucré en poudre,,,,,450.0,450.0,450.0,g,0.45,,,pièce,-,53.1,TF-IDF_Cosine,True,False,2943
POULET AU PETITS POIS HALAL 420G,poulet au petits pois halal 420g,,,,Petits pois,Petits pois,,,,,,420.0,420.0,420.0,g,0.42,,,pièce,-,71.07,TF-IDF_Cosine,False,False,2944
POULET BASQUAISE ET SON RIZ 300G,poulet basquaise et son riz 300g,,,,Poulet basquaise,Poulet basquaise,,,,,,300.0,300.0,300.0,g,0.3,,,pièce,-,80.06,TF-IDF_Cosine,False,False,2945
POULET BASQUAISE ET SON RIZ 300G-CNES,poulet basquaise et son riz 300g-cnes,,,,Poulet basquaise,Poulet basquaise,,,,,,300.0,300.0,300.0,g,0.3,,,pièce,-,77.13,TF-IDF_Cosine,False,False,2946
POULET ROTI CITRON CNES25 300G,poulet roti citron cnes25 300g,,,,Citron,Citron,,,,,,300.0,300.0,300.0,g,0.3,,,pièce,-,60.55,TF-IDF_Cosine,True,False,2947
POULET ROTI CITRON CNES25 300G,poulet roti citron cnes25 300g,,,,Citron,Citron,,,,,,300.0,300.0,300.0,g,0.3,,,pièce,-,60.55,TF-IDF_Cosine,True,False,2947
PRESIDENT 120G EMMENTAL,president 120g emmental,,,,Emmental,Emmental,,,,,,120.0,120.0,120.0,g,0.12,,,pièce,-,84.76,LinearSVC,False,False,2948
PRESIDENT EMMENTAL COEUR DE MEULE 400G*,president emmental coeur de meule 400g,,,,Emmental,Emmental,,,,,,400.0,400.0,400.0,g,0.4,,,pièce,-,81.9,LinearSVC,False,False,2949
PRODUIT FRAIS,produit frais,,,,Fraise,Fraise,,,,,,15.0,15.0,15.0,g,0.015,,,pièce,-,50.35,TF-IDF_Cosine,True,False,2950
"""PRODUIT FRAIS 0,15 €""",produit frais 015,,,,Fraise,Fraise,,,,,,15.0,15.0,15.0,g,0.015,,,pièce,-,44.45,LinearSVC,True,False,2951
"""PRODUIT FRAIS 0,20 €""",produit frais 020,,,,Fraise,Fraise,,,,,,15.0,15.0,15.0,g,0.015,,,pièce,-,44.45,LinearSVC,True,False,2952
"""PRODUIT FRAIS 0,40 €""",produit frais 040,,,,Fraise,Fraise,,,,,,15.0,15.0,15.0,g,0.015,,,pièce,-,44.45,LinearSVC,True,False,2953
"""PRODUIT FRAIS 0,50 €""",produit frais 050,,,,Fraise,Fraise,,,,,,15.0,15.0,15.0,g,0.015,,,pièce,-,44.45,LinearSVC,True,False,2954
"""PRODUIT FRAIS 0,60 €""",produit frais 060,,,,Fraise,Fraise,,,,,,15.0,15.0,15.0,g,0.015,,,pièce,-,47.35,TF-IDF_Cosine,True,False,2955
"""PRODUIT FRAIS 0,70 €""",produit frais 070,,,,Fraise,Fraise,,,,,,15.0,15.0,15.0,g,0.015,,,pièce,-,44.45,LinearSVC,True,False,2956
"""PRODUIT FRAIS 0,90 €""",produit frais 090,,,,Fraise,Fraise,,,,,,15.0,15.0,15.0,g,0.015,,,pièce,-,45.38,TF-IDF_Cosine,True,False,2957
"""PRODUIT FRAIS 1,00 €""",produit frais 100,,,,Fraise,Fraise,,,,,,15.0,15.0,15.0,g,0.015,,,pièce,-,44.84,TF-IDF_Cosine,True,False,2958
"""PRODUIT FRAIS 1,10 €""",produit frais 110,,,,Fraise,Fraise,,,,,,15.0,15.0,15.0,g,0.015,,,pièce,-,40.4,TF-IDF_Cosine,True,False,2959
"""PRODUIT FRAIS 1,20 €""",produit frais 120,,,,Fraise,Fraise,,,,,,15.0,15.0,15.0,g,0.015,,,pièce,-,42.44,TF-IDF_Cosine,True,False,2960
"""PRODUIT FRAIS 1,25 €""",produit frais 125,,,,Fraise,Fraise,,,,,,15.0,15.0,15.0,g,0.015,,,pièce,-,44.64,TF-IDF_Cosine,True,False,2961
"""PRODUIT FRAIS 1,30 €""",produit frais 130,,,,Fraise,Fraise,,,,,,15.0,15.0,15.0,g,0.015,,,pièce,-,44.68,TF-IDF_Cosine,True,False,2962
"""PRODUIT FRAIS 1,40 €""",produit frais 140,,,,Fraise,Fraise,,,,,,15.0,15.0,15.0,g,0.015,,,pièce,-,44.08,TF-IDF_Cosine,True,False,2963
"""PRODUIT FRAIS 1,60 €""",produit frais 160,,,,Fraise,Fraise,,,,,,15.0,15.0,15.0,g,0.015,,,pièce,-,47.93,TF-IDF_Cosine,True,False,2964
"""PRODUIT FRAIS 1,70 €""",produit frais 170,,,,Fraise,Fraise,,,,,,15.0,15.0,15.0,g,0.015,,,pièce,-,44.08,TF-IDF_Cosine,True,False,2965
"""PRODUIT FRAIS 1,80 €""",produit frais 180,,,,Fraise,Fraise,,,,,,15.0,15.0,15.0,g,0.015,,,pièce,-,44.26,TF-IDF_Cosine,True,False,2966
"""PRODUIT FRAIS 10,00 €""",produit frais 1000,,,,Fraise,Fraise,,,,,,15.0,15.0,15.0,g,0.015,,,pièce,-,44.84,TF-IDF_Cosine,True,False,2967
"""PRODUIT FRAIS 2,00 €""",produit frais 200,,,,Fraise,Fraise,,,,,,15.0,15.0,15.0,g,0.015,,,pièce,-,44.62,TF-IDF_Cosine,True,False,2968
"""PRODUIT FRAIS 2,10 €""",produit frais 210,,,,Fraise,Fraise,,,,,,15.0,15.0,15.0,g,0.015,,,pièce,-,44.69,TF-IDF_Cosine,True,False,2969
"""PRODUIT FRAIS 2,20 €""",produit frais 220,,,,Fraise,Fraise,,,,,,15.0,15.0,15.0,g,0.015,,,pièce,-,44.69,TF-IDF_Cosine,True,False,2970
"""PRODUIT FRAIS 2,40 €""",produit frais 240,,,,Fraise,Fraise,,,,,,15.0,15.0,15.0,g,0.015,,,pièce,-,43.79,TF-IDF_Cosine,True,False,2971
"""PRODUIT FRAIS 2,50 €""",produit frais 250,,,,Fraise,Fraise,,,,,,15.0,15.0,15.0,g,0.015,,,pièce,-,57.24,LinearSVC,True,False,2972
"""PRODUIT FRAIS 2,60 €""",produit frais 260,,,,Fraise,Fraise,,,,,,15.0,15.0,15.0,g,0.015,,,pièce,-,47.55,TF-IDF_Cosine,True,False,2973
"""PRODUIT FRAIS 2,80 €""",produit frais 280,,,,Fraise,Fraise,,,,,,15.0,15.0,15.0,g,0.015,,,pièce,-,44.45,LinearSVC,True,False,2974
"""PRODUIT FRAIS 3,00 €""",produit frais 300,,,,Fraise,Fraise,,,,,,15.0,15.0,15.0,g,0.015,,,pièce,-,44.43,TF-IDF_Cosine,True,False,2975
"""PRODUIT FRAIS 3,10 €""",produit frais 310,,,,Fraise,Fraise,,,,,,15.0,15.0,15.0,g,0.015,,,pièce,-,44.75,TF-IDF_Cosine,True,False,2976
"""PRODUIT FRAIS 3,20 €""",produit frais 320,,,,Fraise,Fraise,,,,,,15.0,15.0,15.0,g,0.015,,,pièce,-,44.75,TF-IDF_Cosine,True,False,2977
"""PRODUIT FRAIS 3,40 €""",produit frais 340,,,,Fraise,Fraise,,,,,,15.0,15.0,15.0,g,0.015,,,pièce,-,44.45,LinearSVC,True,False,2978
"""PRODUIT FRAIS 3,50 €""",produit frais 350,,,,Fraise,Fraise,,,,,,15.0,15.0,15.0,g,0.015,,,pièce,-,41.6,TF-IDF_Cosine,True,False,2979
"""PRODUIT FRAIS 3,60 €""",produit frais 360,,,,Fraise,Fraise,,,,,,15.0,15.0,15.0,g,0.015,,,pièce,-,47.62,TF-IDF_Cosine,True,False,2980
"""PRODUIT FRAIS 3,70 €""",produit frais 370,,,,Fraise,Fraise,,,,,,15.0,15.0,15.0,g,0.015,,,pièce,-,44.45,LinearSVC,True,False,2981
"""PRODUIT FRAIS 3,80 €""",produit frais 380,,,,Fraise,Fraise,,,,,,15.0,15.0,15.0,g,0.015,,,pièce,-,44.45,LinearSVC,True,False,2982
"""PRODUIT FRAIS 4,00 €""",produit frais 400,,,,Fraise,Fraise,,,,,,15.0,15.0,15.0,g,0.015,,,pièce,-,43.52,TF-IDF_Cosine,True,False,2983
"""PRODUIT FRAIS 4,50 €""",produit frais 450,,,,Fraise,Fraise,,,,,,15.0,15.0,15.0,g,0.015,,,pièce,-,42.49,TF-IDF_Cosine,True,False,2984
"""PRODUIT FRAIS 5,00 €""",produit frais 500,,,,Fraise,Fraise,,,,,,15.0,15.0,15.0,g,0.015,,,pièce,-,56.94,LinearSVC,True,False,2985
"""PRODUIT FRAIS 5,50 €""",produit frais 550,,,,Fraise,Fraise,,,,,,15.0,15.0,15.0,g,0.015,,,pièce,-,44.45,LinearSVC,True,False,2986
"""PRODUIT FRAIS 6,00 €""",produit frais 600,,,,Fraise,Fraise,,,,,,15.0,15.0,15.0,g,0.015,,,pièce,-,47.21,TF-IDF_Cosine,True,False,2987
"""PRODUIT FRAIS 6,50 €""",produit frais 650,,,,Fraise,Fraise,,,,,,15.0,15.0,15.0,g,0.015,,,pièce,-,44.45,LinearSVC,True,False,2988
"""PRODUIT FRAIS 7,00 €""",produit frais 700,,,,Fraise,Fraise,,,,,,15.0,15.0,15.0,g,0.015,,,pièce,-,43.36,TF-IDF_Cosine,True,False,2989
"""PRODUIT FRAIS 7,50 €""",produit frais 750,,,,Fraise,Fraise,,,,,,15.0,15.0,15.0,g,0.015,,,pièce,-,43.92,TF-IDF_Cosine,True,False,2990
"""PRODUIT FRAIS 8,00 €""",produit frais 800,,,,Fraise,Fraise,,,,,,15.0,15.0,15.0,g,0.015,,,pièce,-,43.52,TF-IDF_Cosine,True,False,2991
"""PRODUIT FRAIS 8,50 €""",produit frais 850,,,,Fraise,Fraise,,,,,,15.0,15.0,15.0,g,0.015,,,pièce,-,44.45,LinearSVC,True,False,2992
"""PRODUIT FRAIS 9,00 €""",produit frais 900,,,,Fraise,Fraise,,,,,,15.0,15.0,15.0,g,0.015,,,pièce,-,43.36,TF-IDF_Cosine,True,False,2993
"""PRODUIT LAITIER 0,15€""",produit laitier 015,,,,Lait entier uht,Lait entier,uht,,,,,,,,,,,,,-,39.67,TF-IDF_Cosine,True,False,2994
"""PRODUIT LAITIER 1,00€""",produit laitier 100,,,,Lait entier uht,Lait entier,uht,,,,,,,,,,,,,-,41.35,TF-IDF_Cosine,True,False,2995
"""PRODUIT LAITIERS 0,10€""",produit laitiers 010,,,,Lait entier uht,Lait entier,uht,,,,,,,,,,,,,-,29.04,TF-IDF_Cosine,True,False,2996
"""PRODUIT LAITIERS 0,50€""",produit laitiers 050,,,,Lait entier uht,Lait entier,uht,,,,,,,,,,,,,-,28.91,TF-IDF_Cosine,True,False,2997
"""PRODUIT LAITIERS 0,80€""",produit laitiers 080,,,,Lait entier uht,Lait entier,uht,,,,,,,,,,,,,-,31.06,TF-IDF_Cosine,True,False,2998
"""PRODUIT LAITIERS 0,90€""",produit laitiers 090,,,,Lait entier uht,Lait entier,uht,,,,,,,,,,,,,-,31.88,TF-IDF_Cosine,True,False,2999
"""PRODUIT LAITIERS 1,20€""",produit laitiers 120,,,,Lait entier uht,Lait entier,uht,,,,,,,,,,,,,-,30.34,TF-IDF_Cosine,True,False,3000
"""PRODUIT LAITIERS 1,30€""",produit laitiers 130,,,,Lait entier uht,Lait entier,uht,,,,,,,,,,,,,-,31.52,TF-IDF_Cosine,True,False,3001
"""PRODUIT LAITIERS 1,40€""",produit laitiers 140,,,,Lait entier uht,Lait entier,uht,,,,,,,,,,,,,-,31.21,TF-IDF_Cosine,True,False,3002
"""PRODUIT LAITIERS 1,50€""",produit laitiers 150,,,,Farine de blé T150,Farine de blé,T150,,,,,,,,,,,,,-,38.7,LinearSVC,True,False,3003
"""PRODUIT LAITIERS 1,60€""",produit laitiers 160,,,,Lait entier uht,Lait entier,uht,,,,,,,,,,,,,-,33.15,TF-IDF_Cosine,True,False,3004
"""PRODUIT LAITIERS 1,70€""",produit laitiers 170,,,,Lait entier uht,Lait entier,uht,,,,,,,,,,,,,-,31.21,TF-IDF_Cosine,True,False,3005
"""PRODUIT LAITIERS 1,80€""",produit laitiers 180,,,,Lait entier uht,Lait entier,uht,,,,,,,,,,,,,-,31.3,TF-IDF_Cosine,True,False,3006
"""PRODUIT LAITIERS 1,90€""",produit laitiers 190,,,,Lait entier uht,Lait entier,uht,,,,,,,,,,,,,-,32.14,TF-IDF_Cosine,True,False,3007
"""PRODUIT LAITIERS 2,00 €""",produit laitiers 200,,,,Lait entier uht,Lait entier,uht,,,,,,,,,,,,,-,31.49,TF-IDF_Cosine,True,False,3008
"""PRODUIT LAITIERS 2,10€""",produit laitiers 210,,,,Lait entier uht,Lait entier,uht,,,,,,,,,,,,,-,31.53,TF-IDF_Cosine,True,False,3009
"""PRODUIT LAITIERS 2,20€""",produit laitiers 220,,,,Lait entier uht,Lait entier,uht,,,,,,,,,,,,,-,31.53,TF-IDF_Cosine,True,False,3010
PRUNEAUX D'AGEN 500G,pruneaux dagen 500g,,,,Pruneau,Pruneau,,,,,,500.0,500.0,500.0,g,0.5,,,pièce,-,66.24,TF-IDF_Cosine,True,False,3011
PULPE DE TOMATES BARESA 400G,pulpe de tomates baresa 400g,,,,Tomate pulpe,Tomate,pulpe,,,,,400.0,400.0,400.0,g,0.4,,,pièce,-,80.39,LinearSVC,False,False,3012
PULPE DE TOMATES BARESA 400G,pulpe de tomates baresa 400g,,,,Tomate pulpe,Tomate,pulpe,,,,,400.0,400.0,400.0,g,0.4,,,pièce,-,80.39,LinearSVC,False,False,3012
PULPE DE TOMATES EN DES BIO 400G,pulpe de tomates en des bio 400g,,,,Tomate pulpe,Tomate,pulpe,,,,,400.0,400.0,400.0,g,0.4,Bio,,pièce,-,70.71,LinearSVC,False,False,3013
PULPE DE TOMATES EN DES SAVINO 400G,pulpe de tomates en des savino 400g,,,,Tomate pulpe,Tomate,pulpe,,,,,400.0,400.0,400.0,g,0.4,,,pièce,-,73.39,LinearSVC,False,False,3014
PUR JUS DE POMME 1L,pur jus de pomme 1l,,,,Jus de pomme,Jus,de pomme,,1.0,L,,1.0,1.0,1.0,L,1.0,,,L,-,81.16,LinearSVC,False,False,3015
PUR JUS DE POMME 1L U,pur jus de pomme 1l u,,,,Jus de pomme,Jus,de pomme,,1.0,L,,1.0,1.0,1.0,L,1.0,,,L,-,81.16,LinearSVC,False,False,3016
PUR JUS DE POMME U BRIQUE 1L,pur jus de pomme u brique 1l,,,,Jus de pomme,Jus,de pomme,,1.0,L,,1.0,1.0,1.0,L,1.0,,,L,-,84.0,LinearSVC,False,False,3017
PUR JUS DE POMMES BIO JULIET 1L,pur jus de pommes bio juliet 1l,,,,Jus de pomme,Jus,de pomme,,1.0,L,,1.0,1.0,1.0,L,1.0,Bio,,L,-,69.75,LinearSVC,True,False,3018
PUR JUS POMMES-POIRES BIO 75CL,pur jus pommes-poires bio 75cl,,,,Jus de pomme,Jus,de pomme,,,,,750.0,750.0,750.0,ml,0.75,Bio,,pièce,-,50.37,TF-IDF_Cosine,True,False,3019
PUREE DE NOIX DE COCO,puree de noix de coco,,,,Noix de coco,Noix de coco,,,,,,,,,,,,,,-,72.44,LinearSVC,False,False,3020
PUREE DE POMME ET POIRE MOCITOS-10grs,puree de pomme et poire mocitos-10grs,,,,Poire,Poire,,,,,,10.0,10.0,10.0,g,0.01,,,pièce,-,48.78,TF-IDF_Cosine,True,False,3021
PUREE DE TOMATE U 3X200G,puree de tomate u 3x200g,,,,Tomate,Tomate,,,3,pièce,,200.0,200.0,200.0,g,0.6000000000000001,,,pièce,-,66.05,TF-IDF_Cosine,True,False,3022
PUREE FLOCONS MAMIE GOURMANDE 500G,puree flocons mamie gourmande 500g,,,,Purée gourmande,Purée,gourmande,,,,,500.0,500.0,500.0,g,0.5,,,pièce,-,77.69,LinearSVC,False,False,3023
PUREE NATURE ETUI 500G-AUCHAN,puree nature etui 500g-auchan,,,,Choux nature,Choux nature,,,,,,500.0,500.0,500.0,g,0.5,,,pièce,-,48.18,TF-IDF_Cosine,True,False,3024
PUREE POMME/POIRE MOCITOS-100grs-CNES,puree pommepoire mocitos-100grs-cnes,,,,Poire,Poire,,,,,,100.0,100.0,100.0,g,0.1,,,pièce,-,37.74,TF-IDF_Cosine,True,False,3025
PUREE TOMATE Bouteille 680gr-NOVA,puree tomate bouteille 680gr-nova,,,,Tomate,Tomate,,,,,,680.0,680.0,680.0,g,0.68,,,pièce,-,54.26,LinearSVC,True,False,3026
PUREE TOMATES 500gr U,puree tomates 500gr u,,,,Purée de tomates,Purée,de tomates,,,,,500.0,500.0,500.0,g,0.5,,,pièce,-,66.35,TF-IDF_Cosine,True,False,3027
PUS JUS ORANGE AVEC PULPE *1L,pus jus orange avec pulpe 1l,,,,Jus d'orange,Jus,d'orange,,1.0,L,,1.0,1.0,1.0,L,1.0,,,L,-,81.04,LinearSVC,False,False,3028
QUATRE QUARTS PUR BEURRE 500G,quatre quarts pur beurre 500g,,,,Quatre-quarts,Quatre-quarts,,,,,,500.0,500.0,500.0,g,0.5,,,pièce,-,77.82,LinearSVC,False,False,3029
QUENELLE VEAU/FINANCIERE U 1/2,quenelle veaufinanciere u 12,,,,Quenelle,Quenelle,,,,,,,,,,,,,Kg,-,60.06,LinearSVC,True,False,3030
QUENELLES VEAU SAUCE FINANCIERE 400g,quenelles veau sauce financiere 400g,,,,Quenelle,Quenelle,,,,,,400.0,400.0,400.0,g,0.4,,,pièce,-,50.44,TF-IDF_Cosine,True,False,3031
QUENELLES VOLAILLE 400g,quenelles volaille 400g,,,,Quenelle de volaille,Quenelle,de volaille,,,,,400.0,400.0,400.0,g,0.4,,,pièce,-,86.08,TF-IDF_Cosine,False,False,3032
QUESO FUNDIDO X16,queso fundido x16,,,,Produit non trouvé,Produit non trouvé,,,,,,,,,,,,,Kg,,23.3,TF-IDF_Cosine,True,False,3033
QUICHE LORRAINE 400G,quiche lorraine 400g,,,,Quiche lorraine,Quiche,lorraine,,,,,400.0,400.0,400.0,g,0.4,,,pièce,-,86.33,LinearSVC,False,False,3034
QUICHE LORRAINE U 400G,quiche lorraine u 400g,,,,Quiche lorraine,Quiche,lorraine,,,,,400.0,400.0,400.0,g,0.4,,,pièce,-,86.33,LinearSVC,False,False,3035
QUICHE LORRAINE U 400G,quiche lorraine u 400g,,,,Quiche lorraine,Quiche,lorraine,,,,,400.0,400.0,400.0,g,0.4,,,pièce,-,86.33,LinearSVC,False,False,3035
RATATOUILLE AUCHAN 750G,ratatouille auchan 750g,,,,Ratatouille,Ratatouille,,,,,,750.0,750.0,750.0,g,0.75,,,pièce,-,79.23,TF-IDF_Cosine,False,False,3036
RATATOUILLE NICOISE 750G*,ratatouille nicoise 750g,,,,Ratatouille,Ratatouille,,,,,,750.0,750.0,750.0,g,0.75,,,pièce,-,72.56,LinearSVC,False,False,3037
RATATOUILLE NICOISE 750G*,ratatouille nicoise 750g,,,,Ratatouille,Ratatouille,,,,,,750.0,750.0,750.0,g,0.75,,,pièce,-,72.56,LinearSVC,False,False,3037
RATATOUILLE U BTE 1/2,ratatouille u bte 12,,,,Ratatouille,Ratatouille,,,,,,,,,,,,,,-,72.97,LinearSVC,False,False,3038
RAVIOLES BASILIC 300G,ravioles basilic 300g,,,,Basilic,Basilic,,,,,,300.0,300.0,300.0,g,0.3,,,pièce,-,80.7,LinearSVC,False,False,3039
RAVIOLES ST MARCELLIN 240G,ravioles st marcellin 240g,,,,Saint-Marcellin,Saint-Marcellin,,,,,,240.0,240.0,240.0,g,0.24,,,pièce,-,82.89,LinearSVC,False,False,3040
RAVIOLI 400g AUCHAN,ravioli 400g auchan,,,,Raviolis,Raviolis,,,,,,400.0,400.0,400.0,g,0.4,,,pièce,-,78.4,LinearSVC,False,False,3041
RAVIOLI PUR BOEUF CARREFOUR 800G,ravioli pur boeuf carrefour 800g,,,,Raviolis au boeuf,Raviolis,au boeuf,,,,,800.0,800.0,800.0,g,0.8,,,pièce,-,78.42,LinearSVC,False,False,3042
REGHALAL LARDONS DE VOLAILLE FUMES 2X75G,reghalal lardons de volaille fumes 2x75g,,,,Lardon fumé,Lardon,fumé,,2,pièce,,75.0,75.0,75.0,g,0.15,,,pièce,-,60.83,LinearSVC,True,False,3043
RICOTTA EPINARDS 300G TURINI,ricotta epinards 300g turini,,,,Ricotta,Ricotta,,,,,,300.0,300.0,300.0,g,0.3,,,pièce,-,56.83,TF-IDF_Cosine,True,False,3044
RILETTES DU MANS PUR PORC 400G,rilettes du mans pur porc 400g,,,,Rillettes du mans,Rillettes,du mans,,,,,400.0,400.0,400.0,g,0.4,,,pièce,-,76.71,LinearSVC,False,False,3045
RISOTTO TAUREAU AILE 500G,risotto taureau aile 500g,,,,Riz risotto,Riz,risotto,,,,,500.0,500.0,500.0,g,0.5,,,pièce,-,61.7,TF-IDF_Cosine,True,False,3046
RISOTTO TAUREAU AILE 500G,risotto taureau aile 500g,,,,Riz risotto,Riz,risotto,,,,,500.0,500.0,500.0,g,0.5,,,pièce,-,61.7,TF-IDF_Cosine,True,False,3046
RIZ LONG ETUVE BOLARI CNES25,riz long etuve bolari cnes25,,,,Riz long étuvé,Riz,long étuvé,,,,,,,,,,,,,-,78.8,LinearSVC,False,False,3047
RIZ LONG ETUVE BOLARI CNES25,riz long etuve bolari cnes25,,,,Riz long étuvé,Riz,long étuvé,,,,,,,,,,,,,-,78.8,LinearSVC,False,False,3047
RIZ A LA FORESTIERE 300G,riz a la forestiere 300g,,,,Terrine forestière,Terrine,forestière,,,,,300.0,300.0,300.0,g,0.3,,,pièce,-,45.07,TF-IDF_Cosine,True,False,3048
RIZ A POELER LEGUMES DOYPACK 375G,riz a poeler legumes doypack 375g,,,,Riz au lait,Riz au lait,,,,,,375.0,375.0,375.0,g,0.375,,,pièce,-,26.91,TF-IDF_Cosine,True,False,3049
RIZ A POELER LEGUMES DOYPACK 375G,riz a poeler legumes doypack 375g,,,,Riz au lait,Riz au lait,,,,,,375.0,375.0,375.0,g,0.375,,,pièce,-,26.91,TF-IDF_Cosine,True,False,3049
RIZ AU LAIT VANILLE *460G,riz au lait vanille 460g,,,,Riz au lait,Riz au lait,,,460,pièce,,460.0,460.0,460.0,g,211.60000000000002,,,pièce,-,73.12,LinearSVC,False,False,3050
RIZ BASMATI COMPLET BIO 500G,riz basmati complet bio 500g,,,,Riz basmati,Riz,basmati,,,,,500.0,500.0,500.0,g,0.5,Bio,,pièce,-,85.1,LinearSVC,False,False,3051
RIZ BASMATI NATURE DOYPACK 250G,riz basmati nature doypack 250g,,,,Riz basmati,Riz,basmati,,,,,250.0,250.0,250.0,g,0.25,,,pièce,-,84.34,LinearSVC,False,False,3052
RIZ BASMATI TAUREAU AILE 500G,riz basmati taureau aile 500g,,,,Riz basmati,Riz,basmati,,,,,500.0,500.0,500.0,g,0.5,,,pièce,-,82.96,LinearSVC,False,False,3053
RIZ CANTONAIS 300G,riz cantonais 300g,,,,Riz cantonais,Riz cantonais,,,,,,300.0,300.0,300.0,g,0.3,,,pièce,-,92.33,TF-IDF_Cosine,False,False,3054
RIZ CITRON LUSTUCRU 220G,riz citron lustucru 220g,,,,Citron,Citron,,,,,,220.0,220.0,220.0,g,0.22,,,pièce,-,60.51,TF-IDF_Cosine,True,False,3055
RIZ COMPLET BIO 500G,riz complet bio 500g,,,,Riz complet,Riz,complet,,,,,500.0,500.0,500.0,g,0.5,Bio,,pièce,-,81.53,TF-IDF_Cosine,False,False,3056
RIZ LONG BLANC 1KG PM,riz long blanc 1kg pm,,,,Riz blanc,Riz,blanc,,1.0,Kg,,1.0,1.0,1.0,Kg,1.0,,,Kg,-,67.72,TF-IDF_Cosine,True,False,3057
RIZ LONG BLANC 1KG PM,riz long blanc 1kg pm,,,,Riz blanc,Riz,blanc,,1.0,Kg,,1.0,1.0,1.0,Kg,1.0,,,Kg,-,67.72,TF-IDF_Cosine,True,False,3057
RIZ LONG ETUVE 10MN U 500G,riz long etuve 10mn u 500g,,,,Riz long étuvé,Riz,long étuvé,,,,,500.0,500.0,500.0,g,0.5,,,pièce,-,81.39,LinearSVC,False,False,3058
RIZ LONG INCOLABLE 5*200G 1KG LUSTUCRU,riz long incolable 5200g 1kg lustucru,,,,Riz long étuvé,Riz,long étuvé,,1.0,Kg,,200.0,200.0,200.0,g,1.0,,,pièce,-,76.84,LinearSVC,False,False,3059
RIZ LONG INCOLABLE 5*200G 1KG LUSTUCRU,riz long incolable 5200g 1kg lustucru,,,,Riz long étuvé,Riz,long étuvé,,1.0,Kg,,200.0,200.0,200.0,g,1.0,,,pièce,-,76.84,LinearSVC,False,False,3059
RIZ PIGINO 1KG-CNES,riz pigino 1kg-cnes,,,,Riz cantonais,Riz cantonais,,,1.0,Kg,,1.0,1.0,1.0,Kg,1.0,,,Kg,-,53.32,LinearSVC,True,False,3060
ROCAMADOUR *3 105G,rocamadour 3 105g,,,,Rocamadour,Rocamadour,,,3,pièce,,105.0,105.0,105.0,g,0.315,,,pièce,-,85.07,TF-IDF_Cosine,False,False,3061
ROQUEFORT AOP 500G ENTREMONT,roquefort aop 500g entremont,,,,Roquefort,Roquefort,,,,,,500.0,500.0,500.0,g,0.5,AOP,,pièce,-,86.5,LinearSVC,False,False,3062
ROQUEFORT AOP 500G ENTREMONT,roquefort aop 500g entremont,,,,Roquefort,Roquefort,,,,,,500.0,500.0,500.0,g,0.5,AOP,,pièce,-,86.5,LinearSVC,False,False,3062
ROTI PORC 4Tr 120gr POUCE,roti porc 4tr 120gr pouce,,,,Porc,Porc,,,,,,120.0,120.0,120.0,g,0.12,,,pièce,-,57.4,LinearSVC,True,False,3063
Risotto TAUREAU AILE 1kg,risotto taureau aile 1kg,,,,Riz risotto,Riz,risotto,,1.0,Kg,,1.0,1.0,1.0,Kg,1.0,,,Kg,-,64.33,TF-IDF_Cosine,True,False,3064
Riz Kamalis TAUREAU AILE-500gr,riz kamalis taureau aile-500gr,,,,Aile de raie,Aile de raie,,,,,,500.0,500.0,500.0,g,0.5,,,pièce,-,41.09,LinearSVC,True,False,3065
Riz Paëlle Veggi doypack LUSTUCRU 220gr,riz paëlle veggi doypack lustucru 220gr,,,,Produit non trouvé,Produit non trouvé,,,,,,220.0,220.0,220.0,g,0.22,,,pièce,,24.72,TF-IDF_Cosine,True,False,3066
Riz basmati TAUREAU AILE LOT DE 2 *600gr,riz basmati taureau aile lot de 2 600gr,,,,Riz basmati,Riz,basmati,,2,pièce,,600.0,600.0,600.0,g,1.2,,,pièce,-,81.65,LinearSVC,False,False,3067
Riz basmati extra long TAUREAU AILÉ (450g),riz basmati extra long taureau ailé 450g,,,,Riz basmati,Riz,basmati,,,,,450.0,450.0,450.0,g,0.45,,,pièce,-,85.43,LinearSVC,False,False,3068
Riz long incollable LUSTUCRU (450g) sachets 90g,riz long incollable lustucru 450g sachets 90g,,,,Riz long étuvé,Riz,long étuvé,,,,,450.0,450.0,450.0,g,0.45,,,pièce,-,55.76,LinearSVC,True,False,3069
Riz à Poêler THAI doypack TAUREAU AILE-375gr,riz à poêler thai doypack taureau aile-375gr,,,,Riz thai,Riz,thai,,,,,375.0,375.0,375.0,g,0.375,,,pièce,-,65.28,LinearSVC,True,False,3070
SABLES FOURRES FIGUE-15-U-165gr,sables fourres figue-15-u-165gr,,,,Figue,Figue,,,,,,165.0,165.0,165.0,g,0.165,,,pièce,-,78.31,LinearSVC,False,False,3071
SABLES FOURRES FIGUES 165G-AUCHAN,sables fourres figues 165g-auchan,,,,Tarte aux figues,Tarte,aux figues,,,,,165.0,165.0,165.0,g,0.165,,,pièce,-,62.18,LinearSVC,True,False,3072
SACHET DE THE 20 SACHETS,sachet de the 20 sachets,,,,Brochet,Brochet,,,,,,,,,,,,,Kg,-,36.91,TF-IDF_Cosine,True,False,3073
SALADE CAESAR POULET RÔTI,salade caesar poulet rôti,,,,Sauce Caesar,Sauce,Caesar,,,,,,,,,,,,,-,74.57,LinearSVC,False,False,3074
SALADE DAUNAT JAMBON EMMENTAL,salade daunat jambon emmental,,,,Emmental,Emmental,,,,,,,,,,,,,,-,67.73,LinearSVC,True,False,3075
SALADE DAUNAT PATES ET SALADES 250G,salade daunat pates et salades 250g,,,,Salade de riz,Salade de riz,,,,,,250.0,250.0,250.0,g,0.25,,,pièce,-,53.56,TF-IDF_Cosine,True,False,3076
SALADE DAUNAT POULET ROTI 320G,salade daunat poulet roti 320g,,,,Poulet,Poulet,,,,,,320.0,320.0,320.0,g,0.32,,,pièce,-,48.53,TF-IDF_Cosine,True,False,3077
SALADE DAUNAT SURIMI 250G,salade daunat surimi 250g,,,,Surimi,Surimi,,,,,,250.0,250.0,250.0,g,0.25,,,pièce,-,69.14,TF-IDF_Cosine,True,False,3078
SALADE PENNE POULET ROTI 160G*,salade penne poulet roti 160g,,,,Poulet,Poulet,,,,,,160.0,160.0,160.0,g,0.16,,,pièce,-,47.37,TF-IDF_Cosine,True,False,3079
SALADE PENNE POULET ROTI 160G*,salade penne poulet roti 160g,,,,Poulet,Poulet,,,,,,160.0,160.0,160.0,g,0.16,,,pièce,-,47.37,TF-IDF_Cosine,True,False,3079
SALAMI DANOIS FUME PXM 200G,salami danois fume pxm 200g,,,,Salami type danois,Salami,type danois,,,,,200.0,200.0,200.0,g,0.2,,,pièce,-,68.11,TF-IDF_Cosine,True,False,3080
SANDWICH DAUNAT 190G JAMBON * POULET,sandwich daunat 190g jambon poulet,,,,Poulet,Poulet,,,,,,190.0,190.0,190.0,g,0.19,,,pièce,-,44.67,TF-IDF_Cosine,True,False,3081
SANDWICH DAUNAT POULET CRUDITES 145G,sandwich daunat poulet crudites 145g,,,,Poulet,Poulet,,,,,,145.0,145.0,145.0,g,0.145,,,pièce,-,43.19,LinearSVC,True,False,3082
SANDWICH DAUNAT XXL 230G,sandwich daunat xxl 230g,,,,Sandre,Sandre,,,,,,230.0,230.0,230.0,g,0.23,,,pièce,-,31.85,TF-IDF_Cosine,True,False,3083
SANDWICH JAMBON EMMENTAL 200G,sandwich jambon emmental 200g,,,,Emmental,Emmental,,,,,,200.0,200.0,200.0,g,0.2,,,pièce,-,70.22,LinearSVC,False,False,3084
SANDWISH DAUNAT CLASSIQUE JAMBON/BEURRE,sandwish daunat classique jambonbeurre,,,,Beurre,Beurre,,,,,,,,,,,,,,-,34.77,TF-IDF_Cosine,True,False,3085
SARDINE A L'HUILE DE TOURNSEOL 120G,sardine a lhuile de tournseol 120g,,,,Sardine à l'huile,Sardine,à l'huile,,,,,120.0,120.0,120.0,g,0.12,,,pièce,-,65.72,LinearSVC,True,False,3086
SARDINE A L'HUILE DE TOURNSEOL 120G,sardine a lhuile de tournseol 120g,,,,Sardine à l'huile,Sardine,à l'huile,,,,,120.0,120.0,120.0,g,0.12,,,pièce,-,65.72,LinearSVC,True,False,3086
SARDINE HUILE DE TOURNESOL 125G,sardine huile de tournesol 125g,,,,Huile de tournesol,Huile,de tournesol,,,,,125.0,125.0,125.0,g,0.125,,,pièce,-,83.08,LinearSVC,False,False,3087
SARDINE HUILE OLIVE VIERGE U 1/5,sardine huile olive vierge u 15,,,,Huile d'olive vierge extra,Huile,d'olive vierge extra,,,,,,,,,,,,,-,82.15,LinearSVC,False,False,3088
SARDINE HUILE TOURNESOL-120gr-POUCE,sardine huile tournesol-120gr-pouce,,,,Huile de tournesol,Huile,de tournesol,,,,,120.0,120.0,120.0,g,0.12,,,pièce,-,86.52,LinearSVC,False,False,3089
SARDINE TOMATE 125G,sardine tomate 125g,,,,Sardine à la tomate,Sardine,à la tomate,,,,,125.0,125.0,125.0,g,0.125,,,pièce,-,84.34,TF-IDF_Cosine,False,False,3090
SARDINES A L'HUILE DE TOURNESOL 135G,sardines a lhuile de tournesol 135g,,,,Huile de tournesol,Huile,de tournesol,,,,,135.0,135.0,135.0,g,0.135,,,pièce,-,71.97,TF-IDF_Cosine,False,False,3091
SARDINES A LA TOMATES 120G,sardines a la tomates 120g,,,,Sardine à la tomate,Sardine,à la tomate,,,,,120.0,120.0,120.0,g,0.12,,,pièce,-,71.62,TF-IDF_Cosine,False,False,3092
SARDINES A LA TOMATES 120G,sardines a la tomates 120g,,,,Sardine à la tomate,Sardine,à la tomate,,,,,120.0,120.0,120.0,g,0.12,,,pièce,-,71.62,TF-IDF_Cosine,False,False,3092
SAUCE BECHAMEL U DOYPACK 500G,sauce bechamel u doypack 500g,,,,Sauce béchamel,Sauce béchamel,,,,,,500.0,500.0,500.0,g,0.5,,,pièce,-,48.54,TF-IDF_Cosine,True,False,3093
SAUCE BOLOGNAISE BOEUF PANZANI-400gr,sauce bolognaise boeuf panzani-400gr,,,,Sauce bolognaise,Sauce bolognaise,,,,,,400.0,400.0,400.0,g,0.4,,,pièce,-,87.64,LinearSVC,False,False,3094
SAUCE BOLOGNAISE PANZANI 3X200G,sauce bolognaise panzani 3x200g,,,,Sauce bolognaise,Sauce bolognaise,,,3,pièce,,200.0,200.0,200.0,g,0.6000000000000001,,,pièce,-,87.41,LinearSVC,False,False,3095
SAUCE BOLOGNAISE PANZANI 400G,sauce bolognaise panzani 400g,,,,Sauce bolognaise,Sauce bolognaise,,,,,,400.0,400.0,400.0,g,0.4,,,pièce,-,86.63,LinearSVC,False,False,3096
SAUCE BOLOGNAISE U 420G,sauce bolognaise u 420g,,,,Sauce bolognaise,Sauce bolognaise,,,,,,420.0,420.0,420.0,g,0.42,,,pièce,-,87.61,LinearSVC,False,False,3097
SAUCE BURGER U 252G,sauce burger u 252g,,,,Sauce burger,Sauce burger,,,,,,252.0,252.0,252.0,g,0.252,,,pièce,-,84.78,LinearSVC,False,False,3098
SAUCE CRUDITES 50CL,sauce crudites 50cl,,,,Sauce crudités,Sauce crudités,,,,,,500.0,500.0,500.0,ml,0.5,,,pièce,-,65.57,TF-IDF_Cosine,True,False,3099
SAUCE CUISINEE LEGUMES 420gr U,sauce cuisinee legumes 420gr u,,,,Vin rouge cuisine,Vin rouge,cuisine,,,,,420.0,420.0,420.0,g,0.42,,,pièce,-,41.11,TF-IDF_Cosine,True,False,3100
SAUCE CURRY-FLACON 345gr-U,sauce curry-flacon 345gr-u,,,,Sauce au curry,Sauce au curry,,,,,,345.0,345.0,345.0,g,0.345,,,pièce,-,74.29,LinearSVC,False,False,3101
SAUCE DE TOMATE 750ML,sauce de tomate 750ml,,,,Sauce tomate,Sauce tomate,,,,,,750.0,750.0,750.0,ml,0.75,,,pièce,-,87.64,TF-IDF_Cosine,False,False,3102
SAUCE PESTO ROSSO 190G U,sauce pesto rosso 190g u,,,,Sauce pesto rosso,Sauce pesto rosso,,,,,,190.0,190.0,190.0,g,0.19,,,pièce,-,86.99,LinearSVC,False,False,3103
SAUCE PESTO VERDE 190G U,sauce pesto verde 190g u,,,,Sauce pesto,Sauce pesto,,,,,,190.0,190.0,190.0,g,0.19,,,pièce,-,80.2,TF-IDF_Cosine,False,False,3104
SAUCE POMMES FRITES U 225G,sauce pommes frites u 225g,,,,Pommes frites,Pommes frites,,,,,,225.0,225.0,225.0,g,0.225,,,pièce,-,81.97,LinearSVC,False,False,3105
SAUCE SOJA KIKKOMAN BOUTEILLE 15CL,sauce soja kikkoman bouteille 15cl,,,,Sauce soja,Sauce soja,,,,,,150.0,150.0,150.0,ml,0.15,,,pièce,-,85.01,LinearSVC,False,False,3106
SAUCE TOMATE CUISINEE,sauce tomate cuisinee,,,,Sauce tomate,Sauce tomate,,,,,,,,,,,,,,-,71.71,TF-IDF_Cosine,False,False,3107
SAUCE TOMATE FRAICHE AUCHAN 190G,sauce tomate fraiche auchan 190g,,,,Sauce tomate,Sauce tomate,,,,,,190.0,190.0,190.0,g,0.19,,,pièce,-,64.09,LinearSVC,True,False,3108
SAUCISSE DE MORTEAU 350G,saucisse de morteau 350g,,,,Saucisse de Morteau,Saucisse,de Morteau,,,,,350.0,350.0,350.0,g,0.35,,,pièce,-,87.87,LinearSVC,False,False,3109
SAUCISSE DE MORTEAU NETTOO 350G,saucisse de morteau nettoo 350g,,,,Saucisse de Morteau,Saucisse,de Morteau,,,,,350.0,350.0,350.0,g,0.35,,,pièce,-,87.87,LinearSVC,False,False,3110
SAUCISSE DE VIANDE 400G Le Marsigny,saucisse de viande 400g le marsigny,,,,Saucisse,Saucisse,,,,,,400.0,400.0,400.0,g,0.4,,,pièce,-,47.22,TF-IDF_Cosine,True,False,3111
SAUCISSES DE MORTEAU 960 GRS,saucisses de morteau 960 grs,,,,Saucisse de Morteau,Saucisse,de Morteau,,,,,960.0,960.0,960.0,g,0.96,,,pièce,-,83.72,LinearSVC,False,False,3112
SAUCISSES LENTILLES 840G,saucisses lentilles 840g,,,,Saucisse aux lentilles,Saucisse,aux lentilles,,,,,840.0,840.0,840.0,g,0.84,,,pièce,-,79.35,LinearSVC,False,False,3113
SAUCISSES LENTILLES U BTE 4/4,saucisses lentilles u bte 44,,,,Saucisse aux lentilles,Saucisse,aux lentilles,4/4,,,,0.8,0.8,0.8,kg,,,,kg,-,79.81,TF-IDF_Cosine,False,False,3114
SAUE PESTO VERDE 190G U,saue pesto verde 190g u,,,,Pesto,Pesto,,,,,,190.0,190.0,190.0,g,0.19,,,pièce,-,86.85,LinearSVC,False,False,3115
SCHOKO BONS WHITE 200G,schoko bons white 200g,,,,Whisky,Whisky,,,,,,200.0,200.0,200.0,g,0.2,,,pièce,-,29.86,TF-IDF_Cosine,True,False,3116
SCHOKO BONS WHITE 200G,schoko bons white 200g,,,,Whisky,Whisky,,,,,,200.0,200.0,200.0,g,0.2,,,pièce,-,29.86,TF-IDF_Cosine,True,False,3116
SCHWEPPES AGRUMES *33CL,schweppes agrumes 33cl,,,,Segment d'agrumes,Segment d'agrumes,,,33,pièce,,330.0,330.0,330.0,ml,10.89,,,pièce,-,46.48,TF-IDF_Cosine,True,False,3117
SEL AUX HERBES BIO 45G,sel aux herbes bio 45g,,,,Pavé aux herbes,Pavé,aux herbes,,,,,45.0,45.0,45.0,g,0.045,Bio,,pièce,-,60.05,TF-IDF_Cosine,True,False,3118
SEL FIN 750G,sel fin 750g,,,,Sel blanc fin,Sel blanc fin,,,,,,750.0,750.0,750.0,g,0.75,,,pièce,-,84.74,LinearSVC,False,False,3119
SEL FIN 750G,sel fin 750g,,,,Sel blanc fin,Sel blanc fin,,,,,,750.0,750.0,750.0,g,0.75,,,pièce,-,84.74,LinearSVC,False,False,3119
"""SEL FIN IODE FLUOR BTE VERS, 750G-BALEINE""",sel fin iode fluor bte vers 750g-baleine,,,,Sel blanc fin,Sel blanc fin,,,,,,750.0,750.0,750.0,g,0.75,,,pièce,-,83.74,LinearSVC,False,False,3120
SEL FIN IODE-BALEINE-125gr,sel fin iode-baleine-125gr,,,,Sel blanc fin,Sel blanc fin,,,,,,125.0,125.0,125.0,g,0.125,,,pièce,-,83.85,LinearSVC,False,False,3121
SEMOULE DE BLE DUR MOYENNE 1KG,semoule de ble dur moyenne 1kg,,,,Semoule moyenne,Semoule,moyenne,,1.0,Kg,,1.0,1.0,1.0,Kg,1.0,,,Kg,-,83.7,LinearSVC,False,False,3122
SEMOULE FINE PANZANI CELLO 500G,semoule fine panzani cello 500g,,,,Semoule de blé fine,Semoule,de blé fine,,,,,500.0,500.0,500.0,g,0.5,,,pièce,-,68.7,LinearSVC,True,False,3123
SEMOULE MOYENNE 500G-AUCHAN,semoule moyenne 500g-auchan,,,,Semoule moyenne,Semoule,moyenne,,,,,500.0,500.0,500.0,g,0.5,,,pièce,-,82.41,LinearSVC,False,False,3124
SIGGI'S SKYR FRAMBOISE 250G*,siggis skyr framboise 250g,,,,Skyr,,,,,,,250.0,250.0,250.0,g,0.25,,,pièce,,61.29,TF-IDF_Cosine,True,False,3125
"""SIROP DE CASSIS MONIN 0,7CL """,sirop de cassis monin 07cl,,,,Sirop de cassis,Sirop,de cassis,,,,,7.0,7.0,7.0,ml,0.007,,,pièce,-,84.06,LinearSVC,False,False,3126
"""SIROP DE CERISE MONIN 0,7CL """,sirop de cerise monin 07cl,,,,Sirop,Sirop,,,,,,7.0,7.0,7.0,ml,0.007,,,pièce,-,64.93,LinearSVC,True,False,3127
SIROP FENOUIL 50CL,sirop fenouil 50cl,,,,Fenouil,Fenouil,,,,,,500.0,500.0,500.0,ml,0.5,,,pièce,-,83.17,LinearSVC,False,False,3128
SIROP FLEUR SUREAU 50CL,sirop fleur sureau 50cl,,,,Sirop,Sirop,,,,,,500.0,500.0,500.0,ml,0.5,,,pièce,-,55.62,TF-IDF_Cosine,True,False,3129
SIROP GRENADINE AUCHAN 70CL,sirop grenadine auchan 70cl,,,,Sirop,Sirop,,,,,,700.0,700.0,700.0,ml,0.7,,,pièce,-,51.5,TF-IDF_Cosine,True,False,3130
SIROP GRENADINE U BOUTEILLE 1L,sirop grenadine u bouteille 1l,,,,Sirop,Sirop,,,1.0,L,,1.0,1.0,1.0,L,1.0,,,L,-,48.41,TF-IDF_Cosine,True,False,3131
SIROP MENTHE MAROCAINE 50 CL,sirop menthe marocaine 50 cl,,,,Sirop de menthe,Sirop,de menthe,,,,,500.0,500.0,500.0,ml,0.5,,,pièce,-,84.32,LinearSVC,False,False,3132
"""SIROP MENTHE MONIN 0,7CL """,sirop menthe monin 07cl,,,,Sirop de menthe,Sirop,de menthe,,,,,7.0,7.0,7.0,ml,0.007,,,pièce,-,88.33,LinearSVC,False,False,3133
SIROP MENTHE POIVREE 50CL,sirop menthe poivree 50cl,,,,Sirop de menthe,Sirop,de menthe,,,,,500.0,500.0,500.0,ml,0.5,,,pièce,-,87.78,LinearSVC,False,False,3134
SIROP MENTHE VERTE 75CL,sirop menthe verte 75cl,,,,Sirop de menthe,Sirop,de menthe,,,,,750.0,750.0,750.0,ml,0.75,,,pièce,-,87.69,LinearSVC,False,False,3135
SIROP MENTHE VERTE U BLE 1L,sirop menthe verte u ble 1l,,,,Sirop de menthe,Sirop,de menthe,,1.0,L,,1.0,1.0,1.0,L,1.0,,,L,-,87.01,LinearSVC,False,False,3136
"""SIROP MONIN 0,70CL """,sirop monin 070cl,,,,Sirop,Sirop,,,,,,7.0,7.0,7.0,ml,0.007,,,pièce,-,69.93,TF-IDF_Cosine,True,False,3137
"""SIROP MONIN BANANE 0,70CL """,sirop monin banane 070cl,,,,Banane,Banane,,,,,,7.0,7.0,7.0,ml,0.007,,,pièce,-,80.94,LinearSVC,False,False,3138
"""SIROP MONIN FRAMBOISE 0,70CL""",sirop monin framboise 070cl,,,,Framboise,Framboise,,,,,,7.0,7.0,7.0,ml,0.007,,,pièce,-,75.38,LinearSVC,False,False,3139
SIROP MONIN PAMPLEMOUSSE,sirop monin pamplemousse,,,,Pamplemousse,Pamplemousse,,,,,,289.0,289.0,289.0,g,0.289,,,pièce,-,74.35,LinearSVC,False,False,3140
"""SIROP MONIN SAVEUR AMANDE 0,7CL """,sirop monin saveur amande 07cl,,,,Sirop,Sirop,,,,,,7.0,7.0,7.0,ml,0.007,,,pièce,-,51.04,TF-IDF_Cosine,True,False,3141
"""SIROP MONIN SAVEUR CITRION 0,70CL """,sirop monin saveur citrion 070cl,,,,Sirop citron,Sirop,citron,,,,,7.0,7.0,7.0,ml,0.007,,,pièce,-,55.32,TF-IDF_Cosine,True,False,3142
"""SIROP MONIN SAVEUR CITRON 0,70CL """,sirop monin saveur citron 070cl,,,,Sirop citron,Sirop,citron,,,,,7.0,7.0,7.0,ml,0.007,,,pièce,-,69.23,TF-IDF_Cosine,True,False,3143
"""SIROP MONIN SAVEUR POIRE 0,7CL """,sirop monin saveur poire 07cl,,,,Poire au sirop,Poire au sirop,,,,,,7.0,7.0,7.0,ml,0.007,,,pièce,-,64.44,TF-IDF_Cosine,True,False,3144
"""SIROP MONIN SAVEUR RHUM 0,7CL """,sirop monin saveur rhum 07cl,,,,Rhum,Rhum,,,,,,7.0,7.0,7.0,ml,0.007,,,pièce,-,82.63,LinearSVC,False,False,3145
"""SIROP POMME MONIN 0,7L""",sirop pomme monin 07l,,,,Sirop,Sirop,,,0.7,L,,0.7,0.7,0.7,L,0.7,,,L,-,65.36,TF-IDF_Cosine,True,False,3146
SIROP THYM CITRON 50 CL,sirop thym citron 50 cl,,,,Sirop citron,Sirop,citron,,,,,500.0,500.0,500.0,ml,0.5,,,pièce,-,68.33,TF-IDF_Cosine,True,False,3147
SIROP THYM COMMUN 50CL,sirop thym commun 50cl,,,,Thym,Thym,,,,,,500.0,500.0,500.0,ml,0.5,,,pièce,-,82.21,LinearSVC,False,False,3148
SIROP VERVEINE CITRONNEE 50CL,sirop verveine citronnee 50cl,,,,Verveine,Verveine,,,,,,500.0,500.0,500.0,ml,0.5,,,pièce,-,79.69,LinearSVC,False,False,3149
SKYR ISEY 400G,skyr isey 400g,,,,Skyr,,,,,,,400.0,400.0,400.0,g,0.4,,,pièce,,83.52,LinearSVC,False,False,3150
SKYR ISEY SANS LACTOSE 400G*,skyr isey sans lactose 400g,,,,Skyr,,,,,,,400.0,400.0,400.0,g,0.4,,,pièce,,81.77,LinearSVC,False,False,3151
SKYR MANGUE/PASSION *2 280G,skyr manguepassion 2 280g,,,,Skyr,,,,2,pièce,,280.0,280.0,280.0,g,0.56,,,pièce,,81.63,LinearSVC,False,False,3152
SKYR MONOPRIX *450G,skyr monoprix 450g,,,,Skyr,,,,450,pièce,,450.0,450.0,450.0,g,202.5,,,pièce,,85.82,LinearSVC,False,False,3153
SKYR MYRTILLE 400G *4,skyr myrtille 400g 4,,,,Myrtille,Myrtille,,,4,pièce,,400.0,400.0,400.0,g,1.6,,,pièce,-,63.51,TF-IDF_Cosine,True,False,3154
SKYR NATURE,skyr nature,,,,Skyr,,,,,,,,,,,,,,,,85.09,LinearSVC,False,False,3155
SKYR VEGETAL NATURE 400G,skyr vegetal nature 400g,,,,Skyr,,,,,,,400.0,400.0,400.0,g,0.4,,,pièce,,79.01,LinearSVC,False,False,3156
SKYR VITAMINE 480G,skyr vitamine 480g,,,,Skyr,,,,,,,480.0,480.0,480.0,g,0.48,,,pièce,,88.2,LinearSVC,False,False,3157
SKYR YOPLAIT *850G,skyr yoplait 850g,,,,Skyr,,,,850,pièce,,850.0,850.0,850.0,g,722.5,,,pièce,,85.12,LinearSVC,False,False,3158
SMOOTHIE AUCHAN 1L,smoothie auchan 1l,,,,Smoothie,Smoothie,,,1.0,L,,1.0,1.0,1.0,L,1.0,,,L,-,85.46,LinearSVC,False,False,3159
SMOOTHIE ORANGE MANGUE PASSION AUCHAN 1L,smoothie orange mangue passion auchan 1l,,,,Smoothie,Smoothie,,,1.0,L,,1.0,1.0,1.0,L,1.0,,,L,-,70.92,LinearSVC,False,False,3160
SMOOTHIE YAOURT ANANAS CITRON VERT *2 * 280G,smoothie yaourt ananas citron vert 2 280g,,,,Smoothie,Smoothie,,,2,pièce,,280.0,280.0,280.0,g,0.56,,,pièce,-,64.25,LinearSVC,True,False,3161
SOBA CHILI 111G,soba chili 111g,,,,Sauce chili,Sauce chili,,,,,,111.0,111.0,111.0,g,0.111,,,pièce,-,82.08,LinearSVC,False,False,3162
SORGHO BIO ET LOCAL 500G,sorgho bio et local 500g,,,,Produit non trouvé,Produit non trouvé,,,,,,500.0,500.0,500.0,g,0.5,Bio,,pièce,,24.81,TF-IDF_Cosine,True,False,3163
SORGHO BIO ET LOCAL 500G,sorgho bio et local 500g,,,,Produit non trouvé,Produit non trouvé,,,,,,500.0,500.0,500.0,g,0.5,Bio,,pièce,,24.81,TF-IDF_Cosine,True,False,3163
SOUMAINTRAIN 250G,soumaintrain 250g,,,,Pain,Pain,,,,,,250.0,250.0,250.0,g,0.25,,,pièce,-,28.17,TF-IDF_Cosine,True,False,3164
SOUMATRAIN IGP 250G,soumatrain igp 250g,,,,Produit non trouvé,Produit non trouvé,,,,,,250.0,250.0,250.0,g,0.25,IGP,,pièce,,21.43,TF-IDF_Cosine,True,False,3165
SOUPE CHORBA 90G,soupe chorba 90g,,,,Soupe de poissons,Soupe,de poissons,,,,,90.0,90.0,90.0,g,0.09,,,pièce,-,42.76,TF-IDF_Cosine,True,False,3166
SOUPE DE CAROTTE,soupe de carotte,,,,Carotte,Carotte,,,,,,105.0,105.0,105.0,g,0.105,,,pièce,-,68.51,TF-IDF_Cosine,True,False,3167
SOUPE DE CAROTTE 75ML,soupe de carotte 75ml,,,,Carotte,Carotte,,,,,,75.0,75.0,75.0,ml,0.075,,,pièce,-,63.39,TF-IDF_Cosine,True,False,3168
SOUPE DE COURGE 980G,soupe de courge 980g,,,,Courge,Courge,,,,,,980.0,980.0,980.0,g,0.98,,,pièce,-,65.13,TF-IDF_Cosine,True,False,3169
SOUPE DE COURGETTE 980G,soupe de courgette 980g,,,,Courgette,Courgette,,,,,,980.0,980.0,980.0,g,0.98,,,pièce,-,71.18,TF-IDF_Cosine,False,False,3170
SOUPE DE COURGETTE 990G,soupe de courgette 990g,,,,Courgette,Courgette,,,,,,990.0,990.0,990.0,g,0.99,,,pièce,-,70.99,TF-IDF_Cosine,False,False,3171
SOUPE DE PATATES DOUCES,soupe de patates douces,,,,Patate douce,Patate douce,,,,,,100.0,100.0,100.0,g,0.1,,,pièce,-,69.0,TF-IDF_Cosine,True,False,3172
SOUPE DE PATATES DOUCES 980GR,soupe de patates douces 980gr,,,,Patate douce,Patate douce,,,,,,980.0,980.0,980.0,g,0.98,,,pièce,-,66.0,TF-IDF_Cosine,True,False,3173
SOUPE DE POISSONS BIO 680ML,soupe de poissons bio 680ml,,,,Soupe de poissons,Soupe,de poissons,,,,,680.0,680.0,680.0,ml,0.68,Bio,,pièce,-,86.77,LinearSVC,False,False,3174
SOUPE POTIMARRON 980ML,soupe potimarron 980ml,,,,Potimarron,Potimarron,,,,,,980.0,980.0,980.0,ml,0.98,,,pièce,-,85.86,LinearSVC,False,False,3175
SOUPE SAVEUR POULE AU POT 72G,soupe saveur poule au pot 72g,,,,Semoule saveur vanille,Semoule,saveur vanille,,,,,72.0,72.0,72.0,g,0.072,,,pièce,-,47.86,TF-IDF_Cosine,True,False,3176
SPAGETTI 500G,spagetti 500g,,,,Spaghetti,Spaghetti,,,,,,500.0,500.0,500.0,g,0.5,,,pièce,-,59.21,TF-IDF_Cosine,True,False,3177
"""SPAGETTI Q,SUPER U CELLO 1KG""",spagetti qsuper u cello 1kg,,,,Spaghetti,Spaghetti,,,1.0,Kg,,1.0,1.0,1.0,Kg,1.0,,,Kg,-,46.29,TF-IDF_Cosine,True,False,3178
SPAGHETTI 500G-POUCE,spaghetti 500g-pouce,,,,Spaghetti,Spaghetti,,,,,,500.0,500.0,500.0,g,0.5,,,pièce,-,84.11,LinearSVC,False,False,3179
SPAGHETTI CELLO U 500G,spaghetti cello u 500g,,,,Spaghetti,Spaghetti,,,,,,500.0,500.0,500.0,g,0.5,,,pièce,-,84.11,LinearSVC,False,False,3180
SPAGHETTI SUP-500gr-U,spaghetti sup-500gr-u,,,,Spaghetti,Spaghetti,,,,,,500.0,500.0,500.0,g,0.5,,,pièce,-,82.6,LinearSVC,False,False,3181
SPECIAL BURGER CHEDDAR X10 LES CROISES,special burger cheddar x10 les croises,,,,Cheddar,Cheddar,,,10.0,L,,10.0,10.0,10.0,L,10.0,,,L,-,67.01,LinearSVC,True,False,3182
SPECIAL PAIN DE MIE 475G,special pain de mie 475g,,,,Pain de mie,Pain de mie,,,,,,475.0,475.0,475.0,g,0.475,,,pièce,-,82.93,LinearSVC,False,False,3183
ST MARC FORET DES LANDES,st marc foret des landes,,,,Croissant aux amandes,Croissant,aux amandes,,,,Landes,,,,,,,,,-,27.41,TF-IDF_Cosine,True,False,3184
ST MARCELLIN 80G ETOILE,st marcellin 80g etoile,,,,Saint-Marcellin,Saint-Marcellin,,,,,,80.0,80.0,80.0,g,0.08,,,pièce,-,83.43,LinearSVC,False,False,3185
ST MORET 150G,st moret 150g,,,,Saint-Félicien,Saint-Félicien,,,,,,150.0,150.0,150.0,g,0.15,,,pièce,-,56.26,LinearSVC,True,False,3186
STEAK HACHE A L'UNITE-100grs,steak hache a lunite-100grs,,,,Steak haché boeuf 10% mg,Steak haché,boeuf 10% mg,,,,,100.0,100.0,100.0,g,0.1,,,pièce,-,51.52,TF-IDF_Cosine,True,False,3187
SUCRE BLANC MORCEAUX 1KG-ESSENTIEL,sucre blanc morceaux 1kg-essentiel,,,,Sucre morceau,Sucre,morceau,,1.0,Kg,,1.0,1.0,1.0,Kg,1.0,,,Kg,-,69.31,LinearSVC,True,False,3188
SUCRE BLANC MORCEAUX 1kg PXM,sucre blanc morceaux 1kg pxm,,,,Sucre morceau,Sucre,morceau,,1.0,Kg,,1.0,1.0,1.0,Kg,1.0,,,Kg,-,78.24,TF-IDF_Cosine,False,False,3189
SUCRE BLANC POUDRE ESSENTIEL 1KG,sucre blanc poudre essentiel 1kg,,,,Sucre en poudre,Sucre,en poudre,,1.0,Kg,,1.0,1.0,1.0,Kg,1.0,,,Kg,-,73.0,LinearSVC,False,False,3190
SUCRE CRISTAL BEGHIN SAY 1KG,sucre cristal beghin say 1kg,,,,Sucre blanc,Sucre,blanc,,1.0,Kg,,1.0,1.0,1.0,Kg,1.0,,,Kg,-,42.36,TF-IDF_Cosine,True,False,3191
SUCRE POUDRE BEGHIN SAY 1KG,sucre poudre beghin say 1kg,,,,Sucre en poudre,Sucre,en poudre,,1.0,Kg,,1.0,1.0,1.0,Kg,1.0,,,Kg,-,74.35,TF-IDF_Cosine,False,False,3192
SUCRE POUDRE BEGHIN SAY 1KG-CNES,sucre poudre beghin say 1kg-cnes,,,,Sucre en poudre,Sucre,en poudre,,1.0,Kg,,1.0,1.0,1.0,Kg,1.0,,,Kg,-,70.44,TF-IDF_Cosine,False,False,3193
SUCRE POUDRE BLANC 1kg PXM,sucre poudre blanc 1kg pxm,,,,Sucre en poudre,Sucre,en poudre,,1.0,Kg,,1.0,1.0,1.0,Kg,1.0,,,Kg,-,73.0,LinearSVC,False,False,3194
SUCRE VANILLE *10 75G U,sucre vanille 10 75g u,,,,Sucre en poudre vanillé,Sucre,en poudre vanillé,,10,pièce,,75.0,75.0,75.0,g,0.75,,,pièce,-,62.75,LinearSVC,True,False,3195
SUCRE VANILLE *10 75G U,sucre vanille 10 75g u,,,,Sucre en poudre vanillé,Sucre,en poudre vanillé,,10,pièce,,75.0,75.0,75.0,g,0.75,,,pièce,-,62.75,LinearSVC,True,False,3195
SUCRE VANILLE *10 75G-MAMIE FEE,sucre vanille 10 75g-mamie fee,,,,Sucre en poudre vanillé,Sucre,en poudre vanillé,,10,pièce,,75.0,75.0,75.0,g,0.75,,,pièce,-,48.85,TF-IDF_Cosine,True,False,3196
SUCRE VANILLE 10 SACHETS AUCHAN 75G,sucre vanille 10 sachets auchan 75g,,,,Sucre en poudre vanillé,Sucre,en poudre vanillé,,,,,75.0,75.0,75.0,g,0.075,,,pièce,-,49.26,LinearSVC,True,False,3197
TABLETTE CHOCO NOIR 100G CLASSIC,tablette choco noir 100g classic,,,,Chocolat noir,Chocolat noir,,,,,,100.0,100.0,100.0,g,0.1,,,pièce,-,51.25,LinearSVC,True,False,3198
TABLETTE CHOCO NOIR 100G CLASSIC,tablette choco noir 100g classic,,,,Chocolat noir,Chocolat noir,,,,,,100.0,100.0,100.0,g,0.1,,,pièce,-,51.25,LinearSVC,True,False,3198
TABLETTE CHOCOLAT NOIR TOGOLAIS-70Gr,tablette chocolat noir togolais-70gr,,,,Chocolat noir,Chocolat noir,,,,,,70.0,70.0,70.0,g,0.07,,,pièce,-,76.81,LinearSVC,False,False,3199
TABLETTE CHOCOLAT SAVEUR FRAMBOISE CARREFOUR,tablette chocolat saveur framboise carrefour,,,,Framboise,Framboise,,,,,,5.0,5.0,5.0,g,0.005,,,pièce,-,45.63,TF-IDF_Cosine,True,False,3200
TABOULES ETUI U 730G,taboules etui u 730g,,,,Taboulé,Taboulé,,,,,,730.0,730.0,730.0,g,0.73,,,pièce,-,56.31,TF-IDF_Cosine,True,False,3201
TAGLIATELLES NIDS QS 500G,tagliatelles nids qs 500g,,,,Tagliatelle,Tagliatelle,,,,,,500.0,500.0,500.0,g,0.5,,,pièce,-,84.5,LinearSVC,False,False,3202
TAGLIATELLES U 350G,tagliatelles u 350g,,,,Tagliatelle,Tagliatelle,,,,,,350.0,350.0,350.0,g,0.35,,,pièce,-,84.4,LinearSVC,False,False,3203
TARTE AUX POIREAUX 400G-AUCHAN,tarte aux poireaux 400g-auchan,,,,Tarte aux poireaux,Tarte,aux poireaux,,400,pièce,,400.0,400.0,400.0,g,160.0,,,pièce,-,81.32,LinearSVC,False,False,3204
TARTE CITRON *2 180G,tarte citron 2 180g,,,,Tarte au citron,Tarte,au citron,,2,pièce,,180.0,180.0,180.0,g,0.36,,,pièce,-,70.05,LinearSVC,False,False,3205
TARTE POIREAUX-400gr-U,tarte poireaux-400gr-u,,,,Tarte aux poireaux,Tarte,aux poireaux,,,,,400.0,400.0,400.0,g,0.4,,,pièce,-,82.84,LinearSVC,False,False,3206
TARTES AUX FROMAGES 400G-AUCHAN,tartes aux fromages 400g-auchan,,,,Tarte aux trois fromages bande,Tarte,aux trois fromages bande,,,,,400.0,400.0,400.0,g,0.4,,,pièce,-,57.23,TF-IDF_Cosine,True,False,3207
TARTINETTE,tartinette,,,,Fromage à tartiner,Fromage à tartiner,,,,,,,,,,,,,,-,48.35,TF-IDF_Cosine,True,False,3208
TERRINE DE CAMPAGNE 180G,terrine de campagne 180g,,,,Terrine de campagne,Terrine,de campagne,,,,,180.0,180.0,180.0,g,0.18,,,pièce,-,95.16,TF-IDF_Cosine,False,False,3209
TERRINE DE CANARD 180G,terrine de canard 180g,,,,Terrine de canard,Terrine,de canard,,,,,180.0,180.0,180.0,g,0.18,,,pièce,-,84.3,LinearSVC,False,False,3210
THAI SIGNATURE,thai signature,,,,Riz thai,Riz,thai,,,,,,,,,,,,,-,84.43,LinearSVC,False,False,3211
THAI SIGNATURE *85G,thai signature 85g,,,,Riz thai,Riz,thai,,85,pièce,,85.0,85.0,85.0,g,7.2250000000000005,,,pièce,-,84.43,LinearSVC,False,False,3212
THE BLANC PECHE ABRICOT 75G,the blanc peche abricot 75g,,,,Abricot,Abricot,,,,,,75.0,75.0,75.0,g,0.075,,,pièce,-,58.35,TF-IDF_Cosine,True,False,3213
"""THE CITRON AUCHAN X25 SACH,40G""",the citron auchan x25 sach40g,,,,Citron,Citron,,,25,pièce,,40.0,40.0,40.0,g,1.0,,,pièce,-,79.91,LinearSVC,False,False,3214
THE ENGLISH BREAKFAST X25 S 50G,the english breakfast x25 s 50g,,,,Produit non trouvé,Produit non trouvé,,,25,pièce,,50.0,50.0,50.0,g,1.25,,,pièce,,22.93,TF-IDF_Cosine,True,False,3215
THE GLACE HIBISCUS GRENADED 290ML,the glace hibiscus grenaded 290ml,,,,Glace,Glace,,,,,,290.0,290.0,290.0,ml,0.29,,,pièce,-,83.43,LinearSVC,False,False,3216
THE GLACE HIBISCUS GRENADED 290ML,the glace hibiscus grenaded 290ml,,,,Glace,Glace,,,,,,290.0,290.0,290.0,ml,0.29,,,pièce,-,83.43,LinearSVC,False,False,3216
THE NOIR CELYAN *25 50G,the noir celyan 25 50g,,,,Chocolat noir à la menthe,Chocolat noir,à la menthe,,25,pièce,,50.0,50.0,50.0,g,1.25,,,pièce,-,37.69,TF-IDF_Cosine,True,False,3217
THE NOIR COMPRESSE 250G,the noir compresse 250g,,,,Chocolat noir à la menthe,Chocolat noir,à la menthe,,,,,250.0,250.0,250.0,g,0.25,,,pièce,-,36.06,TF-IDF_Cosine,True,False,3218
"""THE NOIR SAV, FRTS ROUGES X25""",the noir sav frts rouges x25,,,,Fruits rouges,Fruits rouges,,,,,,100.0,100.0,100.0,g,0.1,,,pièce,-,50.36,TF-IDF_Cosine,True,False,3219
THE VERT CHINE CONCENTRE 250G,the vert chine concentre 250g,,,,Lait concentré,Lait concentré,,,,,Chine,250.0,250.0,250.0,g,0.25,,,pièce,-,47.29,TF-IDF_Cosine,True,False,3220
THE VERT DE CHINE 25 Sachets 40G,the vert de chine 25 sachets 40g,,,,Chou vert,Chou vert,,,,,Chine,40.0,40.0,40.0,g,0.04,,,pièce,-,32.33,TF-IDF_Cosine,True,False,3221
THE VERT GUNPOWDER 250G,the vert gunpowder 250g,,,,Chou vert,Chou vert,,,,,,250.0,250.0,250.0,g,0.25,,,pièce,-,40.09,TF-IDF_Cosine,True,False,3222
THE VERT GUNPOWDER 250G,the vert gunpowder 250g,,,,Chou vert,Chou vert,,,,,,250.0,250.0,250.0,g,0.25,,,pièce,-,40.09,TF-IDF_Cosine,True,False,3222
THE VERT MENTHE 40G-AUCHAN,the vert menthe 40g-auchan,,,,Menthe,Menthe,,,,,,40.0,40.0,40.0,g,0.04,,,pièce,-,83.53,LinearSVC,False,False,3223
THE VERT MENTHE X25 S 45G,the vert menthe x25 s 45g,,,,Menthe,Menthe,,,25,pièce,,45.0,45.0,45.0,g,1.125,,,pièce,-,83.03,LinearSVC,False,False,3224
THE VERT NATURE X25 40G,the vert nature x25 40g,,,,Yaourt nature,Yaourt,nature,,25,pièce,,40.0,40.0,40.0,g,1.0,,,pièce,-,47.27,TF-IDF_Cosine,True,False,3225
THE VERT SAVEUR CITRON X25 40G,the vert saveur citron x25 40g,,,,Citron vert,Citron,vert,,25,pièce,,40.0,40.0,40.0,g,1.0,,,pièce,-,62.47,TF-IDF_Cosine,True,False,3226
THON A A TARTINER 120G,thon a a tartiner 120g,,,,Fromage à tartiner,Fromage à tartiner,,,,,,120.0,120.0,120.0,g,0.12,,,pièce,-,68.13,LinearSVC,True,False,3227
THON ENTIER AU NATUREL CNES 185G,thon entier au naturel cnes 185g,,,,Thon naturel,Thon naturel,,,,,,185.0,185.0,185.0,g,0.185,,,pièce,-,83.15,LinearSVC,False,False,3228
THON ENTIER NATUREL-REAL 185gr CNES25,thon entier naturel-real 185gr cnes25,,,,Thon naturel,Thon naturel,,,,,,185.0,185.0,185.0,g,0.185,,,pièce,-,80.19,LinearSVC,False,False,3229
THON HUILE OLIVES-2*160gr-MARUZZELLA,thon huile olives-2160gr-maruzzella,,,,Huile d'olive,Huile,d'olive,,2,pièce,,160.0,160.0,160.0,g,0.32,,,pièce,-,51.77,TF-IDF_Cosine,True,False,3230
THYM CITRON 50G,thym citron 50g,,,,Thym,Thym,,,,,,50.0,50.0,50.0,g,0.05,,,pièce,-,82.13,LinearSVC,False,False,3231
THYM U FC 15G,thym u fc 15g,,,,Thym,Thym,,,,,,15.0,15.0,15.0,g,0.015,,,pièce,-,83.43,LinearSVC,False,False,3232
TOAST EMMENTAL *8 150G,toast emmental 8 150g,,,,Emmental,Emmental,,,8,pièce,,150.0,150.0,150.0,g,1.2,,,pièce,-,81.31,LinearSVC,False,False,3233
TOAST EMMENTALER 150G,toast emmentaler 150g,,,,Emmental,Emmental,,,,,,150.0,150.0,150.0,g,0.15,,,pièce,-,62.2,TF-IDF_Cosine,True,False,3234
TOMATES CERISES 400G,tomates cerises 400g,,,,Tomate cerise,Tomate cerise,,,,,,400.0,400.0,400.0,g,0.4,,,pièce,-,69.5,TF-IDF_Cosine,True,False,3235
TOMATES CONCASSEES 400G,tomates concassees 400g,,,,Tomate pelée concassée,Tomate pelée,concassée,,,,,400.0,400.0,400.0,g,0.4,,,pièce,-,52.23,TF-IDF_Cosine,True,False,3236
"""TOMATES ENT, PELEES PXM BT 1/2""",tomates ent pelees pxm bt 12,,,,Purée de tomates,Purée,de tomates,,,,,,,,,,,,,-,43.23,TF-IDF_Cosine,True,False,3237
TOMATES ENTIERES PELEES 400G,tomates entieres pelees 400g,,,,Purée de tomates,Purée,de tomates,,,,,400.0,400.0,400.0,g,0.4,,,pièce,-,40.48,TF-IDF_Cosine,True,False,3238
TOMATES ENTIERES PELEES BIO 400G,tomates entieres pelees bio 400g,,,,Purée de tomates,Purée,de tomates,,,,,400.0,400.0,400.0,g,0.4,Bio,,pièce,-,38.75,TF-IDF_Cosine,True,False,3239
TOMATES ENTIERES PELEES SAVINO 400G,tomates entieres pelees savino 400g,,,,Purée de tomates,Purée,de tomates,,,,,400.0,400.0,400.0,g,0.4,,,pièce,-,36.23,TF-IDF_Cosine,True,False,3240
TON ALB AU NATUREL LR 160G,ton alb au naturel lr 160g,,,,Thon naturel,Thon naturel,,,,,,160.0,160.0,160.0,g,0.16,,,pièce,-,75.91,LinearSVC,False,False,3241
TORTILLA POCKETS LE KIT 375G OLDELPASO,tortilla pockets le kit 375g oldelpaso,,,,Chips tortilla,Chips,tortilla,,,,,375.0,375.0,375.0,g,0.375,,,pièce,-,40.82,TF-IDF_Cosine,True,False,3242
TRANCHES BURGER CHEDDAR LES CROISES X20,tranches burger cheddar les croises x20,,,,Cheddar,Cheddar,,,,,,,,,,,,,,-,72.97,LinearSVC,False,False,3243
TRIANGE FONDANT X24 DIA LACTEA 375G,triange fondant x24 dia lactea 375g,,,,Fondant blanc,Fondant,blanc,,24,pièce,,375.0,375.0,375.0,g,9.0,,,pièce,-,76.05,LinearSVC,False,False,3244
TRIANGLE FONDANT X16 PINGO DOCE 250G,triangle fondant x16 pingo doce 250g,,,,Fondant blanc,Fondant,blanc,,16,pièce,,250.0,250.0,250.0,g,4.0,,,pièce,-,73.25,LinearSVC,False,False,3245
TRIANGLE FONDANT X24,triangle fondant x24,,,,Fondant blanc,Fondant,blanc,,,,,,,,,,,,,-,76.05,LinearSVC,False,False,3246
TRIANGLES FONDANT LIGHT MILBONA X24 400G,triangles fondant light milbona x24 400g,,,,Fondant blanc,Fondant,blanc,,24,pièce,,400.0,400.0,400.0,g,9.600000000000001,,,pièce,-,66.58,LinearSVC,True,False,3247
TRIANGLES FONDANT X24,triangles fondant x24,,,,Fondant blanc,Fondant,blanc,,,,,,,,,,,,,-,76.05,LinearSVC,False,False,3248
TRIANGLES FONDANT X24-400grs,triangles fondant x24-400grs,,,,Fondant blanc,Fondant,blanc,,24,pièce,,212.0,24.0,400.0,g,5.088,,,pièce,-,76.05,LinearSVC,False,False,3249
TRIANGLES FONDANT X8 PRESIDENT-140grs,triangles fondant x8 president-140grs,,,,Fondant blanc,Fondant,blanc,,8,pièce,,140.0,140.0,140.0,g,1.12,,,pièce,-,54.9,LinearSVC,True,False,3250
TRIANGLES FROMAGE FONDU X12 PORTIONS,triangles fromage fondu x12 portions,,,,Fromage fondu,Fromage fondu,,,,,,,,,,,,,,-,85.53,LinearSVC,False,False,3251
TRIANGLES QUESO FONDANT 400G,triangles queso fondant 400g,,,,Fondant blanc,Fondant,blanc,,,,,400.0,400.0,400.0,g,0.4,,,pièce,-,72.46,LinearSVC,False,False,3252
TRIANGOLO X24,triangolo x24,,,,Produit non trouvé,Produit non trouvé,,,,,,,,,,,,,Kg,,23.63,TF-IDF_Cosine,True,False,3253
TRIO DE POIVRONS U 600G,trio de poivrons u 600g,,,,Poivron,Poivron,,,,,,600.0,600.0,600.0,g,0.6,,,pièce,-,61.18,TF-IDF_Cosine,True,False,3254
TUILES GOUT EPICE 170G,tuiles gout epice 170g,,,,Produit non trouvé,Produit non trouvé,,,,,,170.0,170.0,170.0,g,0.17,,,pièce,,24.32,TF-IDF_Cosine,True,False,3255
TWIX MINIS *333G,twix minis 333g,,,,Gâteau mini chou,Gâteau mini chou,,,333,pièce,,333.0,333.0,333.0,g,110.88900000000001,,,pièce,-,34.52,TF-IDF_Cosine,True,False,3256
TZATZIKI BIO 160G,tzatziki bio 160g,,,,Produit non trouvé,Produit non trouvé,,,,,,160.0,160.0,160.0,g,0.16,Bio,,pièce,,17.11,TF-IDF_Cosine,True,False,3257
U CAFE TRADITION MOULU 250G,u cafe tradition moulu 250g,,,,Baguette tradition,Baguette,tradition,,,,,250.0,250.0,250.0,g,0.25,,,pièce,-,52.84,TF-IDF_Cosine,True,False,3258
U CAPPUCINO CHOCO X8 144G,u cappucino choco x8 144g,,,,Barre à la noix de coco au chocolat,Barre à la noix de coco,au chocolat,,8,pièce,,144.0,144.0,144.0,g,1.152,,,pièce,-,28.36,TF-IDF_Cosine,True,False,3259
U CAPPUCINO CHOCO X8 144G,u cappucino choco x8 144g,,,,Barre à la noix de coco au chocolat,Barre à la noix de coco,au chocolat,,8,pièce,,144.0,144.0,144.0,g,1.152,,,pièce,-,28.36,TF-IDF_Cosine,True,False,3259
U CEREALES MINI COOKIES 375G,u cereales mini cookies 375g,,,,Gâteau cookie,Gâteau cookie,,,,,,375.0,375.0,375.0,g,0.375,,,pièce,-,47.55,TF-IDF_Cosine,True,False,3260
U CHOCO NR FOURRE FRAMB 130G,u choco nr fourre framb 130g,,,,Chocolat au lait fourré,Chocolat au lait,fourré,,,,,130.0,130.0,130.0,g,0.13,,,pièce,-,42.5,TF-IDF_Cosine,True,False,3261
U COUPELLES POIRE SS 4*100G,u coupelles poire ss 4100g,,,,Poire,Poire,,,4,pièce,,100.0,100.0,100.0,g,0.4,,,pièce,-,56.51,LinearSVC,True,False,3262
U COUPELLES SS PECHES 4*100G,u coupelles ss peches 4100g,,,,Crème chantilly sous pression uht,Crème chantilly,sous pression uht,,4,pièce,,100.0,100.0,100.0,g,0.4,,,pièce,-,30.97,LinearSVC,True,False,3263
U LAIT CONC NON SUCRE 410G,u lait conc non sucre 410g,,,,Sucre blanc,Sucre,blanc,,,,,410.0,410.0,410.0,g,0.41,,,pièce,-,75.04,LinearSVC,False,False,3264
"""U LAIT CONC,SUCRE ENT 397G""",u lait concsucre ent 397g,,,,Lait concentré sucré,Lait concentré,sucré,,,,,397.0,397.0,397.0,g,0.397,,,pièce,-,45.56,TF-IDF_Cosine,True,False,3265
U MUESLI CROUSTILLANT CHOCO NOIR 500G,u muesli croustillant choco noir 500g,,,,Muesli croustillant au chocolat,Muesli croustillant,au chocolat,,,,,500.0,500.0,500.0,g,0.5,,,pièce,-,80.15,LinearSVC,False,False,3266
VACHE A BOIRE VANILLE DE MADAGASCAR 266G,vache a boire vanille de madagascar 266g,,,,Yaourt à boire,Yaourt à boire,,,,,,266.0,266.0,266.0,g,0.266,,,pièce,-,78.9,LinearSVC,False,False,3267
VACHE A BOIRE 250ML,vache a boire 250ml,,,,Yaourt à boire,Yaourt à boire,,,,,,250.0,250.0,250.0,ml,0.25,,,pièce,-,53.12,LinearSVC,True,False,3268
VACHE A BOIRE FRAMBOISE 250ML,vache a boire framboise 250ml,,,,Framboise,Framboise,,,,,,250.0,250.0,250.0,ml,0.25,,,pièce,-,65.96,TF-IDF_Cosine,True,False,3269
VACHE A BOIRE FRAMBOISE 531G,vache a boire framboise 531g,,,,Framboise,Framboise,,,,,,531.0,531.0,531.0,g,0.531,,,pièce,-,66.8,TF-IDF_Cosine,True,False,3270
VACHE A BOIRE MANGUE-PASSION 531G,vache a boire mangue-passion 531g,,,,Yaourt à boire,Yaourt à boire,,,,,,531.0,531.0,531.0,g,0.531,,,pièce,-,58.17,LinearSVC,True,False,3271
VELOUTE 8 LEGUMES U1L,veloute 8 legumes u1l,,,,Velouté de légumes,Velouté,de légumes,,8.0,L,,8.0,8.0,8.0,L,8.0,,,L,-,61.11,TF-IDF_Cosine,True,False,3272
VELOUTE POIREAUX PDT PX MINI 1L,veloute poireaux pdt px mini 1l,,,,Velouté de tomate,Velouté,de tomate,,1.0,L,,1.0,1.0,1.0,L,1.0,,,L,-,65.83,LinearSVC,True,False,3273
VERITABLE JAMBON PERSILLE DE BOURGOGNE SUPERIEUR,veritable jambon persille de bourgogne superieur,,,,Jambon persillé,Jambon,persillé,,,,,,,,,,,,Kg,-,72.9,LinearSVC,False,False,3274
"""VIANDE ROUGE ET JB 0,30 €""",viande rouge et jb 030,,,,Vin rouge,Vin rouge,,,,,,,,,,,,,,-,49.78,TF-IDF_Cosine,True,False,3275
"""VIANDE ROUGE ET JB 0,70€""",viande rouge et jb 070,,,,Vin rouge,Vin rouge,,,,,,,,,,,,,,-,49.29,TF-IDF_Cosine,True,False,3276
"""VIANDE ROUGE ET JB 0,80€""",viande rouge et jb 080,,,,Vin rouge,Vin rouge,,,,,,,,,,,,,,-,49.44,TF-IDF_Cosine,True,False,3277
"""VIANDE ROUGE ET JB 0,20 €""",viande rouge et jb 020,,,,Vin rouge,Vin rouge,,,,,,,,,,,,,,-,46.18,TF-IDF_Cosine,True,False,3278
"""VIANDE ROUGE ET JB 1,00€""",viande rouge et jb 100,,,,Vin rouge,Vin rouge,,,,,,,,,,,,,,-,50.3,TF-IDF_Cosine,True,False,3279
"""VIANDE ROUGE ET JB 1,50 €""",viande rouge et jb 150,,,,Vin rouge,Vin rouge,,,,,,,,,,,,,,-,45.84,TF-IDF_Cosine,True,False,3280
"""VIANDE ROUGE ET JB 2,00€""",viande rouge et jb 200,,,,Vin rouge,Vin rouge,,,,,,,,,,,,,,-,50.12,TF-IDF_Cosine,True,False,3281
"""VIANDE ROUGE ET JB 3,00€""",viande rouge et jb 300,,,,Vin rouge,Vin rouge,,,,,,,,,,,,,,-,49.96,TF-IDF_Cosine,True,False,3282
"""VIANDE ROUGE ET JB 3,20€""",viande rouge et jb 320,,,,Vin rouge,Vin rouge,,,,,,,,,,,,,,-,50.23,TF-IDF_Cosine,True,False,3283
VIENNOISES AU CAFE *4 *400G MONOPRIX,viennoises au cafe 4 400g monoprix,,,,Viennois café,Viennois,café,,4,pièce,,400.0,400.0,400.0,g,1.6,,,pièce,-,53.65,TF-IDF_Cosine,True,False,3284
VIENNOISES FENDUS *4 U,viennoises fendus 4 u,,,,Viennois café,Viennois,café,,,,,,,,,,,,,-,52.19,TF-IDF_Cosine,True,False,3285
VINAIGRE BALSAMIQUE 50CL,vinaigre balsamique 50cl,,,,Vinaigre balsamique,Vinaigre,balsamique,,,,,500.0,500.0,500.0,ml,0.5,,,pièce,-,86.64,LinearSVC,False,False,3286
VINAIGRE BLANC 8% 1L,vinaigre blanc 8 1l,,,,Vinaigre d'alcool blanc 6°,Vinaigre,d'alcool blanc 6°,,1.0,L,,1.0,1.0,1.0,L,1.0,,,L,-,75.24,LinearSVC,False,False,3287
VINAIGRE BLANC CRISTAL 1L,vinaigre blanc cristal 1l,,,,Vinaigre d'alcool blanc 6°,Vinaigre,d'alcool blanc 6°,,1.0,L,,1.0,1.0,1.0,L,1.0,,,L,-,75.24,LinearSVC,False,False,3288
VINAIGRE D'ALCOOL COLORE 1L,vinaigre dalcool colore 1l,,,,Vinaigre d'alcool blanc 6°,Vinaigre,d'alcool blanc 6°,,1.0,L,,1.0,1.0,1.0,L,1.0,,,L,-,72.18,TF-IDF_Cosine,False,False,3289
VINAIGRE DE CIDRE 5° U 75CL,vinaigre de cidre 5 u 75cl,,,,Vinaigre de cidre,Vinaigre,de cidre,,,,,750.0,750.0,750.0,ml,0.75,,,pièce,-,85.3,LinearSVC,False,False,3290
VINAIGRE DE CIDRE 75CL-AUCHAN,vinaigre de cidre 75cl-auchan,,,,Vinaigre de cidre,Vinaigre,de cidre,,,,,750.0,750.0,750.0,ml,0.75,,,pièce,-,84.57,LinearSVC,False,False,3291
"""VINAIGRE DE VIN ROUGE 0,5L""",vinaigre de vin rouge 05l,,,,Vinaigre de vin,Vinaigre,de vin,,0.5,L,,0.5,0.5,0.5,L,0.5,,,L,-,79.38,LinearSVC,False,False,3292
VINAIGRETTE ECHALOTTE 50CL U,vinaigrette echalotte 50cl u,,,,Sauce vinaigrette,Sauce vinaigrette,,,,,,500.0,500.0,500.0,ml,0.5,,,pièce,-,79.97,LinearSVC,False,False,3293
VINAIGRETTE ECHALOTTE 50CL U,vinaigrette echalotte 50cl u,,,,Sauce vinaigrette,Sauce vinaigrette,,,,,,500.0,500.0,500.0,ml,0.5,,,pièce,-,79.97,LinearSVC,False,False,3293
VINAIGRETTE FINE HERBE 50CL U,vinaigrette fine herbe 50cl u,,,,Sauce vinaigrette,Sauce vinaigrette,,,,,,500.0,500.0,500.0,ml,0.5,,,pièce,-,57.9,LinearSVC,True,False,3294
VINAIGRETTE FINES HERBES 50CL AUCHAN,vinaigrette fines herbes 50cl auchan,,,,Omelette aux fines herbes,Omelette,aux fines herbes,,,,,500.0,500.0,500.0,ml,0.5,,,pièce,-,77.1,LinearSVC,False,False,3295
VINAIGRETTE MOUTARDE 50CL U,vinaigrette moutarde 50cl u,,,,Moutarde,Moutarde,,,,,,500.0,500.0,500.0,ml,0.5,,,pièce,-,62.29,TF-IDF_Cosine,True,False,3296
VINAIGRETTE MOUTARDE 50CL U,vinaigrette moutarde 50cl u,,,,Moutarde,Moutarde,,,,,,500.0,500.0,500.0,ml,0.5,,,pièce,-,62.29,TF-IDF_Cosine,True,False,3296
VINAIGRETTE MOUTARDE-50cl-AUCHAN,vinaigrette moutarde-50cl-auchan,,,,Sauce vinaigrette,Sauce vinaigrette,,,,,,500.0,500.0,500.0,ml,0.5,,,pièce,-,58.68,TF-IDF_Cosine,True,False,3297
"""VINAIGRETTE NAT,ALLEGEE AUCHAN 50CL""",vinaigrette natallegee auchan 50cl,,,,Sauce vinaigrette,Sauce vinaigrette,,,,,,500.0,500.0,500.0,ml,0.5,,,pièce,-,73.58,LinearSVC,False,False,3298
VINAIGRETTE NATURE 50CL U,vinaigrette nature 50cl u,,,,Sauce vinaigrette,Sauce vinaigrette,,,,,,500.0,500.0,500.0,ml,0.5,,,pièce,-,81.35,LinearSVC,False,False,3299
VINAIGRETTE NATURE 50CL U,vinaigrette nature 50cl u,,,,Sauce vinaigrette,Sauce vinaigrette,,,,,,500.0,500.0,500.0,ml,0.5,,,pièce,-,81.35,LinearSVC,False,False,3299
VINAIGRETTE NATUTE 50CL U,vinaigrette natute 50cl u,,,,Sauce vinaigrette,Sauce vinaigrette,,,,,,500.0,500.0,500.0,ml,0.5,,,pièce,-,79.97,LinearSVC,False,False,3300
"""VOLAILLE_OEUF 0,20 €""",volaille_oeuf 020,,,,Fond de volaille,Fond de volaille,,,,,,,,,,,,,,-,51.62,TF-IDF_Cosine,True,False,3301
"""VOLAILLE_OEUF 0,50 €""",volaille_oeuf 050,,,,Fond de volaille,Fond de volaille,,,,,,,,,,,,,,-,51.33,TF-IDF_Cosine,True,False,3302
"""VOLAILLE_OEUF 0,60€""",volaille_oeuf 060,,,,Fond de volaille,Fond de volaille,,,,,,,,,,,,,,-,60.81,TF-IDF_Cosine,True,False,3303
"""VOLAILLE_OEUF 0,80€""",volaille_oeuf 080,,,,Fond de volaille,Fond de volaille,,,,,,,,,,,,,,-,56.35,TF-IDF_Cosine,True,False,3304
"""VOLAILLE_OEUF 1,00 €""",volaille_oeuf 100,,,,Fond de volaille,Fond de volaille,,,,,,,,,,,,,,-,57.66,TF-IDF_Cosine,True,False,3305
"""VOLAILLE_OEUF 1,50 €""",volaille_oeuf 150,,,,Fond de volaille,Fond de volaille,,,,,,,,,,,,,,-,51.16,TF-IDF_Cosine,True,False,3306
"""VOLAILLE_OEUF 1,60 €""",volaille_oeuf 160,,,,Fond de volaille,Fond de volaille,,,,,,,,,,,,,,-,61.53,TF-IDF_Cosine,True,False,3307
"""VOLAILLE_OEUF 1,80 €""",volaille_oeuf 180,,,,Fond de volaille,Fond de volaille,,,,,,,,,,,,,,-,56.92,TF-IDF_Cosine,True,False,3308
"""VOLAILLE_OEUF 2,00 €""",volaille_oeuf 200,,,,Fond de volaille,Fond de volaille,,,,,,,,,,,,,,-,57.38,TF-IDF_Cosine,True,False,3309
"""VOLAILLE_OEUF 2,20 €""",volaille_oeuf 220,,,,Fond de volaille,Fond de volaille,,,,,,,,,,,,,,-,57.47,TF-IDF_Cosine,True,False,3310
"""VOLAILLE_OEUF 2,50 €""",volaille_oeuf 250,,,,Fond de volaille,Fond de volaille,,,,,,,,,,,,,,-,57.06,TF-IDF_Cosine,True,False,3311
"""VOLAILLE_OEUF 2,80 €""",volaille_oeuf 280,,,,Fond de volaille,Fond de volaille,,,,,,,,,,,,,,-,52.73,TF-IDF_Cosine,True,False,3312
"""VOLAILLE_OEUF 3,00 €""",volaille_oeuf 300,,,,Fond de volaille,Fond de volaille,,,,,,,,,,,,,,-,57.14,TF-IDF_Cosine,True,False,3313
"""VOLAILLE_OEUF 3,20 €""",volaille_oeuf 320,,,,Fond de volaille,Fond de volaille,,,,,,,,,,,,,,-,57.55,TF-IDF_Cosine,True,False,3314
"""VOLAILLE_OEUF 3,50 €""",volaille_oeuf 350,,,,Fond de volaille,Fond de volaille,,,,,,,,,,,,,,-,53.57,TF-IDF_Cosine,True,False,3315
"""VOLAILLE_OEUF 3,80 €""",volaille_oeuf 380,,,,Fond de volaille,Fond de volaille,,,,,,,,,,,,,,-,56.62,TF-IDF_Cosine,True,False,3316
"""VOLAILLE_OEUF 4,00€""",volaille_oeuf 400,,,,Fond de volaille,Fond de volaille,,,,,,,,,,,,,,-,56.0,TF-IDF_Cosine,True,False,3317
"""VOLAILLE_OEUF 4,20€""",volaille_oeuf 420,,,,Fond de volaille,Fond de volaille,,,,,,,,,,,,,,-,57.11,TF-IDF_Cosine,True,False,3318
"""VOLAILLE_OEUF 4,80€""",volaille_oeuf 480,,,,Fond de volaille,Fond de volaille,,,,,,,,,,,,,,-,56.21,TF-IDF_Cosine,True,False,3319
"""VOLAILLE_OEUF 5,00€""",volaille_oeuf 500,,,,Fond de volaille,Fond de volaille,,,,,,,,,,,,,,-,56.71,TF-IDF_Cosine,True,False,3320
"""VOLAILLE_OEUF 5,50€""",volaille_oeuf 550,,,,Fond de volaille,Fond de volaille,,,,,,,,,,,,,,-,54.82,TF-IDF_Cosine,True,False,3321
WASA FIBRES,wasa fibres,,,,Produit non trouvé,Produit non trouvé,,,,,,,,,,,,,Kg,,22.61,TF-IDF_Cosine,True,False,3322
WASA SESAME 250G,wasa sesame 250g,,,,Sésame,Sésame,,,,,,250.0,250.0,250.0,g,0.25,,,pièce,-,35.28,TF-IDF_Cosine,True,False,3323
YAOURT CAILLE VANILLE *2 250G,yaourt caille vanille 2 250g,,,,Yaourt à la vanille,Yaourt,à la vanille,,2,pièce,,250.0,250.0,250.0,g,0.5,,,pièce,-,76.61,LinearSVC,False,False,3324
YAOURT GREC,yaourt grec,,,,Yaourt,Yaourt,,,,,,,,,,,,,,-,75.29,TF-IDF_Cosine,False,False,3325
YAOURT GREC NATURE-850gr-YAOS,yaourt grec nature-850gr-yaos,,,,Yaourt nature,Yaourt,nature,,,,,850.0,850.0,850.0,g,0.85,,,pièce,-,75.39,LinearSVC,False,False,3326
YAOURT GTREC NATURE 375G,yaourt gtrec nature 375g,,,,Yaourt nature,Yaourt,nature,,,,,375.0,375.0,375.0,g,0.375,,,pièce,-,83.97,TF-IDF_Cosine,False,False,3327
YAOURT JOCKER DANONE X8 800G,yaourt jocker danone x8 800g,,,,Yaourt,Yaourt,,,8,pièce,,800.0,800.0,800.0,g,6.4,,,pièce,-,51.95,TF-IDF_Cosine,True,False,3328
YAOURT MALO VANILLE 500*G,yaourt malo vanille 500g,,,,Yaourt à la vanille,Yaourt,à la vanille,,,,,,,,,,,,,-,82.42,LinearSVC,False,False,3329
YAOURT NATURE 500G *4,yaourt nature 500g 4,,,,Yaourt nature,Yaourt,nature,,4,pièce,,500.0,500.0,500.0,g,2.0,,,pièce,-,80.63,LinearSVC,False,False,3330
"""YAOURT NATURE BIO 1,5G""",yaourt nature bio 15g,,,,Yaourt nature,Yaourt,nature,,,,,1.5,1.5,1.5,g,0.0015,Bio,,pièce,-,84.51,LinearSVC,False,False,3331
YAOURT NATURE BIO 400G,yaourt nature bio 400g,,,,Yaourt nature,Yaourt,nature,,,,,400.0,400.0,400.0,g,0.4,Bio,,pièce,-,81.1,LinearSVC,False,False,3332
YAOURT NATURE ENTIER 500G *4,yaourt nature entier 500g 4,,,,Yaourt nature lait entier,Yaourt,nature lait entier,,4,pièce,,500.0,500.0,500.0,g,2.0,,,pièce,-,82.33,TF-IDF_Cosine,False,False,3333
YAOURT NATURE ENTIER BIO 4*125gr,yaourt nature entier bio 4125gr,,,,Yaourt nature lait entier,Yaourt,nature lait entier,,4,pièce,,125.0,125.0,125.0,g,0.5,Bio,,pièce,-,84.1,TF-IDF_Cosine,False,False,3334
YAOURT NATURE FJORD 125G,yaourt nature fjord 125g,,,,Yaourt nature,Yaourt,nature,,,,,125.0,125.0,125.0,g,0.125,,,pièce,-,72.12,LinearSVC,False,False,3335
YAOURT NATURE LAIT ENTIER MALO 4*125G,yaourt nature lait entier malo 4125g,,,,Yaourt nature lait entier,Yaourt,nature lait entier,,4,pièce,,125.0,125.0,125.0,g,0.5,,,pièce,-,85.11,LinearSVC,False,False,3336
YAOURT NATURE LAIT ENTIER MALO 500G,yaourt nature lait entier malo 500g,,,,Yaourt nature lait entier,Yaourt,nature lait entier,,,,,500.0,500.0,500.0,g,0.5,,,pièce,-,84.97,LinearSVC,False,False,3337
YAOURT NATURE LES2VACHES 460G,yaourt nature les2vaches 460g,,,,Yaourt nature,Yaourt,nature,,,,,460.0,460.0,460.0,g,0.46,,,pièce,-,76.39,LinearSVC,False,False,3338
YAOURT NATURE MONOPRIX *8 1K,yaourt nature monoprix 8 1k,,,,Yaourt nature,Yaourt,nature,,1.0,Kg,,1.0,1.0,1.0,Kg,1.0,,,Kg,-,81.08,LinearSVC,False,False,3339
YAOURT NATURE PLAISIR DES ALPES 4*125G,yaourt nature plaisir des alpes 4125g,,,,Yaourt nature,Yaourt,nature,,4,pièce,,125.0,125.0,125.0,g,0.5,,,pièce,-,83.41,LinearSVC,False,False,3340
YAOURT NATURE PLAISIR DES ALPES 500G,yaourt nature plaisir des alpes 500g,,,,Yaourt nature,Yaourt,nature,,,,,500.0,500.0,500.0,g,0.5,,,pièce,-,83.52,LinearSVC,False,False,3341
YAOURT NESTLE SMARTIES 480G,yaourt nestle smarties 480g,,,,Yaourt,Yaourt,,,,,,480.0,480.0,480.0,g,0.48,,,pièce,-,57.04,TF-IDF_Cosine,True,False,3342
YAOURT ONCTEUX MURES MYRTILLES *320G,yaourt oncteux mures myrtilles 320g,,,,Yaourt,Yaourt,,,320,pièce,,320.0,320.0,320.0,g,102.4,,,pièce,-,64.86,LinearSVC,True,False,3343
YAOURT SIGGI'S SKYR VANILLE 250G,yaourt siggis skyr vanille 250g,,,,Skyr,,,,,,,250.0,250.0,250.0,g,0.25,,,pièce,,82.44,LinearSVC,False,False,3344
YAOURT VANILLE *4,yaourt vanille 4,,,,Yaourt à la vanille,Yaourt,à la vanille,,,,,,,,,,,,,-,80.54,LinearSVC,False,False,3345
YAOURT VANILLE *8,yaourt vanille 8,,,,Yaourt à la vanille,Yaourt,à la vanille,,,,,,,,,,,,,-,80.54,LinearSVC,False,False,3346
YAOURT YOLAIT 140G,yaourt yolait 140g,,,,Yaourt,Yaourt,,,,,,140.0,140.0,140.0,g,0.14,,,pièce,-,74.23,TF-IDF_Cosine,False,False,3347
YAOURTS A LA GRECQUE 4POTS *600G,yaourts a la grecque 4pots 600g,,,,Yaourt à la grecque,Yaourt,à la grecque,,600,pièce,,600.0,600.0,600.0,g,360.0,,,pièce,-,76.17,TF-IDF_Cosine,False,False,3348
YAOURTS GRECQUE NATURE 4*150gr-LP,yaourts grecque nature 4150gr-lp,,,,Yaourt à la grecque,Yaourt,à la grecque,,4,pièce,,150.0,150.0,150.0,g,0.6,,,pièce,-,64.76,TF-IDF_Cosine,True,False,3349
YAOURTS NATURE *4 NOVA 500G,yaourts nature 4 nova 500g,,,,Yaourt nature,Yaourt,nature,,4,pièce,,500.0,500.0,500.0,g,2.0,,,pièce,-,72.82,TF-IDF_Cosine,False,False,3350
YOGI TEA BIO ROSE 34G*,yogi tea bio rose 34g,,,,Baie rose,Baie,rose,,,,,34.0,34.0,34.0,g,0.034,Bio,,pièce,-,42.01,TF-IDF_Cosine,True,False,3351
YOP 825G,yop 825g,,,,Yaourt à boire,Yaourt à boire,,,,,,825.0,825.0,825.0,g,0.825,,,pièce,-,87.47,LinearSVC,False,False,3352
YOP *4 FOREST FRUITS FLAVOUR 720G,yop 4 forest fruits flavour 720g,,,,Yaourt à boire,Yaourt à boire,,,4,pièce,,720.0,720.0,720.0,g,2.88,,,pièce,-,84.61,LinearSVC,False,False,3353
YOP 850G,yop 850g,,,,Yaourt à boire,Yaourt à boire,,,,,,850.0,850.0,850.0,g,0.85,,,pièce,-,85.14,LinearSVC,False,False,3354
YOP A BOIRE VANILLE 1KG,yop a boire vanille 1kg,,,,Yaourt à boire,Yaourt à boire,,,1.0,Kg,,1.0,1.0,1.0,Kg,1.0,,,Kg,-,86.76,LinearSVC,False,False,3355
YOP A BOIRE VANILLE 825gr,yop a boire vanille 825gr,,,,Yaourt à boire,Yaourt à boire,,,,,,825.0,825.0,825.0,g,0.825,,,pièce,-,87.81,LinearSVC,False,False,3356
YOP CHOCO X4 180G,yop choco x4 180g,,,,Yaourt à boire,Yaourt à boire,,,4,pièce,,180.0,180.0,180.0,g,0.72,,,pièce,-,80.65,LinearSVC,False,False,3357
YOP CHOCOLAT 850G,yop chocolat 850g,,,,Yaourt à boire,Yaourt à boire,,,,,,850.0,850.0,850.0,g,0.85,,,pièce,-,86.81,LinearSVC,False,False,3358
YOP CITRON 850G,yop citron 850g,,,,Citron,Citron,,,,,,850.0,850.0,850.0,g,0.85,,,pièce,-,74.84,TF-IDF_Cosine,False,False,3359
YOP FRAISE *8 800G,yop fraise 8 800g,,,,Yaourt à boire,Yaourt à boire,,,8,pièce,,800.0,800.0,800.0,g,6.4,,,pièce,-,84.67,LinearSVC,False,False,3360
YOP FRAISE 500G,yop fraise 500g,,,,Yaourt à boire,Yaourt à boire,,,,,,500.0,500.0,500.0,g,0.5,,,pièce,-,80.02,LinearSVC,False,False,3361
YOP FRAISE 825G,yop fraise 825g,,,,Yaourt à boire,Yaourt à boire,,,,,,825.0,825.0,825.0,g,0.825,,,pièce,-,85.71,LinearSVC,False,False,3362
YOP FRAISE BANANE *825G,yop fraise banane 825g,,,,Banane,Banane,,,825,pièce,,825.0,825.0,825.0,g,680.625,,,pièce,-,68.25,TF-IDF_Cosine,True,False,3363
YOP FRAISE LOT DE 4*250gr,yop fraise lot de 4250gr,,,,Yaourt à boire,Yaourt à boire,,,4,pièce,,250.0,250.0,250.0,g,1.0,,,pièce,-,86.6,LinearSVC,False,False,3364
YOP FRAISE X8 800G,yop fraise x8 800g,,,,Yaourt à boire,Yaourt à boire,,,8,pièce,,800.0,800.0,800.0,g,6.4,,,pièce,-,83.66,LinearSVC,False,False,3365
YOP FRAMBOISE 825G,yop framboise 825g,,,,Yaourt à boire,Yaourt à boire,,,,,,825.0,825.0,825.0,g,0.825,,,pièce,-,85.64,LinearSVC,False,False,3366
YOP FRAMBOISE 850G,yop framboise 850g,,,,Yaourt à boire,Yaourt à boire,,,,,,850.0,850.0,850.0,g,0.85,,,pièce,-,86.04,LinearSVC,False,False,3367
YOP LOT DE 4 FRAISE,yop lot de 4 fraise,,,,Yaourt à boire,Yaourt à boire,,,,,,,,,,,,,,-,63.3,LinearSVC,True,False,3368
YOP PARFUM COCO 825G,yop parfum coco 825g,,,,Yaourt à boire,Yaourt à boire,,,,,,825.0,825.0,825.0,g,0.825,,,pièce,-,78.49,LinearSVC,False,False,3369
YOP PARFUM FRAISE,yop parfum fraise,,,,Yaourt à boire,Yaourt à boire,,,,,,,,,,,,,,-,81.47,LinearSVC,False,False,3370
YOP PAT PATROUILLE *4 720G,yop pat patrouille 4 720g,,,,Yaourt à boire,Yaourt à boire,,,4,pièce,,720.0,720.0,720.0,g,2.88,,,pièce,-,87.47,LinearSVC,False,False,3371
YOP VANILLE 825G,yop vanille 825g,,,,Yaourt à boire,Yaourt à boire,,,,,,825.0,825.0,825.0,g,0.825,,,pièce,-,84.74,LinearSVC,False,False,3372
YOP VANILLE 850G,yop vanille 850g,,,,Yaourt à boire,Yaourt à boire,,,,,,850.0,850.0,850.0,g,0.85,,,pièce,-,85.67,LinearSVC,False,False,3373
YOP-FRUITS ROUGES-6*180Gr,yop-fruits rouges-6180gr,,,,Fruits rouges,Fruits rouges,,,6,pièce,,180.0,180.0,180.0,g,1.08,,,pièce,-,70.01,TF-IDF_Cosine,False,False,3374
YOPLAIT PETIT SUISSE *12,yoplait petit suisse 12,,,,Petit suisse,Petit suisse,,,,,,,,,,,,,,-,76.34,TF-IDF_Cosine,False,False,3375
YOPLAIT 360G NATURE,yoplait 360g nature,,,,Yaourt nature lait entier,Yaourt,nature lait entier,,,,,360.0,360.0,360.0,g,0.36,,,pièce,-,55.99,TF-IDF_Cosine,True,False,3376
YOPLAIT NATURE SUCRE 500G*4,yoplait nature sucre 500g4,,,,Yaourt nature sucré,Yaourt,nature sucré,,4,pièce,,500.0,500.0,500.0,g,2.0,,,pièce,-,54.08,TF-IDF_Cosine,True,False,3377
YOPLAIT PAT PATROUILLE X6,yoplait pat patrouille x6,,,,Oeuf brouille,Oeuf brouille,,,,,,,,,,,,,,-,30.14,TF-IDF_Cosine,True,False,3378
YOPLAIT PETIT NATURE *6 720G,yoplait petit nature 6 720g,,,,Yaourt nature lait entier,Yaourt,nature lait entier,,6,pièce,,720.0,720.0,720.0,g,4.32,,,pièce,-,45.56,TF-IDF_Cosine,True,False,3379
YOPLAIT PETIT SUISSE WILDLIFE 810G *18,yoplait petit suisse wildlife 810g 18,,,,Petit suisse,Petit suisse,,,18,pièce,,810.0,810.0,810.0,g,14.580000000000002,,,pièce,-,71.47,LinearSVC,False,False,3380
YOPLAIT SAFARI 720G *4,yoplait safari 720g 4,,,,Produit non trouvé,Produit non trouvé,,,4,pièce,,720.0,720.0,720.0,g,2.88,,,pièce,,23.45,TF-IDF_Cosine,True,False,3381
YOPLAIT X6,yoplait x6,,,,Pain au lait,Pain au lait,,,,,,,,,,,,,,-,32.85,TF-IDF_Cosine,True,False,3382
YOPLAITR PANIER*4 500G,yoplaitr panier4 500g,,,,Pain panini,Pain panini,,,4,pièce,,500.0,500.0,500.0,g,2.0,,,pièce,-,31.32,TF-IDF_Cosine,True,False,3383
YSEY SKYR *2 *300G CREME BRULEE,ysey skyr 2 300g creme brulee,,,,Skyr,,,,2,pièce,,300.0,300.0,300.0,g,0.6,,,pièce,,82.02,LinearSVC,False,False,3384
kelloggs nouilles instan*,kelloggs nouilles instan,,,,Café instantané,Café,instantané,,,,,,,,,,,,,-,40.73,TF-IDF_Cosine,True,False,3385
schweppes agrumes 33cl,schweppes agrumes 33cl,,,,Segment d'agrumes,Segment d'agrumes,,,,,,330.0,330.0,330.0,ml,0.33,,,pièce,-,46.48,TF-IDF_Cosine,True,False,3386
