basevariante,aliment,variante,tva,famille,allergenes
Abondance,Abondance,,-,BOF,
Abricot en dés,Abricot,en dés,-,Fruits_et_légumes,
Abricot dénoyauté,Abricot,dénoyauté,-,Fruits_et_légumes,
Abricot oreillon,Abricot,oreillon,-,Fruits_et_légumes,
Abricot,Abricot,,-,Fruits_et_légumes,
Abricot,Abricot,,-,Fruits_et_légumes,
Abricot sec moelleux,Abricot sec,moelleux,-,Fruits_et_légumes,
Abricot sec,Abricot sec,,-,Fruits_et_légumes,
Abricots au sirop,Abricots au sirop,,-,Epicerie,
Accra de poisson,Accra de poisson,,-,Viandes_Poissons,
Agar-agar,Agar-agar,,-,Epicerie,
Agneau côte seconde,Agneau,côte seconde,-,Viandes_Poissons,
Agneau côtelette,Agneau,côtelette,-,Viandes_Poissons,
Agneau côte première,Agneau,côte première,-,Viandes_Poissons,
Agneau sauté,Agneau,sauté,-,Viandes_Poissons,
Agneau collier,Agneau,collier,-,Viandes_Poissons,
Agneau collier sauté,Agneau,collier sauté,-,Viandes_Poissons,
Agneau côte découverte,Agneau,côte découverte,-,Viandes_Poissons,
Agneau côte,Agneau,côte,-,Viandes_Poissons,
Agneau gigot,Agneau,gigot,-,Viandes_Poissons,
Agneau coeur de gigot,Agneau,coeur de gigot,-,Viandes_Poissons,
Agneau navarin sauté,Agneau,navarin sauté,-,Viandes_Poissons,
Agneau épaule sauté,Agneau,épaule sauté,-,Viandes_Poissons,
Agneau,Agneau,,-,Viandes_Poissons,
Agneau selle,Agneau,selle,-,Viandes_Poissons,
Agneau selle partie maigre,Agneau,selle partie maigre,-,Viandes_Poissons,
Agneau carré,Agneau,carré,-,Viandes_Poissons,
Agneau émincé,Agneau,émincé,-,Viandes_Poissons,
Agneau épaule,Agneau,épaule,-,Viandes_Poissons,
Agneau épaule maigre,Agneau,épaule maigre,-,Viandes_Poissons,
Ail épluché,Ail,épluché,-,Fruits_et_légumes,
Ail en morceaux,Ail,en morceaux,-,Fruits_et_légumes,
Ail,Ail,,-,Fruits_et_légumes,
Ail séché,Ail,séché,-,Fruits_et_légumes,
Ail haché,Ail haché,,-,Fruits_et_légumes,
Ail pulpe séché,Ail pulpe,séché,-,Epicerie,
Aile de raie,Aile de raie,,-,Viandes_Poissons,
Airelles,Airelles,,-,Fruits_et_légumes,
Alcool de riz,Alcool de riz,,-,Epicerie,
Alcool pur,Alcool pur,,-,Epicerie,
Alfalfa,Alfalfa,,-,Fruits_et_légumes,
Aligot,Aligot,,-,Epicerie,
Allumettes de jambon,Allumettes,de jambon,-,Viandes_Poissons,
Allumettes de volaille,Allumettes,de volaille,-,Viandes_Poissons,
Amande effilée,Amande,effilée,-,Epicerie,
Amande en poudre,Amande,en poudre,-,Epicerie,
Amande,Amande,,-,Epicerie,
Amande blanchie,Amande,blanchie,-,Epicerie,
Amande grillée salée,Amande,grillée salée,-,Epicerie,
Amande hachées,Amande,hachées,-,Epicerie,
Amarante,Amarante,,-,Epicerie,
Amidon de maïs,Amidon,de maïs,-,Epicerie,
Amidon de riz,Amidon,de riz,-,Epicerie,
Ananas tranche,Ananas,tranche,-,Fruits_et_légumes,
Ananas en carpaccio,Ananas,en carpaccio,-,Fruits_et_légumes,
Ananas en cubes,Ananas,en cubes,-,Fruits_et_légumes,
Ananas en dés,Ananas,en dés,-,Fruits_et_légumes,
Ananas,Ananas,,-,Fruits_et_légumes,
Ananas en morceaux,Ananas,en morceaux,-,Fruits_et_légumes,
Ananas victoria,Ananas,victoria,-,Fruits_et_légumes,
Ananas au sirop,Ananas au sirop,,-,Epicerie,
Anchois,Anchois,,-,Viandes_Poissons,
Anchois filets à l'huile,Anchois,filets à l'huile,-,Viandes_Poissons,
Anchois au sel,Anchois,au sel,-,Viandes_Poissons,
Anchois filets roulés aux câpres,Anchois,filets roulés aux câpres,-,Viandes_Poissons,
Anchois mariné,Anchois,mariné,-,Viandes_Poissons,
Andouille de vire,Andouille,de vire,-,Viandes_Poissons,
Andouille,Andouille,,-,Viandes_Poissons,
Andouille de guéméné,Andouille,de guéméné,-,Viandes_Poissons,
Andouillette noire,Andouillette,noire,-,Viandes_Poissons,
Andouillette,Andouillette,,-,Viandes_Poissons,
Andouillette de troyes,Andouillette,de troyes,-,Viandes_Poissons,
Aneth,Aneth,,-,Fruits_et_légumes,
Anguille,Anguille,,-,Viandes_Poissons,
Anone,Anone,,-,Fruits_et_légumes,
Ao-nori,Ao-nori,,-,Epicerie,
Apéritif anisé sans alcool,Apéritif anisé sans alcool,,-,Epicerie,
Arachide,Arachide,,-,Epicerie,
Araignée de mer,Araignée de mer,,-,Viandes_Poissons,
Arôme patrelle,Arôme,patrelle,-,Epicerie,
Arôme vanille,Arôme,vanille,-,Epicerie,
Arôme fraise,Arôme,fraise,-,Epicerie,
Artichaut,Artichaut,,-,Fruits_et_légumes,
Artichaut,Artichaut,,-,Fruits_et_légumes,
Artichaut coeur,Artichaut coeur,,-,Fruits_et_légumes,
Artichaut coeur,Artichaut coeur,,-,Fruits_et_légumes,
Artichaut coeur,Artichaut coeur,,-,Fruits_et_légumes,
Artichaut coeur,Artichaut coeur,,-,Fruits_et_légumes,
Artichaut coeur,Artichaut coeur,,-,Fruits_et_légumes,
Artichaut fond,Artichaut fond,,-,Epicerie,
Ascophylle noueux,Ascophylle noueux,,-,Epicerie,
Asiago,Asiago,,-,BOF,
Asperge pointes,Asperge,pointes,-,Fruits_et_légumes,
Asperge,Asperge,,-,Fruits_et_légumes,
Asperge épluché,Asperge,épluché,-,Fruits_et_légumes,
Asperge pelé,Asperge,pelé,-,Fruits_et_légumes,
Asperge,Asperge,,-,Fruits_et_légumes,
Asperge,Asperge,,-,Fruits_et_légumes,
Asperge verte,Asperge,verte,-,Fruits_et_légumes,
Asperge blanche,Asperge,blanche,-,Fruits_et_légumes,
Aubergine,Aubergine,,-,Fruits_et_légumes,
Aubergine grillée,Aubergine,grillée,-,Fruits_et_légumes,
Aubergine en cubes,Aubergine,en cubes,-,Fruits_et_légumes,
Aubergine lamelle,Aubergine,lamelle,-,Fruits_et_légumes,
Aubergine en cubes,Aubergine,en cubes,-,Fruits_et_légumes,
Aubergine lamelle,Aubergine,lamelle,-,Fruits_et_légumes,
Autruche,Autruche,,-,Viandes_Poissons,
Avocat en demi,Avocat,en demi,-,Fruits_et_légumes,
Avocat,Avocat,,-,Fruits_et_légumes,
Avoine,Avoine,,-,Epicerie,
Baba au rhum,Baba,au rhum,-,Epicerie,
Baba,Baba,,-,Epicerie,
Baba savarin,Baba,savarin,-,Epicerie,
Babybel,Babybel,,-,BOF,
Badiane,Badiane,,-,Epicerie,
Bagel,Bagel,,-,Epicerie,
Baguette sans sel,Baguette,sans sel,-,Epicerie,
Baguette au levain,Baguette,au levain,-,Epicerie,
Baguette aux céréales et graines,Baguette,aux céréales et graines,-,Epicerie,
Baguette de campagne,Baguette,de campagne,-,Epicerie,
Baguette t55 à t110,Baguette,t55 à t110,-,Epicerie,
Baguette tradition,Baguette,tradition,-,Epicerie,
Baguette,Baguette,,-,Epicerie,
Baie rose,Baie,rose,-,Epicerie,
Baie de genièvre,Baie de genièvre,,-,Epicerie,
Baklawa,Baklawa,,-,Epicerie,
Bambou pousses,Bambou,pousses,-,Fruits_et_légumes,
Bambou pousses,Bambou,pousses,-,Fruits_et_légumes,
Banane,Banane,,-,Fruits_et_légumes,
Banane plaintain,Banane plaintain,,-,Fruits_et_légumes,
Banane séchés,Banane séchés,,-,Fruits_et_légumes,
Bar,Bar,,-,Viandes_Poissons,
Bar élevage,Bar,élevage,-,Viandes_Poissons,
Bar rayé,Bar,rayé,-,Viandes_Poissons,
Bar sauvage,Bar,sauvage,-,Viandes_Poissons,
Barre à la noix de coco au chocolat,Barre à la noix de coco,au chocolat,-,Epicerie,
Barre biscuitée fourrée aux fruits,Barre biscuitée fourrée aux fruits,,-,Epicerie,
Barre céréalière au chocolat,Barre céréalière,au chocolat,-,Epicerie,
Barre céréalière au chocolat et aux fruits,Barre céréalière,au chocolat et aux fruits,-,Epicerie,
Barre céréalière au lait et chocolat,Barre céréalière,au lait et chocolat,-,Epicerie,
Barre céréalière aux amandes,Barre céréalière,aux amandes,-,Epicerie,
Barre céréalière aux fruits,Barre céréalière,aux fruits,-,Epicerie,
Barre céréalière aux noisettes,Barre céréalière,aux noisettes,-,Epicerie,
Barre céréalière,Barre céréalière,,-,Epicerie,
Barre céréalière au lait et chocolat avec génoise,Barre céréalière,au lait et chocolat avec génoise,-,Epicerie,
Barre chocolatée au lait avec nougat,Barre chocolatée,au lait avec nougat,-,Epicerie,
Barre chocolatée aux fruits secs,Barre chocolatée,aux fruits secs,-,Epicerie,
Barre chocolatée biscuitée,Barre chocolatée,biscuitée,-,Epicerie,
Barre glacée au chocolat,Barre glacée,au chocolat,-,Epicerie,
Barre glacée,Barre glacée,,-,Epicerie,
Barre glacée au caramel,Barre glacée,au caramel,-,Epicerie,
Barre pâtissière,Barre pâtissière,,-,Epicerie,
Base de pizza à la crème,Base de pizza,à la crème,-,Epicerie,
Base de pizza tomatée,Base de pizza,tomatée,-,Epicerie,
Basilic,Basilic,,-,Fruits_et_légumes,
Basilic séché séché,Basilic séché,séché,-,Epicerie,
Basmati,Basmati,,-,Epicerie,
Batavia,Batavia,,-,Fruits_et_légumes,
Batavia,Batavia,,-,Fruits_et_légumes,
Batavia épluché,Batavia,épluché,-,Fruits_et_légumes,
Baudroie rousse,Baudroie rousse,,-,Viandes_Poissons,
Bavarois aux fruits rouges,Bavarois,aux fruits rouges,-,BOF,
Beaufort,Beaufort,,-,BOF,
Beignet à la pomme,Beignet,à la pomme,-,Epicerie,
Beignet au chocolat,Beignet,au chocolat,-,Epicerie,
Beignet aux abricots,Beignet,aux abricots,-,Epicerie,
Beignet au poisson,Beignet,au poisson,-,Epicerie,
Beignet de volaille,Beignet,de volaille,-,Epicerie,
Beignet à la confiture,Beignet,à la confiture,-,Epicerie,
Beignet,Beignet,,-,Epicerie,
Beignet à la framboise,Beignet,à la framboise,-,Epicerie,
Beignet de légumes,Beignet,de légumes,-,Epicerie,
Beignet de crevette,Beignet,de crevette,-,Epicerie,
Beignet aux fruits,Beignet,aux fruits,-,Epicerie,
Betterave rouge en lanière,Betterave rouge,en lanière,-,Fruits_et_légumes,
Betterave rouge,Betterave rouge,,-,Fruits_et_légumes,
Betterave rouge rapé,Betterave rouge,rapé,-,Fruits_et_légumes,
Betterave rouge en cubes,Betterave rouge,en cubes,-,Fruits_et_légumes,
Betterave rouge rapé,Betterave rouge,rapé,-,Fruits_et_légumes,
Betterave rouge,Betterave rouge,,-,Fruits_et_légumes,
Beurre,Beurre,,-,BOF,
Beurre demi-sel,Beurre,demi-sel,-,BOF,
Beurre doux,Beurre,doux,-,BOF,
Beurre salé,Beurre,salé,-,BOF,
Beurre Micro-pain,Beurre,Micro-pain,-,BOF,
Beurre de cacahuète,Beurre de cacahuète,,-,Epicerie,
Beurre de cacao,Beurre de cacao,,-,Epicerie,
Beurre de karité,Beurre de karité,,-,Epicerie,
Bicarbonate de soude,Bicarbonate de soude,,-,Epicerie,
Bière brune,Bière,brune,-,Epicerie,
Bière blanche,Bière,blanche,-,Epicerie,
Bière d'abbaye,Bière,d'abbaye,-,Epicerie,
Bière faiblement alcoolisée 3° alcool,Bière,faiblement alcoolisée 3° alcool,-,Epicerie,
Bière forte >8° alcool,Bière,forte >8° alcool,-,Epicerie,
"Bière sans alcool <1,2° alcool",Bière,"sans alcool <1,2° alcool",-,Epicerie,
Bière spéciale 5-6° alcool,Bière,spéciale 5-6° alcool,-,Epicerie,
Bière,Bière,,-,Epicerie,
Bigorneau,Bigorneau,,-,Viandes_Poissons,
Biscotte briochée,Biscotte,briochée,-,Epicerie,
Biscotte,Biscotte,,-,Epicerie,
Biscotte complète,Biscotte,complète,-,Epicerie,
Biscotte multicéréale,Biscotte,multicéréale,-,Epicerie,
Biscuit apéritif,Biscuit apéritif,,-,Epicerie,
Biscuit apéritif soufflé à base de maïs à la cacahuète,Biscuit apéritif soufflé,à base de maïs à la cacahuète,-,Epicerie,
Biscuit de Savoie,Biscuit de Savoie,,-,Epicerie,
Biscuit moelleux fourré à l'orange et enrobé de sucre glace,Biscuit moelleux fourré à l'orange et enrobé de sucre glace,,-,Epicerie,
Biscuit pâtissier meringué,Biscuit pâtissier meringué,,-,Epicerie,
Biscuit pour bébé,Biscuit pour bébé,,-,Epicerie,
Biscuit sec type barquette au chocolat,Biscuit sec,type barquette au chocolat,-,Epicerie,
Biscuit sec type barquette,Biscuit sec,type barquette,-,Epicerie,
Biscuit sec type barquette aux fruits,Biscuit sec,type barquette aux fruits,-,Epicerie,
Biscuit sec à l'orange,Biscuit sec,à l'orange,-,Epicerie,
Biscuit sec sablé,Biscuit sec,sablé,-,Epicerie,
Biscuit sec au chocolat,Biscuit sec,au chocolat,-,Epicerie,
Biscuit sec au chocolat,Biscuit sec,au chocolat,-,Epicerie,
Biscuit sec à la pâte de fruits,Biscuit sec,à la pâte de fruits,-,Epicerie,
Biscuit sec au lait,Biscuit sec,au lait,-,Epicerie,
Biscuit sec aux céréales,Biscuit sec,aux céréales,-,Epicerie,
Biscuit sec aux fruits,Biscuit sec,aux fruits,-,Epicerie,
Biscuit sec aux fruits à coque,Biscuit sec,aux fruits à coque,-,Epicerie,
Biscuit sec galette au beurre sablé,Biscuit sec,galette au beurre sablé,-,Epicerie,
Biscuit sec tartelette nappé aux fruits,Biscuit sec,tartelette nappé aux fruits,-,Epicerie,
Biscuit sec type cigarette russe,Biscuit sec,type cigarette russe,-,Epicerie,
Biscuit sec type tuile aux fruits,Biscuit sec,type tuile aux fruits,-,Epicerie,
Biscuit sec,Biscuit sec,,-,Epicerie,
Biscuit sec aux amandes,Biscuit sec,aux amandes,-,Epicerie,
Biscuit sec boudoir,Biscuit sec,boudoir,-,Epicerie,
Biscuit sec type galette au chocolat,Biscuit sec,type galette au chocolat,-,Epicerie,
Biscuit sec type tartelette au chocolat,Biscuit sec,type tartelette au chocolat,-,Epicerie,
Biscuit sec type langue de chat,Biscuit sec,type langue de chat,-,Epicerie,
Biscuit sec cuillère,Biscuit sec,cuillère,-,Epicerie,
Biscuit sec feuilleté type palmier,Biscuit sec feuilleté,type palmier,-,Epicerie,
Biscuit sec fourré à la vanille,Biscuit sec fourré,à la vanille,-,Epicerie,
Biscuit sec fourré au chocolat,Biscuit sec fourré,au chocolat,-,Epicerie,
Biscuit sec fourré au lait,Biscuit sec fourré,au lait,-,Epicerie,
Biscuit sec fourré aux fruits,Biscuit sec fourré,aux fruits,-,Epicerie,
Biscuit sec petit beurre,Biscuit sec petit beurre,,-,Epicerie,
Biscuit sec petit beurre au chocolat,Biscuit sec petit beurre,au chocolat,-,Epicerie,
Biscuit sec pour petit déjeuner,Biscuit sec pour petit déjeuner,,-,Epicerie,
Biscuit sec pour petit déjeuner au chocolat,Biscuit sec pour petit déjeuner,au chocolat,-,Epicerie,
Blanc d'œuf,Blanc d'œuf,,-,Epicerie,
Blanc de dinde,Blanc de dinde,,-,Viandes_Poissons,
Blanc de poulet,Blanc de poulet,,-,Viandes_Poissons,
Blancs d'oeufs en neige lit de caramel,Blancs d'oeufs en neige,lit de caramel,-,BOF,
Blanquette de veau,Blanquette de veau,,-,Epicerie,
Blé de Khorasan complet,Blé,de Khorasan complet,-,Epicerie,
Blé de Khorasan,Blé,de Khorasan,-,Epicerie,
Blé germé,Blé,germé,-,Epicerie,
Blé tendre,Blé,tendre,-,Epicerie,
Blé tendre froment,Blé,tendre froment,-,Epicerie,
Blé,Blé,,-,Epicerie,
Blé dur cuisiné,Blé,dur cuisiné,-,Epicerie,
Blette,Blette,,-,Fruits_et_légumes,
Blette,Blette,,-,Fruits_et_légumes,
Bleu,Bleu,,-,BOF,
Bleu au lait de vache,Bleu,au lait de vache,-,BOF,
Bleu d'Auvergne,Bleu,d'Auvergne,-,BOF,
Bleu de bresse,Bleu,de bresse,-,BOF,
Bleu de Gex,Bleu,de Gex,-,BOF,
Bleu des causses,Bleu,des causses,-,BOF,
Bleu du Haut-jura,Bleu,du Haut-jura,-,BOF,
Blini,Blini,,-,Epicerie,
Boeuf filet,Boeuf,filet,-,Viandes_Poissons,
Boeuf entrecôte,Boeuf,entrecôte,-,Viandes_Poissons,
Boeuf entrecôte partie maigre,Boeuf,entrecôte partie maigre,-,Viandes_Poissons,
Boeuf hampe,Boeuf,hampe,-,Viandes_Poissons,
Boeuf faux filet,Boeuf,faux filet,-,Viandes_Poissons,
Boeuf faux-filet,Boeuf,faux-filet,-,Viandes_Poissons,
Boeuf macreuse,Boeuf,macreuse,-,Viandes_Poissons,
Boeuf émincé,Boeuf,émincé,-,Viandes_Poissons,
Boeuf,Boeuf,,-,Viandes_Poissons,
Boeuf tende de tranche,Boeuf,tende de tranche,-,Viandes_Poissons,
Boeuf bifteck,Boeuf,bifteck,-,Viandes_Poissons,
Boeuf bavette,Boeuf,bavette,-,Viandes_Poissons,
Boeuf bavette d'aloyau,Boeuf,bavette d'aloyau,-,Viandes_Poissons,
Boeuf paleron,Boeuf,paleron,-,Viandes_Poissons,
Boeuf boule de macreuse,Boeuf,boule de macreuse,-,Viandes_Poissons,
Boeuf collier sauté,Boeuf,collier sauté,-,Viandes_Poissons,
Boeuf paleron sauté,Boeuf,paleron sauté,-,Viandes_Poissons,
Boeuf à bourguignon,Boeuf,à bourguignon,-,Viandes_Poissons,
Boeuf bourguignon,Boeuf,bourguignon,-,Viandes_Poissons,
Boeuf bourguignon,Boeuf,bourguignon,-,Viandes_Poissons,
Boeuf côte,Boeuf,côte,-,Viandes_Poissons,
Boeuf gîte,Boeuf,gîte,-,Viandes_Poissons,
Boeuf épaule,Boeuf,épaule,-,Viandes_Poissons,
Boeuf jarret,Boeuf,jarret,-,Viandes_Poissons,
Boeuf onglet,Boeuf,onglet,-,Viandes_Poissons,
Boeuf plat de côtes,Boeuf,plat de côtes,-,Viandes_Poissons,
Boeuf queue,Boeuf,queue,-,Viandes_Poissons,
Boeuf rond de gîte,Boeuf,rond de gîte,-,Viandes_Poissons,
Boeuf rosbif,Boeuf,rosbif,-,Viandes_Poissons,
Boeuf rumsteck,Boeuf,rumsteck,-,Viandes_Poissons,
Boeuf steak,Boeuf,steak,-,Viandes_Poissons,
Boeuf tende de tranche,Boeuf,tende de tranche,-,Viandes_Poissons,
Boeuf,Boeuf,,-,Viandes_Poissons,
Boeuf basse-côte,Boeuf,basse-côte,-,Viandes_Poissons,
Boeuf palet,Boeuf,palet,-,Viandes_Poissons,
Boeuf escalope,Boeuf,escalope,-,Viandes_Poissons,
Bogue,Bogue,,-,Viandes_Poissons,
Boisson à base d'avoine,Boisson à base d'avoine,,-,Epicerie,
Boisson à base de plantes pour bébé,Boisson à base de plantes pour bébé,,-,Epicerie,
Boisson à l'amande,Boisson à l'amande,,-,Epicerie,
Boisson à l'amande sucrée,Boisson à l'amande,sucrée,-,Epicerie,
Boisson à l'eau de source aromatisé,Boisson à l'eau de source,aromatisé,-,Epicerie,
Boisson à l'eau minérale aromatisé,Boisson à l'eau minérale,aromatisé,-,Epicerie,
Boisson à la châtaigne,Boisson à la châtaigne,,-,Epicerie,
Boisson à la noix de coco,Boisson à la noix de coco,,-,Epicerie,
Boisson au riz nature,Boisson au riz,nature,-,Epicerie,
Boisson au soja aromatisé,Boisson au soja,aromatisé,-,Epicerie,
Boisson au soja et jus de fruits concentrés,Boisson au soja,et jus de fruits concentrés,-,Epicerie,
Boisson au soja,Boisson au soja,,-,Epicerie,
Boisson au thé aromatisé,Boisson au thé,aromatisé,-,Epicerie,
Boisson aux fruits pour bébé dès 4/6mois,Boisson aux fruits pour bébé dès 4/6mois,,-,Epicerie,
Boisson cacaotée,Boisson cacaotée,,-,Epicerie,
Boisson énergisante avec édulcorants,Boisson énergisante,avec édulcorants,-,Epicerie,
Boisson énergisante sucrée,Boisson énergisante,sucrée,-,Epicerie,
Boisson gazeuse à la pomme,Boisson gazeuse,à la pomme,-,Epicerie,
Boisson gazeuse aux fruits,Boisson gazeuse,aux fruits,-,Epicerie,
Boisson gazeuse,Boisson gazeuse,,-,Epicerie,
Boisson infantile céréales lactées aux légumes,Boisson infantile céréales lactées,aux légumes,-,Epicerie,
Boisson infantile céréales lactées,Boisson infantile céréales lactées,,-,Epicerie,
Boisson infantile céréales lactées a aux fruits,Boisson infantile céréales lactées a,aux fruits,-,Epicerie,
Boisson lactée aromatisée à la fraise,Boisson lactée,aromatisée à la fraise,-,Epicerie,
Boisson lactée aromatisée au chocolat,Boisson lactée,aromatisée au chocolat,-,Epicerie,
Boisson plate aux fruits,Boisson plate,aux fruits,-,Epicerie,
Bok choy,Bok choy,,-,Fruits_et_légumes,
Bonbon dur et sucette,Bonbon,dur et sucette,-,Epicerie,
Bonbon biscuit,Bonbon,biscuit,-,Epicerie,
Bonbon,Bonbon,,-,Epicerie,
Bonbon au caramel dur,Bonbon au caramel,dur,-,Epicerie,
Bonbon au caramel mou,Bonbon au caramel,mou,-,Epicerie,
Bonbon gélifié,Bonbon gélifié,,-,Epicerie,
Bonite,Bonite,,-,Viandes_Poissons,
Bouchée,Bouchée,,-,Epicerie,
Bouchée à la reine à la viande,Bouchée à la reine,à la viande,-,Epicerie,
Bouchée à la reine à la volaille,Bouchée à la reine,à la volaille,-,Epicerie,
Bouchée à la reine à la quenelle,Bouchée à la reine,à la quenelle,-,Epicerie,
Bouchée à la reine au poisson et fruits de mer,Bouchée à la reine,au poisson et fruits de mer,-,Epicerie,
Bouchée à la vapeur,Bouchée à la vapeur,,-,Epicerie,
Bouchée chocolat fourrage fruits à coques,Bouchée chocolat,fourrage fruits à coques,-,Epicerie,
Bouchée chocolat praliné,Bouchée chocolat,praliné,-,Epicerie,
Bouchées au soja et blé au soja et blé,Bouchées au soja et blé,au soja et blé,-,Viandes_Poissons,
Bouchées traiteur,Bouchées traiteur,,-,Epicerie,
Bouchées végétal au soja et blé,Bouchées végétal,au soja et blé,-,Viandes_Poissons,
Boudin blanc truffé,Boudin,blanc truffé,-,Viandes_Poissons,
Boudin noir aux oignons,Boudin,noir aux oignons,-,Viandes_Poissons,
Boudin noir,Boudin,noir,-,Viandes_Poissons,
Boudin,Boudin,,-,Viandes_Poissons,
Boudin antillais,Boudin,antillais,-,Viandes_Poissons,
Boudin blanc,Boudin,blanc,-,Viandes_Poissons,
Bouillon de boeuf,Bouillon,de boeuf,-,Epicerie,
Bouillon au poisson,Bouillon,au poisson,-,Epicerie,
Bouillon pot au feu,Bouillon,pot au feu,-,Epicerie,
Bouillon de légumes,Bouillon,de légumes,-,Epicerie,
Bouillon de volaille,Bouillon,de volaille,-,Epicerie,
Bouillon de viande et légumes,Bouillon,de viande et légumes,-,Epicerie,
Boules de maïs soufflées au miel,Boules de maïs soufflées au miel,,-,Epicerie,
Boulette d'Avesne,Boulette d'Avesne,,-,BOF,
Boulette de pois-chiche,Boulette de pois-chiche,,-,Epicerie,
Boulette végétale pois chiche,Boulette végétale,pois chiche,-,Epicerie,
Boulette végétale au soja cuite tomate basilic,Boulette végétale,au soja cuite tomate basilic,-,Epicerie,
Boulette végétale au soja,Boulette végétale,au soja,-,Epicerie,
Boulette végétale aux haricots/flageolets,Boulette végétale,aux haricots/flageolets,-,Epicerie,
Boulette végétale aux haricots blancs,Boulette végétale,aux haricots blancs,-,Epicerie,
Boulette végétale au blé,Boulette végétale,au blé,-,Epicerie,
Boulettes d'agneau,Boulettes,d'agneau,-,Viandes_Poissons,
Boulettes de boeuf,Boulettes,de boeuf,-,Viandes_Poissons,
Boulettes à la suédoise,Boulettes,à la suédoise,-,Viandes_Poissons,
Boulettes au boeuf,Boulettes,au boeuf,-,Viandes_Poissons,
Boulettes type kefta,Boulettes,type kefta,-,Viandes_Poissons,
Boulettes de boeuf,Boulettes,de boeuf,-,Viandes_Poissons,
Boulgour,Boulgour,,-,Epicerie,
Boulgour de blé,Boulgour de blé,,-,Epicerie,
Bouquet garni,Bouquet garni,,-,Epicerie,
Brème,Brème,,-,Viandes_Poissons,
Bresaola,Bresaola,,-,Viandes_Poissons,
Bretzel,Bretzel,,-,Epicerie,
Brick à l'oeuf,Brick,à l'oeuf,-,Epicerie,
Brick à la pomme de terre,Brick,à la pomme de terre,-,Epicerie,
Brick au boeuf,Brick,au boeuf,-,Epicerie,
Brick aux crevettes,Brick,aux crevettes,-,Epicerie,
Brick aux légumes,Brick,aux légumes,-,Epicerie,
Brick à la volaille,Brick,à la volaille,-,Epicerie,
Brick à la viande,Brick,à la viande,-,Epicerie,
Brick au poisson,Brick,au poisson,-,Epicerie,
Brie,Brie,,-,BOF,
Brie de Meaux,Brie,de Meaux,-,BOF,
Brie de Melun,Brie,de Melun,-,BOF,
Brioche au chocolat,Brioche,au chocolat,-,Epicerie,
Brioche,Brioche,,-,Epicerie,
Brioche à la crême patissière,Brioche,à la crême patissière,-,Epicerie,
Brioche aux fruits,Brioche,aux fruits,-,Epicerie,
Brioche aux fruits confits,Brioche,aux fruits confits,-,Epicerie,
Brioche pur beurre,Brioche,pur beurre,-,Epicerie,
Brioche aux pépites de chocolat,Brioche,aux pépites de chocolat,-,Epicerie,
Brioche tranché,Brioche,tranché,-,Epicerie,
Brisure de framboise,Brisure de framboise,,-,Epicerie,
Brochet,Brochet,,-,Viandes_Poissons,
Brochette au porc,Brochette,au porc,-,Viandes_Poissons,
Brochette au porc,Brochette,au porc,-,Viandes_Poissons,
Brochette au poisson,Brochette,au poisson,-,Viandes_Poissons,
Brochette d'agneau,Brochette,d'agneau,-,Viandes_Poissons,
Brochette de dinde mariné provençale,Brochette,de dinde mariné provençale,-,Viandes_Poissons,
Brochette de dinde,Brochette,de dinde,-,Viandes_Poissons,
Brochette mixte de viande,Brochette,mixte de viande,-,Viandes_Poissons,
Brochette de crevettes,Brochette,de crevettes,-,Viandes_Poissons,
Brochette de poisson,Brochette,de poisson,-,Viandes_Poissons,
Brochette de boeuf,Brochette,de boeuf,-,Viandes_Poissons,
Brochette de volaille,Brochette,de volaille,-,Viandes_Poissons,
Brocoli fleurette,Brocoli,fleurette,-,Fruits_et_légumes,
Brocoli,Brocoli,,-,Fruits_et_légumes,
Brocoli,Brocoli,,-,Fruits_et_légumes,
Brocoli croquant,Brocoli,croquant,-,Fruits_et_légumes,
Brownie au chocolat,Brownie,au chocolat,-,Epicerie,
Brugnon,Brugnon,,-,Fruits_et_légumes,
Brunoise de légumes,Brunoise de légumes,,-,Fruits_et_légumes,
Bûche de Noël,Bûche de Noël,,-,Epicerie,
Bûche glacée vanille et chocolat,Bûche glacée,vanille et chocolat,-,Epicerie,
Bûche glacée fraise et vanille,Bûche glacée,fraise et vanille,-,Epicerie,
Bûche glacée,Bûche glacée,,-,Epicerie,
Bulot,Bulot,,-,Viandes_Poissons,
Burger au poisson,Burger,au poisson,-,Epicerie,
Burger au poulet,Burger,au poulet,-,Epicerie,
Burritos,Burritos,,-,Epicerie,
Butternut en cubes,Butternut,en cubes,-,Fruits_et_légumes,
Butternut,Butternut,,-,Fruits_et_légumes,
Cabillaud aiguillette pané,Cabillaud,aiguillette pané,-,Viandes_Poissons,
Cabillaud aiguillette,Cabillaud,aiguillette,-,Viandes_Poissons,
Cabillaud filet,Cabillaud,filet,-,Viandes_Poissons,
Cabillaud,Cabillaud,,-,Viandes_Poissons,
Cacahuète enrobées d'un biscuit pour apéritif,Cacahuète,enrobées d'un biscuit pour apéritif,-,Epicerie,
Cacahuète salée,Cacahuète,salée,-,Epicerie,
Cacahuète sans sel,Cacahuète,sans sel,-,Epicerie,
Cacahuète enrobées de chocolat dragéifiées,Cacahuète,enrobées de chocolat dragéifiées,-,Epicerie,
Cacahuète,Cacahuète,,-,Epicerie,
Cacahuète grillée salée,Cacahuète,grillée salée,-,Epicerie,
Cacahuète grillée sans sel ajouté,Cacahuète,grillée sans sel ajouté,-,Epicerie,
Cacao en poudre soluble,Cacao,en poudre soluble,-,Epicerie,
Cacao petit déjeuné,Cacao,petit déjeuné,-,Epicerie,
Cacao non sucré en poudre,Cacao,non sucré en poudre,-,Epicerie,
Café en poudre soluble,Café,en poudre soluble,-,Epicerie,
Café moulu,Café,moulu,-,Epicerie,
Café équilibre 50/50,Café,équilibre 50/50,-,Epicerie,
Café au lait au chocolat poudre soluble,Café,au lait au chocolat poudre soluble,-,Epicerie,
Café au lait poudre soluble,Café,au lait poudre soluble,-,Epicerie,
Café cappuccino au chocolat poudre soluble,Café,cappuccino au chocolat poudre soluble,-,Epicerie,
Café cappuccino poudre soluble,Café,cappuccino poudre soluble,-,Epicerie,
Café décaféiné poudre soluble,Café,décaféiné poudre soluble,-,Epicerie,
Café au lait instantané,Café,au lait instantané,-,Epicerie,
Café décaféiné,Café,décaféiné,-,Epicerie,
Café expresso,Café,expresso,-,Epicerie,
Café instantané,Café,instantané,-,Epicerie,
Café,Café,,-,Epicerie,
Café moulu arabica,Café,moulu arabica,-,Epicerie,
Café extrait liquide,Café,extrait liquide,-,Epicerie,
Café en grain au chocolat,Café,en grain au chocolat,-,Epicerie,
Caille,Caille,,-,Viandes_Poissons,
Caïmite,Caïmite,,-,Fruits_et_légumes,
Cake salé,Cake,salé,-,Epicerie,
Cake aux fruits,Cake,aux fruits,-,Epicerie,
Calamar,Calamar,,-,Viandes_Poissons,
Calamar à la romaine,Calamar,à la romaine,-,Viandes_Poissons,
Calamar à la romaine,Calamar,à la romaine,-,Viandes_Poissons,
Calissons d'Aix en Provence,Calissons d'Aix en Provence,,-,Epicerie,
Camembert de Normandie,Camembert,de Normandie,-,BOF,
Camembert,Camembert,,-,BOF,
Camembert au lait cru,Camembert,au lait cru,-,BOF,
Camembert 20% mg,Camembert,20% mg,-,BOF,
Canapés salés,Canapés salés,,-,Epicerie,
Canard magret fumé,Canard,magret fumé,-,Viandes_Poissons,
Canard,Canard,,-,Viandes_Poissons,
Canard cuisse,Canard,cuisse,-,Viandes_Poissons,
Canard magret,Canard,magret,-,Viandes_Poissons,
Canard effiloché confit,Canard,effiloché confit,-,Viandes_Poissons,
Canard cuisse confit,Canard,cuisse confit,-,Viandes_Poissons,
Canard sauté,Canard,sauté,-,Viandes_Poissons,
Canard aiguillette,Canard,aiguillette,-,Viandes_Poissons,
"Canard en sauce poivre vert, chasseur",Canard en sauce,"poivre vert, chasseur",-,Epicerie,
Cancoillotte,Cancoillotte,,-,BOF,
Canelé,Canelé,,-,Epicerie,
Canneberge,Canneberge,,-,Fruits_et_légumes,
Canneberge séchée sucrée,Canneberge,séchée sucrée,-,Fruits_et_légumes,
Cannelle,Cannelle,,-,Epicerie,
Cannelle en poudre,Cannelle,en poudre,-,Epicerie,
Cannelloni,Cannelloni,,-,Epicerie,
Cannelloni Boeuf,Cannelloni Boeuf,,-,Epicerie,
Cantal,Cantal,,-,BOF,
Cantal entre-deux,Cantal,entre-deux,-,BOF,
Cantal laguiole,Cantal,laguiole,-,BOF,
Capelan,Capelan,,-,Viandes_Poissons,
Câpre,Câpre,,-,Epicerie,
Câpres au vinaigre,Câpres,au vinaigre,-,Epicerie,
Carambole,Carambole,,-,Fruits_et_légumes,
Caramel mou au cacao,Caramel,mou au cacao,-,Epicerie,
Caramel liquide,Caramel,liquide,-,Epicerie,
Carangue,Carangue,,-,Viandes_Poissons,
Cardamome vert,Cardamome,vert,-,Epicerie,
Cardamome,Cardamome,,-,Epicerie,
Cardine franche,Cardine franche,,-,Viandes_Poissons,
Cardon,Cardon,,-,Fruits_et_légumes,
Cardon,Cardon,,-,Fruits_et_légumes,
Cardon épluché,Cardon,épluché,-,Fruits_et_légumes,
Carotte blanche,Carotte,blanche,-,Fruits_et_légumes,
Carotte jaune,Carotte,jaune,-,Fruits_et_légumes,
Carotte brunoise,Carotte,brunoise,-,Fruits_et_légumes,
Carotte mirepoix,Carotte,mirepoix,-,Fruits_et_légumes,
Carotte rapée,Carotte,rapée,-,Fruits_et_légumes,
Carotte brunoise,Carotte,brunoise,-,Fruits_et_légumes,
Carotte mirepoix,Carotte,mirepoix,-,Fruits_et_légumes,
Carotte rapée,Carotte,rapée,-,Fruits_et_légumes,
Carotte épluchée,Carotte,épluchée,-,Fruits_et_légumes,
Carotte épluchée,Carotte,épluchée,-,Fruits_et_légumes,
Carotte,Carotte,,-,Fruits_et_légumes,
Carotte,Carotte,,-,Fruits_et_légumes,
Carotte,Carotte,,-,Fruits_et_légumes,
Carotte bâtonnet,Carotte,bâtonnet,-,Fruits_et_légumes,
Carotte bâtonnet,Carotte,bâtonnet,-,Fruits_et_légumes,
Carotte rondelle,Carotte,rondelle,-,Fruits_et_légumes,
Carotte rondelle,Carotte,rondelle,-,Fruits_et_légumes,
Carotte rondelle,Carotte,rondelle,-,Fruits_et_légumes,
Carotte rondelle,Carotte,rondelle,-,Fruits_et_légumes,
Carotte duo,Carotte,duo,-,Fruits_et_légumes,
Carotte croquante,Carotte,croquante,-,Fruits_et_légumes,
Carotte fondante,Carotte,fondante,-,Fruits_et_légumes,
Carottes râpées,Carottes râpées,,-,Epicerie,
Carpaccio de saumon,Carpaccio,de saumon,-,Epicerie,
Carpaccio de boeuf,Carpaccio,de boeuf,-,Epicerie,
Carpe,Carpe,,-,Viandes_Poissons,
Carpe élevage,Carpe,élevage,-,Viandes_Poissons,
Carré abricot,Carré,abricot,-,Epicerie,
Carré au chocolat,Carré,au chocolat,-,Epicerie,
Carré de l'Est,Carré de l'Est,,-,BOF,
Carré des écluces,Carré des écluces,,-,BOF,
Carrelet,Carrelet,,-,Viandes_Poissons,
Carrelet pané frit,Carrelet,pané frit,-,Viandes_Poissons,
Carvi en grains,Carvi,en grains,-,Epicerie,
Cassis,Cassis,,-,Fruits_et_légumes,
Cassonade,Cassonade,,-,Epicerie,
Cassoulet,Cassoulet,,-,Epicerie,
Cassoulet au canard,Cassoulet au canard,,-,Epicerie,
Cassoulet au porc,Cassoulet au porc,,-,Epicerie,
Caviar,Caviar,,-,Viandes_Poissons,
Caviar d'aubergine,Caviar d'aubergine,,-,Epicerie,
Caviar de tomates,Caviar de tomates,,-,Epicerie,
Cébette,Cébette,,-,Fruits_et_légumes,
Céleri branche,Céleri branche,,-,Fruits_et_légumes,
Céleri branche,Céleri branche,,-,Fruits_et_légumes,
Céleri branche,Céleri branche,,-,Fruits_et_légumes,
Céleri branche,Céleri branche,,-,Fruits_et_légumes,
Céleri branche épluché,Céleri branche,épluché,-,Fruits_et_légumes,
Céleri rémoulade,Céleri rémoulade,,-,Epicerie,
Céleri rémoulade,Céleri rémoulade,,-,Epicerie,
Céleri-rave épluché,Céleri-rave,épluché,-,Fruits_et_légumes,
Céleri-rave,Céleri-rave,,-,Fruits_et_légumes,
Céleri-rave,Céleri-rave,,-,Fruits_et_légumes,
Céleri-rave,Céleri-rave,,-,Fruits_et_légumes,
Céleri-rave rapé,Céleri-rave,rapé,-,Fruits_et_légumes,
Céleri-rave rapé,Céleri-rave,rapé,-,Fruits_et_légumes,
Céréales complètes soufflées,Céréales complètes soufflées,,-,Epicerie,
Céréales gourmandes,Céréales gourmandes,,-,Epicerie,
Céréales instantanées poudre à reconstituer dès 4/6 mois,Céréales instantanées,poudre à reconstituer dès 4/6 mois,-,Epicerie,
Céréales pour petit déjeuner au chocolat,Céréales pour petit déjeuner,au chocolat,-,Epicerie,
Céréales pour petit déjeuner au chocolat non fourrées,Céréales pour petit déjeuner,au chocolat non fourrées,-,Epicerie,
Céréales pour petit déjeuner riches en fibres au chocolat,Céréales pour petit déjeuner,riches en fibres au chocolat,-,Epicerie,
Céréales pour petit déjeuner,Céréales pour petit déjeuner,,-,Epicerie,
Céréales pour petit déjeuner aux fruits,Céréales pour petit déjeuner,aux fruits,-,Epicerie,
Céréales pour petit déjeuner aux fruits secs à coque,Céréales pour petit déjeuner,aux fruits secs à coque,-,Epicerie,
Céréales pour petit déjeuner fourrées au chocolat,Céréales pour petit déjeuner,fourrées au chocolat,-,Epicerie,
Céréales pour petit déjeuner fourrées,Céréales pour petit déjeuner,fourrées,-,Epicerie,
Céréales pour petit déjeuner nature,Céréales pour petit déjeuner,nature,-,Epicerie,
Céréales pour petit déjeuner au miel,Céréales pour petit déjeuner,au miel,-,Epicerie,
Céréales pour petit déjeuner très riches en fibres,Céréales pour petit déjeuner,très riches en fibres,-,Epicerie,
Cerf sauté,Cerf,sauté,-,Viandes_Poissons,
Cerf,Cerf,,-,Viandes_Poissons,
Cerfeuil,Cerfeuil,,-,Fruits_et_légumes,
Cerise,Cerise,,-,Fruits_et_légumes,
Cerise griotte,Cerise,griotte,-,Fruits_et_légumes,
Cerise noire,Cerise,noire,-,Fruits_et_légumes,
Cerise dénoyauté,Cerise,dénoyauté,-,Fruits_et_légumes,
Cerise acérola,Cerise acérola,,-,Fruits_et_légumes,
Cerise amarena,Cerise amarena,,-,Epicerie,
Cerise bigarrreaux rouge,Cerise bigarrreaux,rouge,-,Fruits_et_légumes,
Cerise bigarrreaux verte,Cerise bigarrreaux,verte,-,Fruits_et_légumes,
Cerise bigarrreaux dénoyautés,Cerise bigarrreaux,dénoyautés,-,Fruits_et_légumes,
Cervelas,Cervelas,,-,Viandes_Poissons,
Cervelas orloff,Cervelas,orloff,-,Viandes_Poissons,
Cervelas à l'ail,Cervelas,à l'ail,-,Viandes_Poissons,
Cervelas obernois,Cervelas,obernois,-,Viandes_Poissons,
Cervelle d'agneau,Cervelle,d'agneau,-,Viandes_Poissons,
Cervelle de porc,Cervelle,de porc,-,Viandes_Poissons,
Cervelle de veau,Cervelle,de veau,-,Viandes_Poissons,
Chabichou,Chabichou,,-,BOF,
Chadèque,Chadèque,,-,Fruits_et_légumes,
Chair à saucisse,Chair à saucisse,,-,Viandes_Poissons,
Chair à saucisse pur porc,Chair à saucisse,pur porc,-,Viandes_Poissons,
Champagne,Champagne,,-,Epicerie,
Champignon cèpe,Champignon,cèpe,-,Fruits_et_légumes,
Champignon émincé,Champignon,émincé,-,Fruits_et_légumes,
Champignon chanterelle,Champignon,chanterelle,-,Fruits_et_légumes,
Champignon girofle,Champignon,girofle,-,Fruits_et_légumes,
Champignon lentin,Champignon,lentin,-,Fruits_et_légumes,
Champignon morille,Champignon,morille,-,Fruits_et_légumes,
Champignon oronge vraie,Champignon,oronge vraie,-,Fruits_et_légumes,
Champignon pleurote,Champignon,pleurote,-,Fruits_et_légumes,
Champignon rosé des prés,Champignon,rosé des prés,-,Fruits_et_légumes,
Champignon,Champignon,,-,Fruits_et_légumes,
Champignon,Champignon,,-,Fruits_et_légumes,
Champignon truffe noire,Champignon,truffe noire,-,Fruits_et_légumes,
Champignon de Paris épluché,Champignon de Paris,épluché,-,Fruits_et_légumes,
Champignon de Paris,Champignon de Paris,,-,Fruits_et_légumes,
Champignon de Paris,Champignon de Paris,,-,Fruits_et_légumes,
Champignon de Paris,Champignon de Paris,,-,Fruits_et_légumes,
Champignon hôtel,Champignon hôtel,,-,Fruits_et_légumes,
Champignon noir séché,Champignon noir,séché,-,Fruits_et_légumes,
Champignon noir sec,Champignon noir,sec,-,Fruits_et_légumes,
Champignon pied & morceaux,Champignon pied & morceaux,,-,Fruits_et_légumes,
Champignons à la grecque,Champignons à la grecque,,-,Epicerie,
Chaource,Chaource,,-,BOF,
Chapelure brune,Chapelure,brune,-,Epicerie,
Chapelure,Chapelure,,-,Epicerie,
Chapon filet avec peau,Chapon,filet avec peau,-,Viandes_Poissons,
Chapon,Chapon,,-,Viandes_Poissons,
Charlotte aux fruits,Charlotte aux fruits,,-,Epicerie,
Châtaigne,Châtaigne,,-,Epicerie,
Châtaigne,Châtaigne,,-,Epicerie,
Chausson aux pommes,Chausson aux pommes,,-,Epicerie,
Chayote,Chayote,,-,Fruits_et_légumes,
Cheddar,Cheddar,,-,BOF,
Cheesburger,Cheesburger,,-,Epicerie,
Cheeseburger double,Cheeseburger,double,-,Epicerie,
Cheeseburger,Cheeseburger,,-,Epicerie,
Cheesecake,Cheesecake,,-,BOF,
Chérimole,Chérimole,,-,Fruits_et_légumes,
Cheval entrecôte,Cheval,entrecôte,-,Viandes_Poissons,
Cheval faux-filet,Cheval,faux-filet,-,Viandes_Poissons,
Cheval steak,Cheval,steak,-,Viandes_Poissons,
Cheval tende de tranche,Cheval,tende de tranche,-,Viandes_Poissons,
Cheval,Cheval,,-,Viandes_Poissons,
Cheveu d'ange,Cheveu d'ange,,-,Epicerie,
Chèvre bûchette,Chèvre,bûchette,-,BOF,
Chèvre,Chèvre,,-,BOF,
Chèvre long,Chèvre,long,-,BOF,
Chèvre spécial cuisson,Chèvre,spécial cuisson,-,BOF,
Chèvre frais,Chèvre,frais,-,BOF,
Chevreau,Chevreau,,-,Viandes_Poissons,
Chèvretine,Chèvretine,,-,Viandes_Poissons,
Chevreuil,Chevreuil,,-,Viandes_Poissons,
Chevrot,Chevrot,,-,BOF,
Chewing-gum sans sucre,Chewing-gum,sans sucre,-,Epicerie,
Chewing-gum sucré,Chewing-gum,sucré,-,Epicerie,
Chia graine séchée,Chia,graine séchée,-,Epicerie,
Chicorée poudre soluble,Chicorée,poudre soluble,-,Epicerie,
Chicorée instantané,Chicorée,instantané,-,Epicerie,
Chicorée instantanée,Chicorée,instantanée,-,Epicerie,
Chicorée rouge,Chicorée rouge,,-,Fruits_et_légumes,
Chicorée verte,Chicorée verte,,-,Fruits_et_légumes,
Chili con carne,Chili con carne,,-,Epicerie,
Chinchard,Chinchard,,-,Viandes_Poissons,
Chinchard maigre,Chinchard,maigre,-,Viandes_Poissons,
Chipolata,Chipolata,,-,Viandes_Poissons,
Chipolata de dinde,Chipolata,de dinde,-,Viandes_Poissons,
Chips au sel de guérande,Chips,au sel de guérande,-,Epicerie,
Chips,Chips,,-,Epicerie,
Chips à l'ancienne,Chips,à l'ancienne,-,Epicerie,
Chips d'abricot pays,Chips,d'abricot pays,-,Epicerie,
Chips de crevette,Chips,de crevette,-,Epicerie,
Chips de potiron,Chips,de potiron,-,Epicerie,
Chips de maïs,Chips,de maïs,-,Epicerie,
Chips tortilla,Chips,tortilla,-,Epicerie,
Chocolat amer,Chocolat amer,,-,Epicerie,
Chocolat au lait,Chocolat au lait,,-,Epicerie,
Chocolat au lait au praliné,Chocolat au lait,au praliné,-,Epicerie,
Chocolat au lait aux céréales croustillantes,Chocolat au lait,aux céréales croustillantes,-,Epicerie,
Chocolat au lait aux fruits secs,Chocolat au lait,aux fruits secs,-,Epicerie,
Chocolat au lait fourré,Chocolat au lait,fourré,-,Epicerie,
Chocolat au lait sans sucres ajoutés,Chocolat au lait,sans sucres ajoutés,-,Epicerie,
Chocolat blanc,Chocolat blanc,,-,Epicerie,
Chocolat blanc aux fruits secs,Chocolat blanc,aux fruits secs,-,Epicerie,
Chocolat copeaux,Chocolat copeaux,,-,Epicerie,
Chocolat labo,Chocolat labo,,-,Epicerie,
Chocolat liquide,Chocolat liquide,,-,Epicerie,
Chocolat noir à 40% de cacao minimum,Chocolat noir,à 40% de cacao minimum,-,Epicerie,
Chocolat noir à la menthe,Chocolat noir,à la menthe,-,Epicerie,
Chocolat noir aux fruits,Chocolat noir,aux fruits,-,Epicerie,
Chocolat noir aux fruits secs,Chocolat noir,aux fruits secs,-,Epicerie,
Chocolat noir praliné,Chocolat noir,praliné,-,Epicerie,
Chocolat noir à 70% cacao minimum,Chocolat noir,à 70% cacao minimum,-,Epicerie,
Chocolat noir à moins de 70% de cacao,Chocolat noir,à moins de 70% de cacao,-,Epicerie,
Chocolat noir palets,Chocolat noir,palets,-,Epicerie,
Chocolat noir,Chocolat noir,,-,Epicerie,
Chocolat pépites,Chocolat pépites,,-,Epicerie,
Chop suey,Chop suey,,-,Epicerie,
Chorizo doux,Chorizo,doux,-,Viandes_Poissons,
Chorizo,Chorizo,,-,Viandes_Poissons,
Chou à la crème chantilly,Chou à la crème,chantilly,-,Epicerie,
Chou à la crème pâtissière,Chou à la crème,pâtissière,-,Epicerie,
Chou blanc émincé,Chou blanc,émincé,-,Fruits_et_légumes,
Chou blanc émincé,Chou blanc,émincé,-,Fruits_et_légumes,
Chou blanc,Chou blanc,,-,Fruits_et_légumes,
Chou chinois,Chou chinois,,-,Fruits_et_légumes,
Chou de Bruxelles,Chou de Bruxelles,,-,Fruits_et_légumes,
Chou de Bruxelles,Chou de Bruxelles,,-,Fruits_et_légumes,
Chou de Bruxelles,Chou de Bruxelles,,-,Fruits_et_légumes,
Chou dur,Chou dur,,-,Fruits_et_légumes,
Chou farci,Chou farci,,-,Epicerie,
Chou frisé,Chou frisé,,-,Fruits_et_légumes,
Chou romanesco,Chou romanesco,,-,Fruits_et_légumes,
Chou rouge émincé,Chou rouge,émincé,-,Fruits_et_légumes,
Chou rouge émincé,Chou rouge,émincé,-,Fruits_et_légumes,
Chou rouge,Chou rouge,,-,Fruits_et_légumes,
Chou vert émincé,Chou vert,émincé,-,Fruits_et_légumes,
Chou vert émincé,Chou vert,émincé,-,Fruits_et_légumes,
Chou vert,Chou vert,,-,Fruits_et_légumes,
Chou-fleur fleurette,Chou-fleur,fleurette,-,Fruits_et_légumes,
Chou-fleur épluché,Chou-fleur,épluché,-,Fruits_et_légumes,
Chou-fleur,Chou-fleur,,-,Fruits_et_légumes,
Chou-fleur,Chou-fleur,,-,Fruits_et_légumes,
Chou-fleur,Chou-fleur,,-,Fruits_et_légumes,
Chou-rave,Chou-rave,,-,Fruits_et_légumes,
Choucroute sans garniture cuite au riesling,Choucroute,sans garniture cuite au riesling,-,Epicerie,
Choucroute sans garniture,Choucroute,sans garniture,-,Epicerie,
Choucroute garnie,Choucroute,garnie,-,Epicerie,
Chouquette,Chouquette,,-,Epicerie,
Choux nature,Choux nature,,-,Fruits_et_légumes,
Christophine,Christophine,,-,Fruits_et_légumes,
Christophine blanche,Christophine,blanche,-,Fruits_et_légumes,
Christophine verte,Christophine,verte,-,Fruits_et_légumes,
Ciboulette hachée,Ciboulette,hachée,-,Fruits_et_légumes,
Ciboulette,Ciboulette,,-,Fruits_et_légumes,
Ciboulette,Ciboulette,,-,Fruits_et_légumes,
Cidre aromatisé framboise,Cidre,aromatisé framboise,-,Epicerie,
Cidre bouché demi-sec,Cidre,bouché demi-sec,-,Epicerie,
Cidre brut,Cidre,brut,-,Epicerie,
Cidre traditionnel,Cidre,traditionnel,-,Epicerie,
Cidre doux,Cidre,doux,-,Epicerie,
Cigarette,Cigarette,,-,Epicerie,
Citron vert,Citron,vert,-,Fruits_et_légumes,
Citron jaune,Citron,jaune,-,Fruits_et_légumes,
Citron,Citron,,-,Fruits_et_légumes,
Citron zeste,Citron,zeste,-,Fruits_et_légumes,
Citron confit au sel,Citron,confit au sel,-,Fruits_et_légumes,
Citronnelle,Citronnelle,,-,Fruits_et_légumes,
Citrouille épluché,Citrouille,épluché,-,Fruits_et_légumes,
Citrouille,Citrouille,,-,Fruits_et_légumes,
Clafoutis aux fruits,Clafoutis,aux fruits,-,BOF,
Clémentine,Clémentine,,-,Fruits_et_légumes,
Clou de girofle,Clou de girofle,,-,Epicerie,
Cocktail de fruits,Cocktail de fruits,,-,Epicerie,
Cocktail de fruits de mer,Cocktail de fruits de mer,,-,Viandes_Poissons,
Cocktail de fruits de mer,Cocktail de fruits de mer,,-,Viandes_Poissons,
Coeur d'agneau,Coeur,d'agneau,-,Viandes_Poissons,
Coeur de dinde,Coeur,de dinde,-,Viandes_Poissons,
Coeur de porc,Coeur,de porc,-,Viandes_Poissons,
Coeur de poulet,Coeur,de poulet,-,Viandes_Poissons,
Coeur de veau,Coeur,de veau,-,Viandes_Poissons,
Coeur de boeuf,Coeur,de boeuf,-,Viandes_Poissons,
Cœur de blé,Cœur de blé,,-,Epicerie,
Coeur de palmier,Coeur de palmier,,-,Fruits_et_légumes,
Cœur de palmier,Cœur de palmier,,-,Fruits_et_légumes,
Cognac dénaturé,Cognac,dénaturé,-,Epicerie,
Cognac,Cognac,,-,Epicerie,
Coing,Coing,,-,Fruits_et_légumes,
Cola,Cola,,-,Epicerie,
Colin d'Alaska,Colin,d'Alaska,-,Viandes_Poissons,
Colin,Colin,,-,Viandes_Poissons,
Colin dos,Colin,dos,-,Viandes_Poissons,
Colin d'Alaska dos,Colin,d'Alaska dos,-,Viandes_Poissons,
Colin pavé,Colin,pavé,-,Viandes_Poissons,
Colin filet,Colin,filet,-,Viandes_Poissons,
Colin aiguillette,Colin,aiguillette,-,Viandes_Poissons,
Colin d'Alaska en filet,Colin,d'Alaska en filet,-,Viandes_Poissons,
Colin d'Alaska fumé,Colin,d'Alaska fumé,-,Viandes_Poissons,
Colorant rouge,Colorant,rouge,-,Epicerie,
Colorant jaune,Colorant,jaune,-,Epicerie,
Colorant viande,Colorant,viande,-,Epicerie,
Compote de pêche,Compote,de pêche,-,Epicerie,
Compote de pomme,Compote,de pomme,-,Epicerie,
Compote d'ananas,Compote,d'ananas,-,Epicerie,
Compote de poire,Compote,de poire,-,Epicerie,
Compote assortiments,Compote,assortiments,-,Epicerie,
Compote de fraise,Compote,de fraise,-,Epicerie,
Compote pomme/abricot,Compote,pomme/abricot,-,Epicerie,
Compote pomme/banane,Compote,pomme/banane,-,Epicerie,
Compote pomme/cassis,Compote,pomme/cassis,-,Epicerie,
Compote pomme/fraise,Compote,pomme/fraise,-,Epicerie,
Compote pomme/pêche,Compote,pomme/pêche,-,Epicerie,
Compote pomme/poire,Compote,pomme/poire,-,Epicerie,
Compote pomme/prune,Compote,pomme/prune,-,Epicerie,
Compote d'abricot,Compote,d'abricot,-,Epicerie,
Compote pomme/framboise,Compote,pomme/framboise,-,Epicerie,
Compotes de fruits,Compotes,de fruits,-,Epicerie,
Comté,Comté,,-,BOF,
Concombre en cubes,Concombre,en cubes,-,Fruits_et_légumes,
Concombre en cubes,Concombre,en cubes,-,Fruits_et_légumes,
Concombre épluché,Concombre,épluché,-,Fruits_et_légumes,
Concombre épluché,Concombre,épluché,-,Fruits_et_légumes,
Concombre rondelle,Concombre,rondelle,-,Fruits_et_légumes,
Concombre rondelle,Concombre,rondelle,-,Fruits_et_légumes,
Concombre,Concombre,,-,Fruits_et_légumes,
Cone glace à la fraise,Cone glace,à la fraise,-,Epicerie,
Cone glace au chocolat,Cone glace,au chocolat,-,Epicerie,
Cone glace pistache,Cone glace,pistache,-,Epicerie,
Cone glace vanille,Cone glace,vanille,-,Epicerie,
Cône pour glace,Cône pour glace,,-,Epicerie,
Confiserie au chocolat dragéifiée,Confiserie au chocolat dragéifiée,,-,Epicerie,
Confit de canard,Confit de canard,,-,Viandes_Poissons,
Confit de foie de porc,Confit de foie de porc,,-,Viandes_Poissons,
Confit de foie de volaille,Confit de foie de volaille,,-,Viandes_Poissons,
Confiture de fraise,Confiture,de fraise,-,Epicerie,
Confiture de framboise,Confiture,de framboise,-,Epicerie,
Confiture,Confiture,,-,Epicerie,
Confiture de cerise,Confiture,de cerise,-,Epicerie,
Confiture de lait,Confiture,de lait,-,Epicerie,
Confiture de myrtilles,Confiture,de myrtilles,-,Epicerie,
Confiture de prune,Confiture,de prune,-,Epicerie,
Confiture tout type de fruits,Confiture,tout type de fruits,-,Epicerie,
Confiture d'abricot,Confiture,d'abricot,-,Epicerie,
Congre,Congre,,-,Viandes_Poissons,
Cookie aux pépites de chocolat,Cookie,aux pépites de chocolat,-,Epicerie,
Coppa,Coppa,,-,Viandes_Poissons,
Coq découpe de coq,Coq,découpe de coq,-,Viandes_Poissons,
Coq au vin,Coq au vin,,-,Epicerie,
Coquille de poisson alu,Coquille de poisson,alu,-,Viandes_Poissons,
Coquille de poisson calcaire,Coquille de poisson,calcaire,-,Viandes_Poissons,
Coquille Saint-Jacques noix,Coquille Saint-Jacques,noix,-,Viandes_Poissons,
Coquille Saint-Jacques noix et corail,Coquille Saint-Jacques,noix et corail,-,Viandes_Poissons,
Coquille Saint-Jacques,Coquille Saint-Jacques,,-,Viandes_Poissons,
Coquillettes,Coquillettes,,-,Epicerie,
Corb,Corb,,-,Viandes_Poissons,
Cordon bleu,Cordon bleu,,-,Viandes_Poissons,
Cordon bleu de dindonneau,Cordon bleu,de dindonneau,-,Viandes_Poissons,
Cordon bleu de volaille,Cordon bleu,de volaille,-,Viandes_Poissons,
Corégone lavaret,Corégone lavaret,,-,Viandes_Poissons,
Coriandre,Coriandre,,-,Fruits_et_légumes,
Coriandre en grains,Coriandre,en grains,-,Fruits_et_légumes,
Coriandre en grain,Coriandre,en grain,-,Fruits_et_légumes,
Corne de gazelle,Corne de gazelle,,-,Epicerie,
Corned-beef,Corned-beef,,-,Viandes_Poissons,
Cornichon,Cornichon,,-,Epicerie,
Cornichon aigre-doux,Cornichon,aigre-doux,-,Epicerie,
Cornichon au vinaigre,Cornichon,au vinaigre,-,Epicerie,
Cornichon en rondelles,Cornichon,en rondelles,-,Epicerie,
Cotes de blettes,Cotes de blettes,,-,Fruits_et_légumes,
Coulirou,Coulirou,,-,Viandes_Poissons,
Coulis de framboise,Coulis,de framboise,-,Epicerie,
Coulis de fruits exotiques,Coulis,de fruits exotiques,-,Epicerie,
Coulis d'aricots,Coulis,d'aricots,-,Epicerie,
Coulis à la fraise,Coulis,à la fraise,-,Epicerie,
Coulis fruits de la passion,Coulis,fruits de la passion,-,Epicerie,
Coulis de fruits rouges,Coulis,de fruits rouges,-,Epicerie,
Coulommiers,Coulommiers,,-,BOF,
Coupe glacée parfum pêche melba,Coupe glacée,parfum pêche melba,-,Epicerie,
Coupe glacée parfum poire belle-hélène,Coupe glacée,parfum poire belle-hélène,-,Epicerie,
Coupe glacée parfum fraise melba,Coupe glacée,parfum fraise melba,-,Epicerie,
Coupe glacée type café ou chocolat liégeois,Coupe glacée,type café ou chocolat liégeois,-,Epicerie,
Courge,Courge,,-,Fruits_et_légumes,
Courge hokkaïdo,Courge,hokkaïdo,-,Fruits_et_légumes,
Courge melonnette,Courge,melonnette,-,Fruits_et_légumes,
Courge musquée,Courge,musquée,-,Fruits_et_légumes,
Courge spaghetti,Courge,spaghetti,-,Fruits_et_légumes,
Courgette bâtonnet,Courgette,bâtonnet,-,Fruits_et_légumes,
Courgette bâtonnet,Courgette,bâtonnet,-,Fruits_et_légumes,
Courgette épluché,Courgette,épluché,-,Fruits_et_légumes,
Courgette épluché,Courgette,épluché,-,Fruits_et_légumes,
Courgette farçie,Courgette,farçie,-,Fruits_et_légumes,
Courgette rondelle,Courgette,rondelle,-,Fruits_et_légumes,
Courgette rondelle,Courgette,rondelle,-,Fruits_et_légumes,
Courgette rondelle,Courgette,rondelle,-,Fruits_et_légumes,
Courgette,Courgette,,-,Fruits_et_légumes,
Courgette,Courgette,,-,Fruits_et_légumes,
Courgette en cubes,Courgette,en cubes,-,Fruits_et_légumes,
Courgette en cubes,Courgette,en cubes,-,Fruits_et_légumes,
Couscous au poisson,Couscous,au poisson,-,Epicerie,
Couscous à la viande,Couscous,à la viande,-,Epicerie,
Couscous au mouton,Couscous,au mouton,-,Epicerie,
Couscous au poulet,Couscous,au poulet,-,Epicerie,
Couscous royal,Couscous,royal,-,Epicerie,
Couscous de légumes,Couscous,de légumes,-,Epicerie,
Crabe,Crabe,,-,Viandes_Poissons,
Crabe miettes,Crabe,miettes,-,Viandes_Poissons,
Crackers au froment,Crackers,au froment,-,Epicerie,
Cranberry,Cranberry,,-,Fruits_et_légumes,
Cranberry séchée sucrée,Cranberry,séchée sucrée,-,Fruits_et_légumes,
Crème anglaise,Crème anglaise,,-,Epicerie,
Crème brûlée,Crème brûlée,,-,BOF,
Crème caramel,Crème caramel,,-,BOF,
Crème chantilly sous pression uht,Crème chantilly,sous pression uht,-,BOF,
Crème d'Isigny AOP >= 35% mg,Crème d'Isigny AOP,>= 35% mg,-,BOF,
Crème de cassis,Crème de cassis,,-,Epicerie,
Crème de Foie,Crème de Foie,,-,Epicerie,
Crème de lait 15 à 20% mg légère fluide,Crème de lait,15 à 20% mg légère fluide,-,BOF,
Crème de lait 15 à 20% mg légère épaisse,Crème de lait,15 à 20% mg légère épaisse,-,BOF,
Crème de lait 15 à 20% mg légère semi-épaisse uht,Crème de lait,15 à 20% mg légère semi-épaisse uht,-,BOF,
Crème de lait 30% mg épaisse,Crème de lait,30% mg épaisse,-,BOF,
Crème de lait 30% mg semi-épaisse uht,Crème de lait,30% mg semi-épaisse uht,-,BOF,
Crème de marrons,Crème de marrons,,-,Epicerie,
Crème de marrons vanillée,Crème de marrons,vanillée,-,Epicerie,
Crème de soja,Crème de soja,,-,Epicerie,
Crème dessert à la vanille,Crème dessert,à la vanille,-,BOF,
Crème dessert à la pistache,Crème dessert,à la pistache,-,BOF,
Crème dessert au caramel beurre salé,Crème dessert,au caramel beurre salé,-,BOF,
Crème dessert vanille,Crème dessert,vanille,-,BOF,
Crème dessert,Crème dessert,,-,BOF,
Crème dessert au café,Crème dessert,au café,-,BOF,
Crème dessert créole,Crème dessert,créole,-,BOF,
Crème dessert praliné,Crème dessert,praliné,-,BOF,
Crème dessert au chocolat,Crème dessert,au chocolat,-,BOF,
Crème dessert au caramel,Crème dessert,au caramel,-,BOF,
Crème dorée,Crème dorée,,-,BOF,
Crème fluide UHT,Crème fluide UHT,,-,BOF,
Crème fluide UHT 15% mg,Crème fluide UHT,15% mg,-,BOF,
Crème fluide UHT 30% mg,Crème fluide UHT,30% mg,-,BOF,
Crème fraîche épaisse,Crème fraîche,épaisse,-,BOF,
Crème fraîche liquide,Crème fraîche,liquide,-,BOF,
Crème fraîche,Crème fraîche,,-,BOF,
Crème fraîche 15-20% mg,Crème fraîche,15-20% mg,-,BOF,
Crème liquide végétale,Crème liquide végétale,,-,BOF,
Crème pâtissière,Crème pâtissière,,-,BOF,
Crème stérilisée,Crème stérilisée,,-,BOF,
Crème UHT 35%,Crème UHT 35%,,-,BOF,
Crêpe au chocolat,Crêpe,au chocolat,-,Epicerie,
Crêpe,Crêpe,,-,Epicerie,
Crêpe à la confiture,Crêpe,à la confiture,-,Epicerie,
Crêpe à la fraise,Crêpe,à la fraise,-,Epicerie,
Crêpe au sucre,Crêpe,au sucre,-,Epicerie,
Crêpe à la béchamel champignon,Crêpe,à la béchamel champignon,-,Epicerie,
Crêpe à la béchamel fromage,Crêpe,à la béchamel fromage,-,Epicerie,
Crêpe au poisson,Crêpe,au poisson,-,Epicerie,
Crêpe aux noix de saint-jacques,Crêpe,aux noix de saint-jacques,-,Epicerie,
Crêpe béchamel jambon,Crêpe,béchamel jambon,-,Epicerie,
Crêpe béchamel jambon fromage,Crêpe,béchamel jambon fromage,-,Epicerie,
Crêpe béchamel jambon fromage champignon,Crêpe,béchamel jambon fromage champignon,-,Epicerie,
Crêpe jambon fromage,Crêpe,jambon fromage,-,Epicerie,
Crêpe au fromage,Crêpe,au fromage,-,Epicerie,
Crêpe complète,Crêpe,complète,-,Epicerie,
Crêpe aux champignons,Crêpe,aux champignons,-,Epicerie,
Crépinette de porc,Crépinette,de porc,-,Epicerie,
Cresson,Cresson,,-,Fruits_et_légumes,
Cresson,Cresson,,-,Fruits_et_légumes,
Cresson épluché,Cresson,épluché,-,Fruits_et_légumes,
Cresson alénois,Cresson,alénois,-,Fruits_et_légumes,
Cresson de fontaine,Cresson,de fontaine,-,Fruits_et_légumes,
Cresson feuille,Cresson,feuille,-,Fruits_et_légumes,
Crevette decortiquées,Crevette,decortiquées,-,Viandes_Poissons,
Crevette,Crevette,,-,Viandes_Poissons,
Crevette,Crevette,,-,Viandes_Poissons,
Crevette géante tigrée,Crevette,géante tigrée,-,Viandes_Poissons,
Crevette grise,Crevette,grise,-,Viandes_Poissons,
Crevette pattes blanches,Crevette,pattes blanches,-,Viandes_Poissons,
Crevette rose,Crevette,rose,-,Viandes_Poissons,
Crevette rose bouquet,Crevette,rose bouquet,-,Viandes_Poissons,
Crevette royale rose,Crevette,royale rose,-,Viandes_Poissons,
Croissant au jambon,Croissant,au jambon,-,Epicerie,
Croissant au jambon fromage,Croissant,au jambon fromage,-,Epicerie,
Croissant,Croissant,,-,Epicerie,
Croissant au beurre,Croissant,au beurre,-,Epicerie,
Croissant aux amandes,Croissant,aux amandes,-,Epicerie,
Croque-monsieur oeuf jambon,Croque-monsieur,oeuf jambon,-,Viandes_Poissons,
Croque-monsieur,Croque-monsieur,,-,Viandes_Poissons,
Croque-monsieur fromage,Croque-monsieur,fromage,-,Viandes_Poissons,
Crosne,Crosne,,-,Fruits_et_légumes,
Crosne,Crosne,,-,Fruits_et_légumes,
Crottin de Chavignol,Crottin,de Chavignol,-,BOF,
Crottin de chèvre,Crottin,de chèvre,-,BOF,
Crottin,Crottin,,-,BOF,
Crousti chocolat en bande,Crousti chocolat,en bande,-,Epicerie,
Crouton,Crouton,,-,Epicerie,
Crouton aromatisé,Crouton,aromatisé,-,Epicerie,
Croûton à l'ail aux fines herbes,Croûton,à l'ail aux fines herbes,-,Epicerie,
Croûton à tartiner,Croûton,à tartiner,-,Epicerie,
Crozets,Crozets,,-,Epicerie,
Crozets au sarrasin,Crozets,au sarrasin,-,Epicerie,
Crumble aux pommes,Crumble,aux pommes,-,Epicerie,
Cucurbitacées graine,Cucurbitacées,graine,-,Epicerie,
Cuisse de canette,Cuisse de canette,,-,Viandes_Poissons,
Cumin en poudre,Cumin,en poudre,-,Epicerie,
Cumin en grains,Cumin,en grains,-,Epicerie,
Curcuma en poudre,Curcuma,en poudre,-,Epicerie,
Curcuma,Curcuma,,-,Epicerie,
Curé nantais,Curé nantais,,-,BOF,
Curry,Curry,,-,Epicerie,
Curry en poudre,Curry,en poudre,-,Epicerie,
Dachine,Dachine,,-,Fruits_et_légumes,
Datte,Datte,,-,Fruits_et_légumes,
Datte sèche,Datte,sèche,-,Fruits_et_légumes,
Denté,Denté,,-,Viandes_Poissons,
Dessert au soja aux amandes,Dessert au soja,aux amandes,-,BOF,
Dessert au soja aux fruits,Dessert au soja,aux fruits,-,BOF,
Dessert au soja nature non enrichi fermenté,Dessert au soja,nature non enrichi fermenté,-,BOF,
Dessert au soja,Dessert au soja,,-,BOF,
Dessert au soja et au chocolat,Dessert au soja,et au chocolat,-,BOF,
Dessert lacté infantile à la semoule,Dessert lacté infantile,à la semoule,-,Epicerie,
Dessert lacté infantile au riz,Dessert lacté infantile,au riz,-,Epicerie,
Dessert lacté infantile aux fruits,Dessert lacté infantile,aux fruits,-,Epicerie,
Dessert lacté infantile type crème dessert,Dessert lacté infantile,type crème dessert,-,Epicerie,
Dessert végétal sans soja,Dessert végétal sans soja,,-,BOF,
Dessert végétal sans soja coco riz aux fruits sucré enrichi en calcium fermenté,Dessert végétal sans soja,coco riz aux fruits sucré enrichi en calcium fermenté,-,BOF,
Dinde filet,Dinde,filet,-,Viandes_Poissons,
Dinde sot l'y laisse,Dinde,sot l'y laisse,-,Viandes_Poissons,
Dinde escalope,Dinde,escalope,-,Viandes_Poissons,
Dinde émincé,Dinde,émincé,-,Viandes_Poissons,
Dinde filet sauté,Dinde,filet sauté,-,Viandes_Poissons,
Dinde pavé filet mariné provençale,Dinde,pavé filet mariné provençale,-,Viandes_Poissons,
Dinde pavé filet,Dinde,pavé filet,-,Viandes_Poissons,
Dinde cuisse émincé,Dinde,cuisse émincé,-,Viandes_Poissons,
Dinde filet émincé,Dinde,filet émincé,-,Viandes_Poissons,
Dinde aiguillette,Dinde,aiguillette,-,Viandes_Poissons,
Dinde kebab,Dinde,kebab,-,Viandes_Poissons,
Dinde épaule,Dinde,épaule,-,Viandes_Poissons,
Dinde aile,Dinde,aile,-,Viandes_Poissons,
Dinde cuisse,Dinde,cuisse,-,Viandes_Poissons,
Dinde Osso bucco,Dinde,Osso bucco,-,Viandes_Poissons,
Dinde,Dinde,,-,Viandes_Poissons,
Dinde cuisse sauté,Dinde,cuisse sauté,-,Viandes_Poissons,
Diot,Diot,,-,Viandes_Poissons,
Donnut's au chocolat,Donnut's,au chocolat,-,Epicerie,
Donnut's,Donnut's,,-,Epicerie,
Dorade,Dorade,,-,Viandes_Poissons,
Dorade grise,Dorade,grise,-,Viandes_Poissons,
Dorade rose,Dorade,rose,-,Viandes_Poissons,
Dorade royale,Dorade,royale,-,Viandes_Poissons,
Dorade royale élevage,Dorade,royale élevage,-,Viandes_Poissons,
Dourian,Dourian,,-,Fruits_et_légumes,
Dragée amande,Dragée amande,,-,Epicerie,
Dulse,Dulse,,-,Epicerie,
Eau minérale,Eau,minérale,-,Epicerie,
Eau en bouteille gazeuse,Eau,en bouteille gazeuse,-,Epicerie,
Eau en bouteille non gazeuse,Eau,en bouteille non gazeuse,-,Epicerie,
Eau du robinet,Eau,du robinet,-,Epicerie,
Eau de coco,Eau de coco,,-,Epicerie,
Eau de rose liquide,Eau de rose,liquide,-,Epicerie,
Eau de source,Eau de source,,-,Epicerie,
Eau de vie de vin,Eau de vie,de vin,-,Epicerie,
Eau de vie,Eau de vie,,-,Epicerie,
Eau de vie type calvados,Eau de vie,type calvados,-,Epicerie,
Echalote,Echalote,,-,Fruits_et_légumes,
Echalote épluché,Echalote,épluché,-,Fruits_et_légumes,
Echalote haché,Echalote,haché,-,Fruits_et_légumes,
Echalote émincé,Echalote,émincé,-,Fruits_et_légumes,
Echalote émincé,Echalote,émincé,-,Fruits_et_légumes,
Échalote,Échalote,,-,Fruits_et_légumes,
Éclair,Éclair,,-,Epicerie,
Éclair à la vanille,Éclair,à la vanille,-,Epicerie,
Éclair au café,Éclair,au café,-,Epicerie,
Éclair au chocolat,Éclair,au chocolat,-,Epicerie,
Écrevisse,Écrevisse,,-,Viandes_Poissons,
Edam,Edam,,-,BOF,
Édulcorant,Édulcorant,,-,Epicerie,
Édulcorant à l'aspartame,Édulcorant,à l'aspartame,-,Epicerie,
Édulcorant à la saccharine,Édulcorant,à la saccharine,-,Epicerie,
Églefin,Églefin,,-,Viandes_Poissons,
Églefin fumé,Églefin,fumé,-,Viandes_Poissons,
Emincé végétal,Emincé végétal,,-,Viandes_Poissons,
Emmental,Emmental,,-,BOF,
Emmental tranche,Emmental,tranche,-,BOF,
Emmental en dés,Emmental,en dés,-,BOF,
Emmental râpé,Emmental râpé,,-,BOF,
Empereur filet,Empereur,filet,-,Viandes_Poissons,
Encornet,Encornet,,-,Viandes_Poissons,
Encornet,Encornet,,-,Viandes_Poissons,
Endive,Endive,,-,Fruits_et_légumes,
Endive au jambon,Endive au jambon,,-,Epicerie,
Entremets type Opéra,Entremets type Opéra,,-,Epicerie,
Épaule de porc,Épaule de porc,,-,Viandes_Poissons,
Épeautre,Épeautre,,-,Epicerie,
Éperlan,Éperlan,,-,Viandes_Poissons,
Epinard branche,Epinard,branche,-,Fruits_et_légumes,
Épinard épluché,Épinard,épluché,-,Fruits_et_légumes,
Épinard,Épinard,,-,Fruits_et_légumes,
Épinard,Épinard,,-,Fruits_et_légumes,
Épinard,Épinard,,-,Fruits_et_légumes,
Épinard jeunes pousses,Épinard,jeunes pousses,-,Fruits_et_légumes,
Épinards à la crème,Épinards à la crème,,-,Epicerie,
Époisses,Époisses,,-,BOF,
Escalope panée de poulet,Escalope panée,de poulet,-,Viandes_Poissons,
Escalope panée de veau,Escalope panée,de veau,-,Viandes_Poissons,
Escalope panée milanaise,Escalope panée,milanaise,-,Viandes_Poissons,
Escalope panée viennoise,Escalope panée,viennoise,-,Viandes_Poissons,
Escalope panée,Escalope panée,,-,Viandes_Poissons,
Escalope végétale,Escalope végétale,,-,Epicerie,
Escargot,Escargot,,-,Viandes_Poissons,
Escargot en sauce au beurre persillé,Escargot,en sauce au beurre persillé,-,Viandes_Poissons,
Espadon,Espadon,,-,Viandes_Poissons,
Estragon,Estragon,,-,Fruits_et_légumes,
Esturgeon,Esturgeon,,-,Viandes_Poissons,
Extrait de café liquide,Extrait de café,liquide,-,Epicerie,
Extrait de vanille liquide,Extrait de vanille,liquide,-,Epicerie,
Fageolet,Fageolet,,-,Epicerie,
Fageolet,Fageolet,,-,Epicerie,
Fageolet vert,Fageolet,vert,-,Epicerie,
Fagot lardé d'asperge,Fagot lardé,d'asperge,-,Epicerie,
Fagot lardé d'haricots verts,Fagot lardé,d'haricots verts,-,Epicerie,
Fagot lardé,Fagot lardé,,-,Epicerie,
Faisan,Faisan,,-,Viandes_Poissons,
Faisselle au coulis de fruits,Faisselle,au coulis de fruits,-,BOF,
Faisselle 6% mg environ,Faisselle,6% mg environ,-,BOF,
Faisselle 0% mg,Faisselle,0% mg,-,BOF,
Fajitas,Fajitas,,-,Epicerie,
Falafel,Falafel,,-,Epicerie,
Far aux pruneaux,Far aux pruneaux,,-,Epicerie,
Far breton aux pruneaux,Far breton,aux pruneaux,-,Epicerie,
Far breton aux pommes,Far breton,aux pommes,-,Epicerie,
Far breton,Far breton,,-,Epicerie,
Farce porc et boeuf crépin,Farce porc et boeuf,crépin,-,Viandes_Poissons,
Farfalles,Farfalles,,-,Epicerie,
Farine d'épeautre,Farine d'épeautre,,-,Epicerie,
Farine d'orge,Farine d'orge,,-,Epicerie,
Farine de blé T55,Farine de blé,T55,-,Epicerie,
Farine de blé T110,Farine de blé,T110,-,Epicerie,
Farine de blé T150,Farine de blé,T150,-,Epicerie,
Farine de blé T45,Farine de blé,T45,-,Epicerie,
Farine de blé T65,Farine de blé,T65,-,Epicerie,
Farine de blé T80,Farine de blé,T80,-,Epicerie,
Farine de blé,Farine de blé,,-,Epicerie,
Farine de châtaigne,Farine de châtaigne,,-,Epicerie,
Farine de maïs,Farine de maïs,,-,Epicerie,
Farine de millet,Farine de millet,,-,Epicerie,
Farine de pois chiche,Farine de pois chiche,,-,Epicerie,
Farine de pulpe de patate douce,Farine de pulpe de patate douce,,-,Epicerie,
Farine de riz,Farine de riz,,-,Epicerie,
Farine de sarrasin,Farine de sarrasin,,-,Epicerie,
Farine de Sarrazin,Farine de Sarrazin,,-,Epicerie,
Farine de seigle T130,Farine de seigle,T130,-,Epicerie,
Farine de seigle T170,Farine de seigle,T170,-,Epicerie,
Farine de seigle T85,Farine de seigle,T85,-,Epicerie,
Farine de soja,Farine de soja,,-,Epicerie,
Fécule de maïs,Fécule de maïs,,-,Epicerie,
Fécule de pomme de terre,Fécule de pomme de terre,,-,Epicerie,
Feijoa,Feijoa,,-,Fruits_et_légumes,
Fenouil en grains,Fenouil,en grains,-,Epicerie,
Fenouil,Fenouil,,-,Fruits_et_légumes,
Fenouil émincé,Fenouil,émincé,-,Epicerie,
Fenouil émincé,Fenouil,émincé,-,Fruits_et_légumes,
Fenouil épluché,Fenouil,épluché,-,Fruits_et_légumes,
Fenugrec en grains,Fenugrec,en grains,-,Epicerie,
Feta,Feta,,-,BOF,
Feta AOP,Feta AOP,,-,BOF,
Feta de Brebis dés,Feta de Brebis,dés,-,BOF,
Feta de brebis bloc,Feta de brebis,bloc,-,BOF,
Feuille de brick,Feuille de brick,,-,Epicerie,
Feuille de chêne,Feuille de chêne,,-,Fruits_et_légumes,
Feuille de chêne,Feuille de chêne,,-,Fruits_et_légumes,
Feuille de chêne épluché,Feuille de chêne,épluché,-,Fruits_et_légumes,
Feuille de gélatine,Feuille de gélatine,,-,Epicerie,
Feuille de vigne farcie au riz,Feuille de vigne farcie au riz,,-,Epicerie,
Feuilleté aux 4 fromages,Feuilleté,aux 4 fromages,-,Epicerie,
Feuilleté aux escargots,Feuilleté,aux escargots,-,Epicerie,
Feuilleté aux champignons,Feuilleté,aux champignons,-,Epicerie,
Feuilleté jambon fromage,Feuilleté,jambon fromage,-,Epicerie,
Feuilleté au saumon oseille,Feuilleté,au saumon oseille,-,Epicerie,
Feuilleté au fromage,Feuilleté,au fromage,-,Epicerie,
Feuilleté au poisson,Feuilleté,au poisson,-,Epicerie,
Feuilleté à la viande,Feuilleté,à la viande,-,Epicerie,
Fève,Fève,,-,Epicerie,
Fève,Fève,,-,Epicerie,
Fève pelée,Fève,pelée,-,Epicerie,
Fève pelée,Fève,pelée,-,Epicerie,
Feverolle,Feverolle,,-,Epicerie,
Ficelle picarde,Ficelle picarde,,-,Epicerie,
Figue,Figue,,-,Fruits_et_légumes,
Figue de Barbarie,Figue,de Barbarie,-,Fruits_et_légumes,
Figue sèche,Figue,sèche,-,Fruits_et_légumes,
Filet d'anchois,Filet d'anchois,,-,Viandes_Poissons,
Filet de bacon,Filet de bacon,,-,Viandes_Poissons,
Filet de saumon,Filet de saumon,,-,Viandes_Poissons,
Filet meuniere,Filet meuniere,,-,Viandes_Poissons,
Flageolet,Flageolet,,-,Fruits_et_légumes,
Flammenkueche,Flammenkueche,,-,Epicerie,
Flan à la poire,Flan,à la poire,-,BOF,
Flan patissier,Flan,patissier,-,BOF,
Flan aux oeufs,Flan,aux oeufs,-,BOF,
Flan vanille nappé caramel,Flan,vanille nappé caramel,-,BOF,
Flan,Flan,,-,BOF,
Flan de légumes,Flan de légumes,,-,Epicerie,
Flétan blanc,Flétan,blanc,-,Viandes_Poissons,
Flétan noir,Flétan,noir,-,Viandes_Poissons,
Fleur de sel,Fleur de sel,,-,Epicerie,
Fleurs d'oranger liquide,Fleurs d'oranger,liquide,-,Epicerie,
Flocon d'avoine,Flocon d'avoine,,-,Epicerie,
Flocons d'avoine,Flocons d'avoine,,-,Epicerie,
Florentin,Florentin,,-,Epicerie,
Focaccia garnie,Focaccia,garnie,-,Epicerie,
Foie de veau,Foie,de veau,-,Viandes_Poissons,
Foie d'agneau,Foie,d'agneau,-,Viandes_Poissons,
Foie de boeuf,Foie,de boeuf,-,Viandes_Poissons,
Foie de volaille,Foie,de volaille,-,Viandes_Poissons,
Foie de. canard,Foie,de. canard,-,Viandes_Poissons,
Foie d'oie,Foie,d'oie,-,Viandes_Poissons,
Foie de dinde,Foie,de dinde,-,Viandes_Poissons,
Foie de poulet,Foie,de poulet,-,Viandes_Poissons,
Foie de génisse,Foie,de génisse,-,Viandes_Poissons,
Foie de porc,Foie,de porc,-,Viandes_Poissons,
Foie,Foie,,-,Viandes_Poissons,
Foie de morue,Foie de morue,,-,Viandes_Poissons,
Foie gras 30% de morceaux,Foie gras,30% de morceaux,-,Viandes_Poissons,
Foie gras 50% de morceaux,Foie gras,50% de morceaux,-,Viandes_Poissons,
Foie gras canard entier,Foie gras,canard entier,-,Viandes_Poissons,
Foie gras de canard,Foie gras,de canard,-,Viandes_Poissons,
Foie gras sans morceaux,Foie gras,sans morceaux,-,Viandes_Poissons,
Fond blanc de volaille liquide,Fond blanc,de volaille liquide,-,Epicerie,
Fond blanc de veau,Fond blanc,de veau,-,Epicerie,
Fond brun liquide,Fond brun,liquide,-,Epicerie,
Fond brun en poudre,Fond brun,en poudre,-,Epicerie,
Fond de pizza tomatée,Fond de pizza,tomatée,-,Epicerie,
Fond de sauce de veau,Fond de sauce,de veau,-,Epicerie,
Fond de sauce de rôti d'agneau,Fond de sauce,de rôti d'agneau,-,Epicerie,
Fond de tarte sablé,Fond de tarte,sablé,-,Epicerie,
Fond de tarte brisé,Fond de tarte,brisé,-,Epicerie,
Fond de tarte feuilleté,Fond de tarte,feuilleté,-,Epicerie,
Fond de veau,Fond de veau,,-,Epicerie,
Fond de veau liquide,Fond de veau,liquide,-,Epicerie,
Fond de volaille,Fond de volaille,,-,Epicerie,
Fond pizza,Fond pizza,,-,Epicerie,
Fondant au chocolat noir et crème anglaise,Fondant au chocolat noir et crème anglaise,,-,BOF,
Fontina,Fontina,,-,BOF,
Fougasse,Fougasse,,-,Epicerie,
Fourme d'Ambert,Fourme d'Ambert,,-,BOF,
Fourme de Montbrison,Fourme de Montbrison,,-,BOF,
Fraise,Fraise,,-,Fruits_et_légumes,
Fraise extrait liquide,Fraise extrait,liquide,-,Epicerie,
Fraise Melba,Fraise Melba,,-,Epicerie,
Fraisier en bande,Fraisier,en bande,-,Epicerie,
Fraisier,Fraisier,,-,Epicerie,
Framboise,Framboise,,-,Fruits_et_légumes,
Framboise,Framboise,,-,Fruits_et_légumes,
Framboise à base de maïs à la cacahuète,Framboise,à base de maïs à la cacahuète,-,Fruits_et_légumes,
Framboisier,Framboisier,,-,Epicerie,
Friand à la viande,Friand,à la viande,-,Epicerie,
Friand jambon fromage,Friand,jambon fromage,-,Epicerie,
Friand au fromage,Friand,au fromage,-,Epicerie,
Frik,Frik,,-,Epicerie,
Frisée,Frisée,,-,Fruits_et_légumes,
Frisée,Frisée,,-,Fruits_et_légumes,
Frisée épluché,Frisée,épluché,-,Fruits_et_légumes,
Frites fraiche,Frites,fraiche,-,Fruits_et_légumes,
Frites,Frites,,-,Fruits_et_légumes,
Frites préfrites pour cuisson en friteuse,Frites,préfrites pour cuisson en friteuse,-,Fruits_et_légumes,
Frites préfrites pour cuisson micro-ondes,Frites,préfrites pour cuisson micro-ondes,-,Fruits_et_légumes,
Frites préfrites pour cuisson rôtie/ au four,Frites,préfrites pour cuisson rôtie/ au four,-,Fruits_et_légumes,
Fromage à pâte ferme,Fromage à pâte ferme,,-,BOF,
Fromage à pâte molle,Fromage à pâte molle,,-,BOF,
Fromage à pate pressée,Fromage à pate pressée,,-,BOF,
Fromage à tartiflette,Fromage à tartiflette,,-,BOF,
Fromage à tartiner,Fromage à tartiner,,-,BOF,
Fromage blanc sucré,Fromage blanc,sucré,-,BOF,
Fromage blanc à la vanille,Fromage blanc,à la vanille,-,BOF,
Fromage blanc 10% mg,Fromage blanc,10% mg,-,BOF,
Fromage blanc,Fromage blanc,,-,BOF,
"Fromage blanc 0,03",Fromage blanc,3%,-,BOF,
Fromage blanc aux fruits,Fromage blanc,aux fruits,-,BOF,
Fromage blanc au chocolat,Fromage blanc,au chocolat,-,BOF,
Fromage blanc aux fruits 0% mg,Fromage blanc,aux fruits 0% mg,-,BOF,
"Fromage blanc 0,03",Fromage blanc,"0,03",-,BOF,
Fromage blanc battu 1/2 écrémé,Fromage blanc battu,1/2 écrémé,-,BOF,
Fromage blanc battu,Fromage blanc battu,,-,BOF,
Fromage blanc battu 0% mg,Fromage blanc battu,0% mg,-,BOF,
Fromage blanc battu entier,Fromage blanc battu,entier,-,BOF,
Fromage de brebis des pyrénées,Fromage de brebis,des pyrénées,-,BOF,
Fromage de brebis,Fromage de brebis,,-,BOF,
Fromage de chèvre,Fromage de chèvre,,-,BOF,
Fromage de chèvre à tartiner,Fromage de chèvre,à tartiner,-,BOF,
Fromage de chèvre bûche,Fromage de chèvre,bûche,-,BOF,
Fromage de chèvre bûchette,Fromage de chèvre,bûchette,-,BOF,
Fromage de chèvre demi-sec,Fromage de chèvre,demi-sec,-,BOF,
Fromage de chèvre pané à dorer,Fromage de chèvre pané à dorer,,-,Epicerie,
Fromage de chèvre sec,Fromage de chèvre sec,,-,BOF,
Fromage de tête,Fromage de tête,,-,Viandes_Poissons,
Fromage fondu,Fromage fondu,,-,BOF,
Fromage pané au jambon,Fromage pané au jambon,,-,Epicerie,
Fructose,Fructose,,-,Epicerie,
Fruit à pain,Fruit à pain,,-,Fruits_et_légumes,
Fruit confit,Fruit confit,,-,Epicerie,
Fruit de la passion,Fruit de la passion,,-,Fruits_et_légumes,
Fruit rouge,Fruit rouge,,-,Fruits_et_légumes,
Fruits de mer,Fruits de mer,,-,Viandes_Poissons,
Fruits rouges,Fruits rouges,,-,Fruits_et_légumes,
Fumet de crustacés,Fumet,de crustacés,-,Epicerie,
Fumet de poisson liquide,Fumet,de poisson liquide,-,Epicerie,
Fumet en poudre,Fumet,en poudre,-,Epicerie,
Galantine,Galantine,,-,Viandes_Poissons,
Galette au quinoa provençale,Galette,au quinoa provençale,-,Epicerie,
Galette de maïs soufflé,Galette,de maïs soufflé,-,Epicerie,
Galette de riz soufflé complet,Galette,de riz soufflé complet,-,Epicerie,
Galette multicéréales soufflée,Galette,multicéréales soufflée,-,Epicerie,
Galette au blé et aux épinards,Galette,au blé et aux épinards,-,Epicerie,
Galette de céréales au fromage,Galette,de céréales au fromage,-,Epicerie,
Galette de céréales aux légumes,Galette,de céréales aux légumes,-,Epicerie,
Galette boulgour pois chiche,Galette,boulgour pois chiche,-,Epicerie,
Galette boulgour lentilles fromage,Galette,boulgour lentilles fromage,-,Epicerie,
Galette boulgour oriental,Galette,boulgour oriental,-,Epicerie,
"Galette au blé,fromage,épinard",Galette,"au blé,fromage,épinard",-,Epicerie,
Galette au soja,Galette,au soja,-,Epicerie,
Galette au soja et à la tomate,Galette,au soja et à la tomate,-,Epicerie,
Galette soja et blé,Galette,soja et blé,-,Epicerie,
Galette au blé et légumes,Galette,au blé et légumes,-,Epicerie,
Galette au blé et soja,Galette,au blé et soja,-,Epicerie,
Galette au soja et fromage,Galette,au soja et fromage,-,Epicerie,
Galette au soja et légumes,Galette,au soja et légumes,-,Epicerie,
Galette au soja fromage et légumes,Galette,au soja fromage et légumes,-,Epicerie,
"Galette aux lentilles, soja et légumes",Galette,"aux lentilles, soja et légumes",-,Epicerie,
Galette de sarrasin,Galette,de sarrasin,-,Epicerie,
Galette des rois frangipane,Galette des rois,frangipane,-,Epicerie,
Galette des rois feuilletée,Galette des rois,feuilletée,-,Epicerie,
Garam Masala,Garam Masala,,-,Epicerie,
Garniture céleri,Garniture céleri,,-,Epicerie,
Garniture framboise,Garniture framboise,,-,Epicerie,
Garniture paëlla,Garniture paëlla,,-,Epicerie,
Gaspacho,Gaspacho,,-,Epicerie,
Gâteau à la fraise,Gâteau à la fraise,,-,Epicerie,
Gâteau au chocolat coeur fondant,Gâteau au chocolat,coeur fondant,-,BOF,
Gâteau au chocolat,Gâteau au chocolat,,-,BOF,
Gâteau au chocolat forêt noire,Gâteau au chocolat,forêt noire,-,BOF,
Gâteau au citron,Gâteau au citron,,-,Epicerie,
Gâteau au fromage blanc,Gâteau au fromage blanc,,-,Epicerie,
Gâteau au fromage frais,Gâteau au fromage frais,,-,BOF,
Gâteau au yaourt,Gâteau au yaourt,,-,Epicerie,
Gâteau aux amandes,Gâteau aux amandes,,-,Epicerie,
Gâteau aux amandes type financier,Gâteau aux amandes,type financier,-,Epicerie,
Gâteau basque,Gâteau basque,,-,Epicerie,
Gâteau basque cerises,Gâteau basque,cerises,-,Epicerie,
Gâteau basque crème pâtissière,Gâteau basque,crème pâtissière,-,Epicerie,
Gâteau boudoir,Gâteau boudoir,,-,Epicerie,
Gâteau cake,Gâteau cake,,-,Epicerie,
Gâteau cookie,Gâteau cookie,,-,Epicerie,
Gâteau croissant,Gâteau croissant,,-,Epicerie,
Gâteau de riz,Gâteau de riz,,-,BOF,
Gâteau de riz au caramel,Gâteau de riz au caramel,,-,BOF,
Gâteau de semoule,Gâteau de semoule,,-,BOF,
Gâteau de semoule aux raisins et caramel,Gâteau de semoule aux raisins et caramel,,-,BOF,
Gâteau galette bretonne,Gâteau galette bretonne,,-,Epicerie,
Gâteau madeleine,Gâteau madeleine,,-,Epicerie,
Gâteau marbré,Gâteau marbré,,-,Epicerie,
Gâteau marbré au chocolat,Gâteau marbré,au chocolat,-,Epicerie,
Gâteau mini chou,Gâteau mini chou,,-,Epicerie,
Gâteau moelleux à l'abricot,Gâteau moelleux,à l'abricot,-,Epicerie,
Gâteau moelleux au citron,Gâteau moelleux,au citron,-,Epicerie,
Gâteau moelleux aux pommes,Gâteau moelleux,aux pommes,-,Epicerie,
Gâteau moelleux aux fruits,Gâteau moelleux,aux fruits,-,Epicerie,
Gâteau moelleux aux fruits à coque,Gâteau moelleux,aux fruits à coque,-,Epicerie,
Gâteau moelleux au chocolat,Gâteau moelleux,au chocolat,-,Epicerie,
Gâteau palet breton,Gâteau palet breton,,-,Epicerie,
Gâteau Paris-Brest,Gâteau Paris-Brest,,-,Epicerie,
Gâteau sablé au chocolat,Gâteau sablé,au chocolat,-,Epicerie,
Gâteau sablé aux fruits,Gâteau sablé,aux fruits,-,Epicerie,
Gâteau sablé fruit,Gâteau sablé,fruit,-,Epicerie,
Gâteau sablé,Gâteau sablé,,-,Epicerie,
Gaufre bruxelloise,Gaufre bruxelloise,,-,Epicerie,
Gaufre bruxelloise au chocolat,Gaufre bruxelloise,au chocolat,-,Epicerie,
Gaufre croustillante au chocolat,Gaufre croustillante,au chocolat,-,Epicerie,
Gaufre croustillante,Gaufre croustillante,,-,Epicerie,
Gaufre fourrée au miel,Gaufre fourrée,au miel,-,Epicerie,
Gaufrette,Gaufrette,,-,Epicerie,
Gaufrette fourrée à la vanille,Gaufrette fourrée,à la vanille,-,Epicerie,
Gaufrette fourrée aux fruits,Gaufrette fourrée,aux fruits,-,Epicerie,
Gaufrette fourrée aux fruits à coque,Gaufrette fourrée,aux fruits à coque,-,Epicerie,
Gaufrette fourrée au chocolat,Gaufrette fourrée,au chocolat,-,Epicerie,
Gélatine,Gélatine,,-,Epicerie,
Gelée de fruits divers,Gelée,de fruits divers,-,Epicerie,
Gelée au madère,Gelée,au madère,-,Epicerie,
Gelée de groseille,Gelée,de groseille,-,Epicerie,
Gelée royale,Gelée,royale,-,Epicerie,
Gelée groseille,Gelée,groseille,-,Epicerie,
Gélifiant pour confitures,Gélifiant pour confitures,,-,Epicerie,
Gendarme,Gendarme,,-,Viandes_Poissons,
Génoise,Génoise,,-,Epicerie,
Génoise fourrée aux fruits et nappée de chocolat,Génoise,fourrée aux fruits et nappée de chocolat,-,Epicerie,
Génoise fourrée et nappée au chocolat,Génoise,fourrée et nappée au chocolat,-,Epicerie,
Germe de blé,Germe de blé,,-,Epicerie,
Gésier de volaille,Gésier,de volaille,-,Viandes_Poissons,
Gésier de canard confit,Gésier,de canard confit,-,Viandes_Poissons,
Gésier de poulet,Gésier,de poulet,-,Viandes_Poissons,
Gésier de dinde émincé,Gésier,de dinde émincé,-,Viandes_Poissons,
Gin,Gin,,-,Epicerie,
Gingembre,Gingembre,,-,Epicerie,
Gingembre en poudre,Gingembre,en poudre,-,Epicerie,
Giraumon variété phoenix,Giraumon,variété phoenix,-,Fruits_et_légumes,
Giraumon variété phoenix,Giraumon,variété phoenix,-,Fruits_et_légumes,
Giraumon,Giraumon,,-,Fruits_et_légumes,
Giraumon,Giraumon,,-,Fruits_et_légumes,
Girofle,Girofle,,-,Fruits_et_légumes,
Gîte,Gîte,,-,Viandes_Poissons,
Glace au yaourt et coulis fruit,Glace,au yaourt et coulis fruit,-,Epicerie,
Glace,Glace,,-,Epicerie,
Glace vanille,Glace,vanille,-,Epicerie,
Glace chocolat,Glace,chocolat,-,Epicerie,
Glace au yaourt,Glace au yaourt,,-,Epicerie,
Glace bâtonnet vanille et chocolat,Glace bâtonnet,vanille et chocolat,-,Epicerie,
Glace bâtonnet,Glace bâtonnet,,-,Epicerie,
Glace cône,Glace cône,,-,Epicerie,
Glucose,Glucose,,-,Epicerie,
Gnocchi à la pomme de terre,Gnocchi,à la pomme de terre,-,Epicerie,
Gnocchi à la semoule,Gnocchi,à la semoule,-,Epicerie,
Goémon noir,Goémon noir,,-,Epicerie,
Gombo,Gombo,,-,Fruits_et_légumes,
Gombo blanchi,Gombo,blanchi,-,Fruits_et_légumes,
Gombo,Gombo,,-,Fruits_et_légumes,
Gorgonzola,Gorgonzola,,-,BOF,
Gouda,Gouda,,-,BOF,
Gougère,Gougère,,-,Epicerie,
Gousse de vanille,Gousse de vanille,,-,Epicerie,
Goyave,Goyave,,-,Fruits_et_légumes,
Gracilaire,Gracilaire,,-,Epicerie,
Graine de couscous,Graine de couscous,,-,Epicerie,
Grains de blé soufflés au caramel,Grains de blé soufflés,au caramel,-,Epicerie,
Grains de blé soufflés au chocolat,Grains de blé soufflés,au chocolat,-,Epicerie,
Grains de blé soufflés au miel,Grains de blé soufflés,au miel,-,Epicerie,
Graisse de canard,Graisse,de canard,-,Epicerie,
Graisse d'oie,Graisse,d'oie,-,Epicerie,
Graisse de dinde,Graisse,de dinde,-,Epicerie,
Graisse de poulet,Graisse,de poulet,-,Epicerie,
Graisse de palmiste,Graisse,de palmiste,-,Epicerie,
Graisse de coco,Graisse,de coco,-,Epicerie,
Grana Padano,Grana Padano,,-,BOF,
Grand Marnier,Grand Marnier,,-,Epicerie,
Gratin dauphinois,Gratin,dauphinois,-,Epicerie,
Gratin de pâtes,Gratin,de pâtes,-,Epicerie,
Gratin de chou-fleur,Gratin,de chou-fleur,-,Epicerie,
Gratin d'aubergine,Gratin,d'aubergine,-,Epicerie,
Gratin de légumes,Gratin,de légumes,-,Epicerie,
Gratin de légumes en sauce blanche,Gratin,de légumes en sauce blanche,-,Epicerie,
Gratin de poisson et purée,Gratin,de poisson et purée,-,Epicerie,
Gratin de fruits de mer,Gratin,de fruits de mer,-,Epicerie,
Grenade,Grenade,,-,Fruits_et_légumes,
Grenadier bleu,Grenadier,bleu,-,Viandes_Poissons,
Grenadier de roche,Grenadier,de roche,-,Viandes_Poissons,
Grenadier hoki de nouvelle-zélande,Grenadier,hoki de nouvelle-zélande,-,Viandes_Poissons,
Grenouille cuisse,Grenouille,cuisse,-,Viandes_Poissons,
Gressin,Gressin,,-,Epicerie,
Griotte,Griotte,,-,Fruits_et_légumes,
Grondin,Grondin,,-,Viandes_Poissons,
Grondin perlon,Grondin,perlon,-,Viandes_Poissons,
Groseille,Groseille,,-,Fruits_et_légumes,
Groseille à maquereau,Groseille,à maquereau,-,Fruits_et_légumes,
Gruyère,Gruyère,,-,BOF,
Guacamole,Guacamole,,-,Epicerie,
Guimauve,Guimauve,,-,Epicerie,
Guimauve enrobé de chocolat,Guimauve,enrobé de chocolat,-,Epicerie,
Haché à base de boeuf 15% mg,Haché à base de boeuf,15% mg,-,Viandes_Poissons,
Haché de volaille,Haché de volaille,,-,Viandes_Poissons,
Haché végétal à base de soja,Haché végétal à base de soja,,-,Epicerie,
Hachis parmentier à la viande,Hachis parmentier à la viande,,-,Epicerie,
Haddock fumé,Haddock,fumé,-,Viandes_Poissons,
Hamburger de veau,Hamburger,de veau,-,Epicerie,
Hamburger,Hamburger,,-,Epicerie,
Hareng,Hareng,,-,Viandes_Poissons,
Hareng mariné,Hareng,mariné,-,Viandes_Poissons,
Hareng frit,Hareng,frit,-,Viandes_Poissons,
Hareng gras,Hareng,gras,-,Viandes_Poissons,
Hareng maigre,Hareng,maigre,-,Viandes_Poissons,
Hareng fumé à l'huile,Hareng fumé,à l'huile,-,Viandes_Poissons,
Hareng fumé filet doux,Hareng fumé,filet doux,-,Viandes_Poissons,
Hareng fumé,Hareng fumé,,-,Viandes_Poissons,
Haricot beurre,Haricot beurre,,-,Fruits_et_légumes,
Haricot beurre,Haricot beurre,,-,Fruits_et_légumes,
Haricot beurre,Haricot beurre,,-,Fruits_et_légumes,
Haricot blanc,Haricot blanc,,-,Epicerie,
Haricot blanc,Haricot blanc,,-,Epicerie,
Haricot coco,Haricot coco,,-,Epicerie,
Haricot de Lima,Haricot de Lima,,-,Fruits_et_légumes,
Haricot de mer,Haricot de mer,,-,Epicerie,
Haricot midnight black,Haricot midnight black,,-,Fruits_et_légumes,
Haricot mungo,Haricot mungo,,-,Fruits_et_légumes,
Haricot mungo,Haricot mungo,,-,Fruits_et_légumes,
Haricot plat,Haricot plat,,-,Fruits_et_légumes,
Haricot plat,Haricot plat,,-,Fruits_et_légumes,
Haricot rouge,Haricot rouge,,-,Epicerie,
Haricot rouge,Haricot rouge,,-,Epicerie,
Haricot vert extra fin,Haricot vert,extra fin,-,Fruits_et_légumes,
Haricot vert,Haricot vert,,-,Fruits_et_légumes,
Haricot vert,Haricot vert,,-,Fruits_et_légumes,
Haricots blancs à la sauce tomate,Haricots blancs,à la sauce tomate,-,Epicerie,
Haricots verts,Haricots verts,,-,Fruits_et_légumes,
Harissa,Harissa,,-,Epicerie,
Harissa,Harissa,,-,Epicerie,
Herbes de provence séché,Herbes de provence,séché,-,Epicerie,
Hoki filet,Hoki,filet,-,Viandes_Poissons,
Hoki,Hoki,,-,Viandes_Poissons,
Hoki pané,Hoki,pané,-,Viandes_Poissons,
Homard,Homard,,-,Viandes_Poissons,
Hot-dog,Hot-dog,,-,Epicerie,
Houmous,Houmous,,-,Epicerie,
Huile arachide,Huile,arachide,-,Epicerie,
Huile de noisette,Huile,de noisette,-,Epicerie,
Huile de friture,Huile,de friture,-,Epicerie,
Huile,Huile,,-,Epicerie,
Huile de noix,Huile,de noix,-,Epicerie,
Huile d'olive vierge extra,Huile,d'olive vierge extra,-,Epicerie,
Huile d'olive,Huile,d'olive,-,Epicerie,
Huile de paraffine,Huile,de paraffine,-,Epicerie,
Huile de beurre,Huile,de beurre,-,Epicerie,
Huile de foie de morue,Huile,de foie de morue,-,Epicerie,
Huile de hareng,Huile,de hareng,-,Epicerie,
Huile de sardine,Huile,de sardine,-,Epicerie,
Huile de saumon,Huile,de saumon,-,Epicerie,
Huile de friture végétale,Huile,de friture végétale,-,Epicerie,
Huile d'amandes,Huile,d'amandes,-,Epicerie,
Huile d'argan,Huile,d'argan,-,Epicerie,
Huile d'argane,Huile,d'argane,-,Epicerie,
Huile d'avocat,Huile,d'avocat,-,Epicerie,
Huile de carthame,Huile,de carthame,-,Epicerie,
Huile de coton,Huile,de coton,-,Epicerie,
Huile de germe de blé,Huile,de germe de blé,-,Epicerie,
Huile de lin,Huile,de lin,-,Epicerie,
Huile de maïs,Huile,de maïs,-,Epicerie,
Huile de palme,Huile,de palme,-,Epicerie,
Huile de pavot,Huile,de pavot,-,Epicerie,
Huile de pépins de raisin,Huile,de pépins de raisin,-,Epicerie,
Huile de sésame,Huile,de sésame,-,Epicerie,
Huile de soja,Huile,de soja,-,Epicerie,
Huile de son de riz,Huile,de son de riz,-,Epicerie,
Huile combinée,Huile,combinée,-,Epicerie,
Huile de tournesol,Huile,de tournesol,-,Epicerie,
Huile friture,Huile,friture,-,Epicerie,
Huile colza,Huile,colza,-,Epicerie,
Huile de colza,Huile,de colza,-,Epicerie,
Huître creuse,Huître,creuse,-,Viandes_Poissons,
Huître plate,Huître,plate,-,Viandes_Poissons,
Huître,Huître,,-,Viandes_Poissons,
Igname épluchée,Igname,épluchée,-,Fruits_et_légumes,
Igname jaune,Igname,jaune,-,Fruits_et_légumes,
Igname saint martin,Igname,saint martin,-,Fruits_et_légumes,
Igname,Igname,,-,Fruits_et_légumes,
Ile flottante,Ile flottante,,-,BOF,
Jambon à griller,Jambon,à griller,-,Viandes_Poissons,
Jambon de volaille,Jambon,de volaille,-,Viandes_Poissons,
Jambon de dinde,Jambon,de dinde,-,Viandes_Poissons,
Jambon de vendée,Jambon,de vendée,-,Viandes_Poissons,
Jambon de porc,Jambon,de porc,-,Viandes_Poissons,
Jambon cuit supérieure,Jambon,cuit supérieure,-,Viandes_Poissons,
Jambon cuit de paris,Jambon,cuit de paris,-,Viandes_Poissons,
Jambon cuit,Jambon,cuit,-,Viandes_Poissons,
Jambon sec,Jambon,sec,-,Viandes_Poissons,
Jambon fumé à griller,Jambon,fumé à griller,-,Viandes_Poissons,
Jambon blanc,Jambon,blanc,-,Viandes_Poissons,
Jambon persillé,Jambon,persillé,-,Viandes_Poissons,
Jambon cru,Jambon,cru,-,Viandes_Poissons,
Jambon cru fumé,Jambon,cru fumé,-,Viandes_Poissons,
Jambon de Bayonne,Jambon,de Bayonne,-,Viandes_Poissons,
Jambon sec de parme,Jambon,sec de parme,-,Viandes_Poissons,
Jambon sec serrano,Jambon,sec serrano,-,Viandes_Poissons,
Jambon à l'os braisé,Jambon à l'os braisé,,-,Viandes_Poissons,
Jambon en croûte,Jambon en croûte,,-,Viandes_Poissons,
Jambon persillé en gelée,Jambon persillé en gelée,,-,Viandes_Poissons,
Jambonneau cuit,Jambonneau,cuit,-,Viandes_Poissons,
Jambonneau,Jambonneau,,-,Viandes_Poissons,
Joëls (petits poissons entiers),Joëls (petits poissons entiers),,-,Viandes_Poissons,
Joue,Joue,,-,Viandes_Poissons,
Julienne filet,Julienne,filet,-,Viandes_Poissons,
Julienne filet,Julienne,filet,-,Viandes_Poissons,
Julienne de légumes,Julienne de légumes,,-,Fruits_et_légumes,
Jus de poulet,Jus,de poulet,-,Epicerie,
Jus de rôti,Jus,de rôti,-,Epicerie,
Jus de boeuf,Jus,de boeuf,-,Epicerie,
Jus de veau,Jus,de veau,-,Epicerie,
Jus de citron vert,Jus,de citron vert,-,Epicerie,
Jus de pomme,Jus,de pomme,-,Epicerie,
Jus de citron,Jus,de citron,-,Epicerie,
Jus de pommes brick,Jus,de pommes brick,-,Epicerie,
Jus de carambole,Jus,de carambole,-,Epicerie,
Jus de corossol,Jus,de corossol,-,Epicerie,
Jus aux fruits de la passion,Jus,aux fruits de la passion,-,Epicerie,
Jus de grenade,Jus,de grenade,-,Epicerie,
Jus de lime,Jus,de lime,-,Epicerie,
Jus de mandarine commune,Jus,de mandarine commune,-,Epicerie,
Jus de mandarine macaque,Jus,de mandarine macaque,-,Epicerie,
Jus de moubin,Jus,de moubin,-,Epicerie,
Jus de prune de cythère verte,Jus,de prune de cythère verte,-,Epicerie,
Jus d'ananas,Jus,d'ananas,-,Epicerie,
Jus d'orange sanguine,Jus,d'orange sanguine,-,Epicerie,
Jus de carotte,Jus,de carotte,-,Epicerie,
Jus de clémentine,Jus,de clémentine,-,Epicerie,
Jus de fruits et de légumes,Jus,de fruits et de légumes,-,Epicerie,
Jus de mangue,Jus,de mangue,-,Epicerie,
Jus de pamplemousse,Jus,de pamplemousse,-,Epicerie,
Jus de pruneau,Jus,de pruneau,-,Epicerie,
Jus de raisin,Jus,de raisin,-,Epicerie,
Jus de tomate,Jus,de tomate,-,Epicerie,
Jus multifruit - base orange,Jus,multifruit - base orange,-,Epicerie,
Jus multifruit - base pomme,Jus,multifruit - base pomme,-,Epicerie,
Jus multifruit - base raisin,Jus,multifruit - base raisin,-,Epicerie,
Jus d'orange,Jus,d'orange,-,Epicerie,
Jus multifruit,Jus,multifruit,-,Epicerie,
Jus de canard,Jus,de canard,-,Epicerie,
Jus d'agneau,Jus,d'agneau,-,Epicerie,
Jus de porc,Jus,de porc,-,Epicerie,
Jus de volaille rôtie,Jus,de volaille rôtie,-,Epicerie,
Kaki,Kaki,,-,Fruits_et_légumes,
Kamanioc,Kamanioc,,-,Fruits_et_légumes,
Kéfir de lait,Kéfir de lait,,-,BOF,
Ketchup,Ketchup,,-,Epicerie,
Khatfa feuille de brick,Khatfa feuille de brick,,-,Epicerie,
Kiwi hayward,Kiwi,hayward,-,Fruits_et_légumes,
Kiwi,Kiwi,,-,Fruits_et_légumes,
Kiwi jaunes,Kiwi,jaunes,-,Fruits_et_légumes,
Knack,Knack,,-,Viandes_Poissons,
Kombu breton,Kombu breton,,-,Epicerie,
kombu japonais,kombu japonais,,-,Epicerie,
Kombu royal,Kombu royal,,-,Epicerie,
Kombucha,Kombucha,,-,Epicerie,
Kouign Amann,Kouign Amann,,-,Epicerie,
Kumquat,Kumquat,,-,Fruits_et_légumes,
Lait 1er âge,Lait 1er âge,,-,Epicerie,
Lait 2e âge,Lait 2e âge,,-,Epicerie,
Lait aromatisé,Lait aromatisé,,-,Epicerie,
Lait concentré,Lait concentré,,-,BOF,
Lait concentré sucré,Lait concentré,sucré,-,BOF,
Lait concentré,Lait concentré,,-,BOF,
Lait de brebis entier,Lait de brebis,entier,-,BOF,
Lait de chèvre demi-écrémé uht,Lait de chèvre,demi-écrémé uht,-,BOF,
Lait de chèvre entier,Lait de chèvre,entier,-,BOF,
Lait de chèvre entier uht,Lait de chèvre,entier uht,-,BOF,
Lait de coco,Lait de coco,,-,Epicerie,
Lait de croissance infantile,Lait de croissance infantile,,-,Epicerie,
Lait de jument entier,Lait de jument,entier,-,BOF,
Lait demi-écrémé,Lait demi-écrémé,,-,BOF,
Lait demi-écrémé uht,Lait demi-écrémé,uht,-,BOF,
Lait demi-écrémé pasteurisé,Lait demi-écrémé,pasteurisé,-,BOF,
Lait écremé uht,Lait écremé,uht,-,BOF,
Lait écrémé pasteurisé,Lait écrémé,pasteurisé,-,BOF,
Lait écrémé uht,Lait écrémé,uht,-,BOF,
Lait emprésuré aromatisé,Lait emprésuré aromatisé,,-,BOF,
Lait en poudre demi-écrémé,Lait en poudre,demi-écrémé,-,BOF,
Lait en poudre entier,Lait en poudre,entier,-,BOF,
Lait en poudre 1/2 écrémé,Lait en poudre,1/2 écrémé,-,BOF,
Lait en poudre écrémé,Lait en poudre,écrémé,-,BOF,
Lait entier uht,Lait entier,uht,-,BOF,
Lait entier uht,Lait entier,uht,-,BOF,
Lait entier pasteurisé,Lait entier,pasteurisé,-,BOF,
Lait entier pasteurisé,Lait entier,pasteurisé,-,BOF,
Lait fermenté à boire nature au lait entier,Lait fermenté à boire,nature au lait entier,-,BOF,
Lait fermenté à boire nature maigre,Lait fermenté à boire,nature maigre,-,BOF,
Lait gelifié caramel,Lait gelifié,caramel,-,BOF,
Lait gelifié chocolat,Lait gelifié,chocolat,-,BOF,
Lait gelifié vanille,Lait gelifié,vanille,-,BOF,
Lait gélifié aromatisé nappé caramel,Lait gélifié aromatisé,nappé caramel,-,BOF,
Lait gélifié aromatisé,Lait gélifié aromatisé,,-,BOF,
Lait infantile pour prématurés,Lait infantile pour prématurés,,-,Epicerie,
Lait protéine uht,Lait protéine uht,,-,BOF,
Laitue,Laitue,,-,Fruits_et_légumes,
Laitue,Laitue,,-,Fruits_et_légumes,
Laitue iceberg,Laitue,iceberg,-,Fruits_et_légumes,
Laitue romaine,Laitue,romaine,-,Fruits_et_légumes,
Langouste,Langouste,,-,Viandes_Poissons,
Langoustine,Langoustine,,-,Viandes_Poissons,
Langoustine panée frite,Langoustine,panée frite,-,Viandes_Poissons,
Langres,Langres,,-,BOF,
Langue de boeuf,Langue,de boeuf,-,Viandes_Poissons,
Langue d'agneau,Langue,d'agneau,-,Viandes_Poissons,
Langue de porc,Langue,de porc,-,Viandes_Poissons,
Langue de veau,Langue,de veau,-,Viandes_Poissons,
Langue de boeuf,Langue,de boeuf,-,Viandes_Poissons,
Lapin sauté,Lapin,sauté,-,Viandes_Poissons,
Lapin,Lapin,,-,Viandes_Poissons,
Lapin cuisse,Lapin,cuisse,-,Viandes_Poissons,
Lapin de garenne,Lapin,de garenne,-,Viandes_Poissons,
Lapin à la moutarde,Lapin,à la moutarde,-,Viandes_Poissons,
Lard gras,Lard gras,,-,Epicerie,
Lardon nature,Lardon,nature,-,Viandes_Poissons,
Lardon fumé,Lardon,fumé,-,Viandes_Poissons,
Lasagnes aux légumes,Lasagnes,aux légumes,-,Epicerie,
Lasagnes bolognaise,Lasagnes,bolognaise,-,Epicerie,
Lasagnes au saumon,Lasagnes,au saumon,-,Epicerie,
Lasagnes,Lasagnes,,-,Epicerie,
Lasagnes au fromage et aux épinards,Lasagnes,au fromage et aux épinards,-,Epicerie,
Laurier feuille,Laurier feuille,,-,Epicerie,
Lécithine de soja,Lécithine de soja,,-,Epicerie,
Légumes farcis,Légumes farcis,,-,Epicerie,
Légumes pour couscous,Légumes pour couscous,,-,Fruits_et_légumes,
Légumes pour couscous,Légumes pour couscous,,-,Fruits_et_légumes,
Légumes pour pot au feu,Légumes pour pot au feu,,-,Fruits_et_légumes,
Légumes pour potages,Légumes pour potages,,-,Fruits_et_légumes,
Légumes pour ratatouille,Légumes pour ratatouille,,-,Fruits_et_légumes,
Lentille paysanne,Lentille,paysanne,-,Epicerie,
Lentille cuisinée,Lentille,cuisinée,-,Epicerie,
Lentille corail,Lentille,corail,-,Epicerie,
Lentille,Lentille,,-,Epicerie,
Lentille blonde,Lentille,blonde,-,Epicerie,
Lentille verte,Lentille,verte,-,Epicerie,
Lentille Béluga,Lentille,Béluga,-,Epicerie,
Levure chimique,Levure,chimique,-,Epicerie,
Levure alimentaire,Levure,alimentaire,-,Epicerie,
Levure de boulanger,Levure,de boulanger,-,Epicerie,
Lichen de mer,Lichen de mer,,-,Epicerie,
Liégeois aux fruits,Liégeois,aux fruits,-,BOF,
Liégeois caramel,Liégeois,caramel,-,BOF,
Liégeois vanille,Liégeois,vanille,-,BOF,
Liégeois café,Liégeois,café,-,BOF,
Liégeois chocolat,Liégeois,chocolat,-,BOF,
Lieu jaune filet,Lieu jaune,filet,-,Viandes_Poissons,
Lieu jaune fumé,Lieu jaune,fumé,-,Viandes_Poissons,
Lieu noir filet fumé façon haddock,Lieu noir,filet fumé façon haddock,-,Viandes_Poissons,
Lieu noir fumé,Lieu noir,fumé,-,Viandes_Poissons,
Lieu noir,Lieu noir,,-,Viandes_Poissons,
Lieu noir filet,Lieu noir,filet,-,Viandes_Poissons,
Lieu noir dos,Lieu noir,dos,-,Viandes_Poissons,
Lieu noir,Lieu noir,,-,Viandes_Poissons,
Lieu noir steack,Lieu noir,steack,-,Viandes_Poissons,
Lièvre,Lièvre,,-,Viandes_Poissons,
Limande,Limande,,-,Viandes_Poissons,
Limande-sole panée frite,Limande-sole,panée frite,-,Viandes_Poissons,
Limande-sole,Limande-sole,,-,Viandes_Poissons,
Lime,Lime,,-,Fruits_et_légumes,
Limonade,Limonade,,-,Epicerie,
Lin brun graine,Lin,brun graine,-,Epicerie,
Lin graine,Lin,graine,-,Epicerie,
Lingue,Lingue,,-,Viandes_Poissons,
Lingue bleue,Lingue bleue,,-,Viandes_Poissons,
Liqueur,Liqueur,,-,Epicerie,
Litchi,Litchi,,-,Fruits_et_légumes,
Livarot,Livarot,,-,BOF,
Lolorossa,Lolorossa,,-,Fruits_et_légumes,
Lompe,Lompe,,-,Viandes_Poissons,
Longan,Longan,,-,Fruits_et_légumes,
Lotte queue,Lotte,queue,-,Viandes_Poissons,
Lotte de rivière,Lotte,de rivière,-,Viandes_Poissons,
Lotte,Lotte,,-,Viandes_Poissons,
Lotte filet,Lotte,filet,-,Viandes_Poissons,
Loup tacheté,Loup,tacheté,-,Viandes_Poissons,
Lupin,Lupin,,-,Epicerie,
Luzerne,Luzerne,,-,Epicerie,
Maasdam,Maasdam,,-,BOF,
Macaron moelleux,Macaron moelleux,,-,Epicerie,
Macaron sec,Macaron sec,,-,Epicerie,
Macaronis,Macaronis,,-,Epicerie,
Macédoine de légumes,Macédoine de légumes,,-,Fruits_et_légumes,
Macédoine de légumes,Macédoine de légumes,,-,Fruits_et_légumes,
Macédoine de légumes,Macédoine de légumes,,-,Fruits_et_légumes,
Mâche épluché,Mâche,épluché,-,Fruits_et_légumes,
Mâche,Mâche,,-,Fruits_et_légumes,
Mâche,Mâche,,-,Fruits_et_légumes,
Madeleine au chocolat,Madeleine,au chocolat,-,Epicerie,
Madeleine ordinaire,Madeleine,ordinaire,-,Epicerie,
Madeleine pur beurre,Madeleine,pur beurre,-,Epicerie,
Madère dénaturé,Madère dénaturé,,-,Epicerie,
Magret canard,Magret canard,,-,Viandes_Poissons,
Maïs,Maïs,,-,Epicerie,
Maïs,Maïs,,-,Epicerie,
Maïs doux,Maïs doux,,-,Fruits_et_légumes,
Maïs doux,Maïs doux,,-,Fruits_et_légumes,
Maïs doux en épis,Maïs doux,en épis,-,Fruits_et_légumes,
Maïs doux en épis,Maïs doux,en épis,-,Fruits_et_légumes,
Maïzena,Maïzena,,-,Epicerie,
Maki aux produits de la mer,Maki aux produits de la mer,,-,Epicerie,
Mandarine,Mandarine,,-,Fruits_et_légumes,
Mandarine au sirop,Mandarine,au sirop,-,Fruits_et_légumes,
Mango bassignac,Mango,bassignac,-,Fruits_et_légumes,
Mango moussache,Mango,moussache,-,Fruits_et_légumes,
Mangue,Mangue,,-,Fruits_et_légumes,
Mangue julie,Mangue,julie,-,Fruits_et_légumes,
Mangue verte,Mangue,verte,-,Fruits_et_légumes,
Mangue José,Mangue,José,-,Fruits_et_légumes,
Manioc,Manioc,,-,Fruits_et_légumes,
Maquereau,Maquereau,,-,Viandes_Poissons,
Maquereau frit,Maquereau,frit,-,Viandes_Poissons,
Maquereau fumé,Maquereau,fumé,-,Viandes_Poissons,
Maquereau,Maquereau,,-,Viandes_Poissons,
Maquereau filet sauce moutarde,Maquereau,filet sauce moutarde,-,Viandes_Poissons,
Maquereau filet sauce tomate,Maquereau,filet sauce tomate,-,Viandes_Poissons,
Maquereau filet,Maquereau,filet,-,Viandes_Poissons,
Maquereau filet grillé nature,Maquereau,filet grillé nature,-,Viandes_Poissons,
Maquereau mariné,Maquereau,mariné,-,Viandes_Poissons,
Maquereau filet au vin blanc,Maquereau,filet au vin blanc,-,Viandes_Poissons,
maracudja,maracudja,,-,Fruits_et_légumes,
Margarine demi-sel,Margarine,demi-sel,-,Epicerie,
Margarine doux,Margarine,doux,-,Epicerie,
Marmelade d'orange,Marmelade d'orange,,-,Epicerie,
Maroilles fermier,Maroilles,fermier,-,BOF,
Maroilles laitier,Maroilles,laitier,-,BOF,
Maroilles,Maroilles,,-,BOF,
Marron,Marron,,-,Epicerie,
Marron glacé,Marron glacé,,-,Epicerie,
Marsala,Marsala,,-,Epicerie,
Marsala aux oeufs,Marsala aux oeufs,,-,Epicerie,
Mascarpone,Mascarpone,,-,BOF,
Mascarpone frambroise en bande,Mascarpone frambroise,en bande,-,Epicerie,
Massissi,Massissi,,-,Fruits_et_légumes,
Matière grasse laitière,Matière grasse laitière,,-,Epicerie,
Matière grasse mélangée à tartiner,Matière grasse mélangée,à tartiner,-,Epicerie,
Matière grasse végétale oméga 3 et 6,Matière grasse végétale,oméga 3 et 6,-,Epicerie,
Mayonnaise,Mayonnaise,,-,Epicerie,
Mélange apéritif de graines non salées et fruits séchés,Mélange apéritif,de graines non salées et fruits séchés,-,Epicerie,
Mélange apéritif de graines non salées et raisins secs,Mélange apéritif,de graines non salées et raisins secs,-,Epicerie,
Mélange apéritif de graines salées et raisins secs,Mélange apéritif,de graines salées et raisins secs,-,Epicerie,
Mélange apéritif de fruits exotiques sec,Mélange apéritif,de fruits exotiques sec,-,Epicerie,
Mélange de céréales et légumineuses,Mélange de céréales,et légumineuses,-,Epicerie,
Mélange de céréales,Mélange de céréales,,-,Epicerie,
Mélange épices mexicain,Mélange épices,mexicain,-,Epicerie,
Mélange épices pour paëlla,Mélange épices,pour paëlla,-,Epicerie,
Mélange épices quatre épices,Mélange épices,quatre épices,-,Epicerie,
Mélange épices pour couscous,Mélange épices,pour couscous,-,Epicerie,
Mélange épices colombo,Mélange épices,colombo,-,Epicerie,
Mélasse de canne,Mélasse de canne,,-,Epicerie,
Melon charentais de cavaillon,Melon,charentais de cavaillon,-,Fruits_et_légumes,
Melon vert,Melon,vert,-,Fruits_et_légumes,
Melon honeydew,Melon,honeydew,-,Fruits_et_légumes,
Melon miel,Melon,miel,-,Fruits_et_légumes,
Melon,Melon,,-,Fruits_et_légumes,
Meloukhia,Meloukhia,,-,Epicerie,
Meloukhia,Meloukhia,,-,Epicerie,
Meloukhia séché,Meloukhia,séché,-,Epicerie,
Menthe,Menthe,,-,Fruits_et_légumes,
Menthe séché,Menthe,séché,-,Fruits_et_légumes,
Merguez,Merguez,,-,Viandes_Poissons,
Merguez boeuf et mouton,Merguez,boeuf et mouton,-,Viandes_Poissons,
Merguez boeuf mouton et porc,Merguez,boeuf mouton et porc,-,Viandes_Poissons,
Merguez porc et boeuf,Merguez,porc et boeuf,-,Viandes_Poissons,
Merguez pur boeuf,Merguez,pur boeuf,-,Viandes_Poissons,
Meringue,Meringue,,-,Epicerie,
Merlan,Merlan,,-,Viandes_Poissons,
Merlan frit,Merlan,frit,-,Viandes_Poissons,
Merlan pané,Merlan,pané,-,Viandes_Poissons,
Merlu,Merlu,,-,Viandes_Poissons,
Merlu blanc du Cap,Merlu,blanc du Cap,-,Viandes_Poissons,
Merlu filet,Merlu,filet,-,Viandes_Poissons,
Merlu darne,Merlu,darne,-,Viandes_Poissons,
Merlu coeur,Merlu,coeur,-,Viandes_Poissons,
Mérou,Mérou,,-,Viandes_Poissons,
Mesclun,Mesclun,,-,Fruits_et_légumes,
Miel,Miel,,-,Epicerie,
Miette de crabe,Miette de crabe,,-,Viandes_Poissons,
Mignardises,Mignardises,,-,Epicerie,
Mignonette,Mignonette,,-,Epicerie,
Mil,Mil,,-,Epicerie,
Mil entier,Mil entier,,-,Epicerie,
Milk-shake,Milk-shake,,-,BOF,
Mille-feuille,Mille-feuille,,-,Epicerie,
Mimolette,Mimolette,,-,BOF,
Mimolette demi-vieille,Mimolette,demi-vieille,-,BOF,
Mimolette extra-vieille,Mimolette,extra-vieille,-,BOF,
Mimolette jeune,Mimolette,jeune,-,BOF,
Mimolette vieille,Mimolette,vieille,-,BOF,
Mini-viennoiserie,Mini-viennoiserie,,-,Epicerie,
Mirabelle,Mirabelle,,-,Fruits_et_légumes,
Mirabelle,Mirabelle,,-,Fruits_et_légumes,
Mirabelle entier dénoyauté,Mirabelle,entier dénoyauté,-,Fruits_et_légumes,
Mirabelles au sirop,Mirabelles au sirop,,-,Epicerie,
Mirepoix bordelaise,Mirepoix,bordelaise,-,Epicerie,
Miso,Miso,,-,Epicerie,
Mogette,Mogette,,-,Epicerie,
Mont d'or,Mont d'or,,-,BOF,
Morbier,Morbier,,-,BOF,
Mortadelle,Mortadelle,,-,Viandes_Poissons,
Mortadelle porc et boeuf,Mortadelle,porc et boeuf,-,Viandes_Poissons,
Mortadelle pur porc,Mortadelle,pur porc,-,Viandes_Poissons,
Mortadelle pistachée italienne chiffonade,Mortadelle,pistachée italienne chiffonade,-,Viandes_Poissons,
Morue brandade,Morue,brandade,-,Viandes_Poissons,
Morue sèche,Morue,sèche,-,Viandes_Poissons,
Morue,Morue,,-,Viandes_Poissons,
Moule entière cuite,Moule,entière cuite,-,Viandes_Poissons,
Moule,Moule,,-,Viandes_Poissons,
Moule,Moule,,-,Viandes_Poissons,
Moules farcies persillade,Moules,farcies persillade,-,Epicerie,
Moules marinières,Moules,marinières,-,Epicerie,
Moules à la sauce escabèche tomate,Moules,à la sauce escabèche tomate,-,Epicerie,
Moules decortiquées,Moules,decortiquées,-,Epicerie,
Moussaka,Moussaka,,-,Epicerie,
Mousse à la crème de marrons,Mousse à la crème de marrons,,-,BOF,
Mousse au chocolat base laitière,Mousse au chocolat,base laitière,-,BOF,
Mousse au chocolat végétale,Mousse au chocolat,végétale,-,BOF,
Mousse au chocolat,Mousse au chocolat,,-,BOF,
Mousse au citron,Mousse au citron,,-,BOF,
Mousse aux fruits,Mousse aux fruits,,-,BOF,
Mousse de canard,Mousse de canard,,-,Viandes_Poissons,
Mousse de Foie,Mousse de Foie,,-,Epicerie,
Mousse de foie de porc,Mousse de foie de porc,,-,Viandes_Poissons,
Mousse de foie de porc supérieure,Mousse de foie de porc,supérieure,-,Viandes_Poissons,
Mousse de fromage blanc sur lit de fruits 0% mg,Mousse de fromage blanc sur lit de fruits,0% mg,-,BOF,
Mousse de légumes,Mousse de légumes,,-,Epicerie,
Mousse liégeoise au chocolat,Mousse liégeoise,au chocolat,-,BOF,
Mousse liégeoise café,Mousse liégeoise,café,-,BOF,
Mousse liégeoise caramel,Mousse liégeoise,caramel,-,BOF,
Mousse liégeoise vanille,Mousse liégeoise,vanille,-,BOF,
Mousseux liquide,Mousseux,liquide,-,Epicerie,
Moutarde de dijon,Moutarde,de dijon,-,Epicerie,
Moutarde,Moutarde,,-,Epicerie,
Moutarde jaune,Moutarde,jaune,-,Epicerie,
Moutarde graine,Moutarde,graine,-,Epicerie,
Moutarde à l'ancienne,Moutarde à l'ancienne,,-,Epicerie,
Mouton,Mouton,,-,Viandes_Poissons,
Mouton gigot,Mouton,gigot,-,Viandes_Poissons,
Mouton épaule,Mouton,épaule,-,Viandes_Poissons,
Mouton pied,Mouton,pied,-,Viandes_Poissons,
Mouton tête,Mouton,tête,-,Viandes_Poissons,
Mozzarella di bufala,Mozzarella,di bufala,-,BOF,
Mozzarella bille,Mozzarella,bille,-,BOF,
Mozzarella cossette,Mozzarella,cossette,-,BOF,
Mozzarella,Mozzarella,,-,BOF,
Muesli aux fruits,Muesli aux fruits,,-,Epicerie,
Muesli croustillant au chocolat,Muesli croustillant,au chocolat,-,Epicerie,
Muesli croustillant au quinoa,Muesli croustillant,au quinoa,-,Epicerie,
Muesli croustillant aux fruits,Muesli croustillant,aux fruits,-,Epicerie,
Muesli floconneux,Muesli floconneux,,-,Epicerie,
Muesli floconneux aux fruits,Muesli floconneux,aux fruits,-,Epicerie,
Muesli floconneux fruits secs,Muesli floconneux,fruits secs,-,Epicerie,
Muffin vanille,Muffin,vanille,-,Epicerie,
Muffin au chocolat,Muffin,au chocolat,-,Epicerie,
Muffin aux pépites,Muffin,aux pépites,-,Epicerie,
Muffin au chocolat sans gluten,Muffin,au chocolat sans gluten,-,Epicerie,
Muffin aux myrtilles,Muffin,aux myrtilles,-,Epicerie,
Muffin anglais,Muffin,anglais,-,Epicerie,
Muffin,Muffin,,-,Epicerie,
Mulet,Mulet,,-,Viandes_Poissons,
Multi-céréales soufflées,Multi-céréales soufflées,,-,Epicerie,
Munster,Munster,,-,BOF,
Mûre,Mûre,,-,Fruits_et_légumes,
Mûre noire,Mûre,noire,-,Fruits_et_légumes,
Mûre,Mûre,,-,Fruits_et_légumes,
Muscade,Muscade,,-,Epicerie,
Muscadet liquide,Muscadet,liquide,-,Epicerie,
Museau de boeuf,Museau de boeuf,,-,Viandes_Poissons,
Museau de porc,Museau de porc,,-,Viandes_Poissons,
Myrtille,Myrtille,,-,Fruits_et_légumes,
Myrtille,Myrtille,,-,Fruits_et_légumes,
Nappage rouge,Nappage,rouge,-,Epicerie,
Nappage blond,Nappage,blond,-,Epicerie,
Nappage caramel,Nappage,caramel,-,Epicerie,
Navarin d'agneau aux légumes,Navarin d'agneau aux légumes,,-,Epicerie,
Navet bâtonnet,Navet,bâtonnet,-,Fruits_et_légumes,
Navet bâtonnet,Navet,bâtonnet,-,Fruits_et_légumes,
Navet épluché,Navet,épluché,-,Fruits_et_légumes,
Navet lamelle,Navet,lamelle,-,Fruits_et_légumes,
Navet lamelle,Navet,lamelle,-,Fruits_et_légumes,
Navet long blanc,Navet,long blanc,-,Fruits_et_légumes,
Navet long,Navet,long,-,Fruits_et_légumes,
Navet,Navet,,-,Fruits_et_légumes,
Navet,Navet,,-,Fruits_et_légumes,
Navet en cubes,Navet,en cubes,-,Fruits_et_légumes,
Navet en cubes,Navet,en cubes,-,Fruits_et_légumes,
Navet,Navet,,-,Fruits_et_légumes,
Nectar d'abricot,Nectar,d'abricot,-,Epicerie,
Nectar d'ananas,Nectar,d'ananas,-,Epicerie,
Nectar d'orange,Nectar,d'orange,-,Epicerie,
Nectar de banane,Nectar,de banane,-,Epicerie,
Nectar aux fruits de la passion,Nectar,aux fruits de la passion,-,Epicerie,
Nectar de goyave,Nectar,de goyave,-,Epicerie,
Nectar de mangue,Nectar,de mangue,-,Epicerie,
Nectar de papaye,Nectar,de papaye,-,Epicerie,
Nectar de pêche,Nectar,de pêche,-,Epicerie,
Nectar de poire,Nectar,de poire,-,Epicerie,
Nectar de pomme,Nectar,de pomme,-,Epicerie,
Nectar multifruit,Nectar,multifruit,-,Epicerie,
Nectar multifruit - base orange,Nectar,multifruit - base orange,-,Epicerie,
Nectar multifruit - base pomme,Nectar,multifruit - base pomme,-,Epicerie,
Nectar standard,Nectar,standard,-,Epicerie,
Nectar,Nectar,,-,Epicerie,
Nectarine,Nectarine,,-,Fruits_et_légumes,
Nectarine blanche,Nectarine,blanche,-,Fruits_et_légumes,
Nectarine jaune,Nectarine,jaune,-,Fruits_et_légumes,
Nectavigne,Nectavigne,,-,Fruits_et_légumes,
Nèfle du Japon,Nèfle du Japon,,-,Fruits_et_légumes,
Nem,Nem,,-,Epicerie,
Nem,Nem,,-,Epicerie,
Nem au crabe,Nem,au crabe,-,Epicerie,
Nem au porc,Nem,au porc,-,Epicerie,
Nem au poulet,Nem,au poulet,-,Epicerie,
Nem aux crevettes,Nem,aux crevettes,-,Epicerie,
Neufchâtel,Neufchâtel,,-,BOF,
Noisette,Noisette,,-,Epicerie,
Noisette décortiquée,Noisette,décortiquée,-,Epicerie,
Noisette grillée,Noisette,grillée,-,Epicerie,
Noisette en poudre,Noisette,en poudre,-,Epicerie,
Noisette hachées,Noisette,hachées,-,Epicerie,
Noisette grillée salée,Noisette grillée,salée,-,Epicerie,
Noix cerneaux,Noix,cerneaux,-,Epicerie,
Noix,Noix,,-,Epicerie,
Noix de cajou grillée,Noix de cajou,grillée,-,Epicerie,
Noix de cajou,Noix de cajou,,-,Epicerie,
Noix de coco râpée,Noix de coco,râpée,-,Epicerie,
Noix de coco amande sèche,Noix de coco,amande sèche,-,Epicerie,
Noix de coco,Noix de coco,,-,Epicerie,
Noix de joue de boeuf,Noix de joue,de boeuf,-,Viandes_Poissons,
Noix de macadamia,Noix de macadamia,,-,Epicerie,
Noix de macadamia grillée salée,Noix de macadamia,grillée salée,-,Epicerie,
Noix de muscade,Noix de muscade,,-,Epicerie,
Noix de pécan,Noix de pécan,,-,Epicerie,
Noix du Brésil,Noix du Brésil,,-,Epicerie,
Nonette,Nonette,,-,Epicerie,
Nori,Nori,,-,Epicerie,
Nougat,Nougat,,-,Epicerie,
Nougat glacé,Nougat glacé,,-,Epicerie,
Nougatine,Nougatine,,-,Epicerie,
Nouilles asiatiques,Nouilles asiatiques,,-,Epicerie,
Nugget au poulet,Nugget,au poulet,-,Viandes_Poissons,
Nuggets végétal,Nuggets,végétal,-,Viandes_Poissons,
Nuggets de fromage,Nuggets,de fromage,-,Viandes_Poissons,
Nuggets au soja et blé,Nuggets,au soja et blé,-,Viandes_Poissons,
Nuggets de blé,Nuggets,de blé,-,Viandes_Poissons,
Nuggets au poisson,Nuggets,au poisson,-,Viandes_Poissons,
Nuggets volaille,Nuggets,volaille,-,Viandes_Poissons,
Oeuf en poudre,Oeuf,en poudre,-,BOF,
Oeuf,Oeuf,,-,BOF,
Oeuf blanc en poudre,Oeuf,blanc en poudre,-,BOF,
Oeuf à la coque,Oeuf à la coque,,-,BOF,
Oeuf à la coque prédécoupé,Oeuf à la coque,prédécoupé,-,BOF,
Oeuf au jambon en gelée,Oeuf au jambon,en gelée,-,Viandes_Poissons,
Oeuf au plat,Oeuf au plat,,-,BOF,
Oeuf brouille,Oeuf brouille,,-,BOF,
Oeuf d'oie,Oeuf d'oie,,-,BOF,
Oeuf de caille,Oeuf de caille,,-,BOF,
Oeuf de cane,Oeuf de cane,,-,BOF,
Oeuf de dinde,Oeuf de dinde,,-,BOF,
Oeuf dur,Oeuf dur,,-,BOF,
Oeuf liquide jaune,Oeuf liquide,jaune,-,BOF,
Oeuf liquide blanc,Oeuf liquide,blanc,-,BOF,
Oeuf liquide entier,Oeuf liquide,entier,-,BOF,
Oeuf poché alveole,Oeuf poché,alveole,-,BOF,
Oeuf poché,Oeuf poché,,-,BOF,
Oeuf poudre jaune,Oeuf poudre,jaune,-,BOF,
Oeufs de cabillaud fumés,Oeufs de cabillaud,fumés,-,Viandes_Poissons,
Oeufs de lompe,Oeufs de lompe,,-,Viandes_Poissons,
Oeufs de saumon,Oeufs de saumon,,-,Viandes_Poissons,
Oeufs de truite,Oeufs de truite,,-,Viandes_Poissons,
Ogonori,Ogonori,,-,Epicerie,
Oie,Oie,,-,Viandes_Poissons,
Oignon nouveau,Oignon,nouveau,-,Fruits_et_légumes,
Oignon rouge,Oignon,rouge,-,Fruits_et_légumes,
Oignon,Oignon,,-,Fruits_et_légumes,
Oignon,Oignon,,-,Fruits_et_légumes,
Oignon jaune,Oignon,jaune,-,Fruits_et_légumes,
Oignon,Oignon,,-,Fruits_et_légumes,
Oignon,Oignon,,-,Fruits_et_légumes,
Oignon séché,Oignon,séché,-,Fruits_et_légumes,
Oignon frit,Oignon,frit,-,Fruits_et_légumes,
Oignon blanc,Oignon blanc,,-,Fruits_et_légumes,
Oignons grelot,Oignons,grelot,-,Fruits_et_légumes,
Oignons émincé,Oignons,émincé,-,Fruits_et_légumes,
Olive noire dénoyauté,Olive noire,dénoyauté,-,Epicerie,
Olive noire à l'huile à la grecque,Olive noire,à l'huile à la grecque,-,Epicerie,
Olive noire en saumure,Olive noire,en saumure,-,Epicerie,
Olive noire,Olive noire,,-,Epicerie,
Olive verte dénoyauté,Olive verte,dénoyauté,-,Epicerie,
Olive verte en saumure,Olive verte,en saumure,-,Epicerie,
Olive verte,Olive verte,,-,Epicerie,
Omble chevalier,Omble chevalier,,-,Viandes_Poissons,
Omelette au fromage,Omelette,au fromage,-,BOF,
Omelette aux fines herbes,Omelette,aux fines herbes,-,BOF,
Omelette demi-lune,Omelette,demi-lune,-,BOF,
Omelette,Omelette,,-,BOF,
Omelette norvégienne,Omelette,norvégienne,-,BOF,
Omelette aux champignons,Omelette,aux champignons,-,BOF,
Omelette aux lardons,Omelette,aux lardons,-,BOF,
Opéra en bande,Opéra,en bande,-,Epicerie,
Orange,Orange,,-,Fruits_et_légumes,
Orange sanguine,Orange sanguine,,-,Fruits_et_légumes,
Oreille de porc demi-sel,Oreille de porc,demi-sel,-,Viandes_Poissons,
Orge entière,Orge,entière,-,Epicerie,
Orge perlée,Orge,perlée,-,Epicerie,
Origan séché,Origan,séché,-,Epicerie,
Ormeau,Ormeau,,-,Viandes_Poissons,
Orphie commune,Orphie commune,,-,Viandes_Poissons,
Oseille épluché,Oseille,épluché,-,Fruits_et_légumes,
Oseille,Oseille,,-,Fruits_et_légumes,
Ossau-Iraty,Ossau-Iraty,,-,BOF,
Osso buco,Osso buco,,-,Epicerie,
Paëlla,Paëlla,,-,Epicerie,
Pailleté feuilletine,Pailleté feuilletine,,-,Epicerie,
Pain,Pain,,-,Epicerie,
Pain blanc,Pain,blanc,-,Epicerie,
Pain de campagne,Pain,de campagne,-,Epicerie,
Pain complet,Pain,complet,-,Epicerie,
Pain de seigle et froment,Pain,de seigle et froment,-,Epicerie,
Pain en bande,Pain,en bande,-,Epicerie,
Pain sans gluten,Pain,sans gluten,-,Epicerie,
Pain à burger,Pain,à burger,-,Epicerie,
Pain à bruschetta,Pain,à bruschetta,-,Epicerie,
Pain à kebab,Pain à kebab,,-,Epicerie,
Pain au chocolat,Pain au chocolat,,-,Epicerie,
Pain au chocolat feuilleté,Pain au chocolat,feuilleté,-,Epicerie,
Pain au lait aux pépites de chocolat,Pain au lait,aux pépites de chocolat,-,Epicerie,
Pain au lait,Pain au lait,,-,Epicerie,
Pain au son,Pain au son,,-,Epicerie,
Pain aux raisins,Pain aux raisins,,-,Epicerie,
Pain brioché,Pain brioché,,-,Epicerie,
Pain d'épices,Pain d'épices,,-,Epicerie,
Pain d'épices fourré,Pain d'épices,fourré,-,Epicerie,
Pain de mie,Pain de mie,,-,Epicerie,
Pain de mie au son,Pain de mie,au son,-,Epicerie,
Pain de mie brioché,Pain de mie,brioché,-,Epicerie,
Pain de mie complet,Pain de mie,complet,-,Epicerie,
Pain de mie multicéréale,Pain de mie,multicéréale,-,Epicerie,
Pain de mie sans croûte,Pain de mie,sans croûte,-,Epicerie,
Pain grillé domestique,Pain grillé,domestique,-,Epicerie,
Pain grillé tranches au froment,Pain grillé,tranches au froment,-,Epicerie,
Pain grillé tranches multicéréale,Pain grillé,tranches multicéréale,-,Epicerie,
Pain grillé brioché tranché,Pain grillé brioché,tranché,-,Epicerie,
Pain grillé suédois au blé complet,Pain grillé suédois,au blé complet,-,Epicerie,
Pain grillé suédois au froment,Pain grillé suédois,au froment,-,Epicerie,
Pain grillé suédois aux fruits,Pain grillé suédois,aux fruits,-,Epicerie,
Pain grillé suédois aux graines de lin,Pain grillé suédois,aux graines de lin,-,Epicerie,
Pain hamburger,Pain hamburger,,-,Epicerie,
Pain panini,Pain panini,,-,Epicerie,
Pain perdu,Pain perdu,,-,BOF,
Pain pita,Pain pita,,-,Epicerie,
Pain pour hamburger complet,Pain pour hamburger,complet,-,Epicerie,
Pain pour hot dog,Pain pour hot dog,,-,Epicerie,
Pain pour hot dog complet,Pain pour hot dog,complet,-,Epicerie,
Pak choï tiges et feuilles,Pak choï,tiges et feuilles,-,Fruits_et_légumes,
Paleron,Paleron,,-,Viandes_Poissons,
Palet de légumes,Palet de légumes,,-,Epicerie,
Palette d'agneau,Palette,d'agneau,-,Epicerie,
Palette au porc,Palette,au porc,-,Epicerie,
Palette à la provençale,Palette,à la provençale,-,Epicerie,
Palette découennée,Palette,découennée,-,Epicerie,
Palette à la diable,Palette,à la diable,-,Epicerie,
Palmier,Palmier,,-,Epicerie,
Palourde,Palourde,,-,Viandes_Poissons,
Pamplemousse,Pamplemousse,,-,Fruits_et_légumes,
Pamplemousse chinois,Pamplemousse,chinois,-,Fruits_et_légumes,
Pan bagnat,Pan bagnat,,-,Epicerie,
Panaché,Panaché,,-,Epicerie,
Panaché <1° alc.,Panaché,<1° alc.,-,Epicerie,
Panais en cubes,Panais,en cubes,-,Fruits_et_légumes,
Panais épluché,Panais,épluché,-,Fruits_et_légumes,
Panais,Panais,,-,Fruits_et_légumes,
Pancetta,Pancetta,,-,Viandes_Poissons,
Panga,Panga,,-,Viandes_Poissons,
Pangasius,Pangasius,,-,Viandes_Poissons,
Panna cotta avec préparations de fruits ou caramel,Panna cotta,avec préparations de fruits ou caramel,-,BOF,
Papaye,Papaye,,-,Fruits_et_légumes,
Paprika en huile,Paprika,en huile,-,Epicerie,
Paprika,Paprika,,-,Epicerie,
Parmentier de canard,Parmentier de canard,,-,Epicerie,
Parmesan rapé,Parmesan,rapé,-,BOF,
Parmesan,Parmesan,,-,BOF,
Pastèque,Pastèque,,-,Fruits_et_légumes,
Pastèque sans pépins,Pastèque,sans pépins,-,Fruits_et_légumes,
Pastilla au poulet,Pastilla,au poulet,-,Epicerie,
Pastis,Pastis,,-,Epicerie,
Pastis forte >8° alcool,Pastis,forte >8° alcool,-,Epicerie,
Patate douce blanchie,Patate douce,blanchie,-,Fruits_et_légumes,
Patate douce,Patate douce,,-,Fruits_et_légumes,
Pâte,Pâte,,-,Epicerie,
Pâte tortellini,Pâte,tortellini,-,Epicerie,
Pâte à pain,Pâte,à pain,-,Epicerie,
Pâte Risetti,Pâte,Risetti,-,Epicerie,
Pâté de volaille,Pâté,de volaille,-,Viandes_Poissons,
Pâté de lapin,Pâté,de lapin,-,Viandes_Poissons,
Pâté de foie d'oie,Pâté,de foie d'oie,-,Viandes_Poissons,
Pâté de foie de volaille,Pâté,de foie de volaille,-,Viandes_Poissons,
Pâté breton,Pâté,breton,-,Viandes_Poissons,
Pâté au poivre vert,Pâté,au poivre vert,-,Viandes_Poissons,
Pâté de gibier,Pâté,de gibier,-,Viandes_Poissons,
Pâté au jambon,Pâté,au jambon,-,Viandes_Poissons,
Pâté de foie de porc,Pâté,de foie de porc,-,Viandes_Poissons,
Pâté de foie de porc supérieur,Pâté,de foie de porc supérieur,-,Viandes_Poissons,
Pâté de campagne,Pâté,de campagne,-,Viandes_Poissons,
Pâte à lasagne,Pâte à lasagne,,-,Epicerie,
Pâte à pizza fine,Pâte à pizza,fine,-,Epicerie,
Pâte à pizza,Pâte à pizza,,-,Epicerie,
Pâte à tartiner chocolat et noisette,Pâte à tartiner,chocolat et noisette,-,Epicerie,
Pâte brisée pur beurre,Pâte brisée,pur beurre,-,Epicerie,
Pâte brisée matière grasse végétale,Pâte brisée,matière grasse végétale,-,Epicerie,
Pâte brisée,Pâte brisée,,-,Epicerie,
Pâte d'amande,Pâte d'amande,,-,Epicerie,
Pâte d'arachide,Pâte d'arachide,,-,Epicerie,
Pâte de fruits,Pâte de fruits,,-,Epicerie,
Pâté en croûte,Pâté en croûte,,-,Viandes_Poissons,
Pâte ferme enrobé de cire,Pâte ferme,enrobé de cire,-,Epicerie,
Pâte feuilletée 2.8mm,Pâte feuilletée,2.8mm,-,Epicerie,
Pâte feuilletée,Pâte feuilletée,,-,Epicerie,
Pâte feuilletée,Pâte feuilletée,,-,Epicerie,
Pâte feuilletée matière grasse végétale,Pâte feuilletée,matière grasse végétale,-,Epicerie,
Pâte feuilletée pur beurre,Pâte feuilletée,pur beurre,-,Epicerie,
Pâte multicolore,Pâte multicolore,,-,Epicerie,
Pâte phyllo,Pâte phyllo,,-,Epicerie,
Pâte sablée,Pâte sablée,,-,Epicerie,
Pâte sablée pur beurre,Pâte sablée,pur beurre,-,Epicerie,
Pâte sablée pur beurre,Pâte sablée,pur beurre,-,Epicerie,
Pâtes à la bolognaise,Pâtes,à la bolognaise,-,Epicerie,
Pâtes à la carbonara,Pâtes,à la carbonara,-,Epicerie,
Pâtes en sauce aux fromages,Pâtes,en sauce aux fromages,-,Epicerie,
Pâtes fraîches cuisiné,Pâtes fraîches,cuisiné,-,Epicerie,
Pâtes fraîches bacon,Pâtes fraîches,bacon,-,Epicerie,
Pâtes fraîches curry,Pâtes fraîches,curry,-,Epicerie,
Pâtes fraîches olive noire,Pâtes fraîches,olive noire,-,Epicerie,
Pâtes fraîches raifort,Pâtes fraîches,raifort,-,Epicerie,
Pâtes fraîches 4 poivres,Pâtes fraîches,4 poivres,-,Epicerie,
Pâtes fraîches,Pâtes fraîches,,-,Epicerie,
Pâtes fraîches aux oeufs,Pâtes fraîches,aux oeufs,-,Epicerie,
Pâtes fraîches double crème pavé,Pâtes fraîches,double crème pavé,-,Epicerie,
Pâtes fraîches farcies à la viande,Pâtes fraîches farcies,à la viande,-,Epicerie,
Pâtes fraîches farcies au fromage,Pâtes fraîches farcies,au fromage,-,Epicerie,
Pâtes fraîches farcies au fromage et aux légumes,Pâtes fraîches farcies,au fromage et aux légumes,-,Epicerie,
Pâtes fraîches farcies aux légumes,Pâtes fraîches farcies,aux légumes,-,Epicerie,
Pâtes ou nouilles asiatiques au blé nature,Pâtes ou nouilles asiatiques,au blé nature,-,Epicerie,
Pâtes sans gluten à base de lentilles corail,Pâtes sans gluten,à base de lentilles corail,-,Epicerie,
Pâtes sans gluten à base de riz et maïs,Pâtes sans gluten,à base de riz et maïs,-,Epicerie,
Pâtes sèches au blé complet,Pâtes sèches,au blé complet,-,Epicerie,
Pâtes sèches aux oeufs,Pâtes sèches,aux oeufs,-,Epicerie,
Pâtes sèches sans gluten,Pâtes sèches,sans gluten,-,Epicerie,
Pâtes sèches standard,Pâtes sèches,standard,-,Epicerie,
Paupiette de volaille,Paupiette,de volaille,-,Epicerie,
Paupiette,Paupiette,,-,Epicerie,
Paupiette de saumon,Paupiette,de saumon,-,Epicerie,
Paupiette de lapin,Paupiette,de lapin,-,Epicerie,
Paupiette de veau,Paupiette,de veau,-,Epicerie,
Paupiette de boeuf,Paupiette,de boeuf,-,Epicerie,
Paupiette de dinde,Paupiette,de dinde,-,Epicerie,
Pavot en grain,Pavot,en grain,-,Epicerie,
Pêche melba,Pêche,melba,-,Epicerie,
Pêche oreillon,Pêche,oreillon,-,Epicerie,
Pêche,Pêche,,-,Epicerie,
Pêche blanche,Pêche,blanche,-,Epicerie,
Pêche plate,Pêche,plate,-,Epicerie,
Pêche jaune,Pêche,jaune,-,Epicerie,
Pêche sèche,Pêche,sèche,-,Epicerie,
Pêche au sirop,Pêche au sirop,,-,Epicerie,
Pêche au sirop léger,Pêche au sirop,léger,-,Epicerie,
Pecorino,Pecorino,,-,BOF,
Pecten d'Amérique noix,Pecten d'Amérique,noix,-,Viandes_Poissons,
Peigne du canada noix,Peigne du canada,noix,-,Viandes_Poissons,
Pélardon,Pélardon,,-,BOF,
Penne Rigate sans gluten,Penne Rigate,sans gluten,-,Epicerie,
Penne Rigate,Penne Rigate,,-,Epicerie,
Perche du nil,Perche,du nil,-,Viandes_Poissons,
Perche,Perche,,-,Viandes_Poissons,
Perche,Perche,,-,Viandes_Poissons,
Perles du Japon,Perles du Japon,,-,Fruits_et_légumes,
Persil séché,Persil,séché,-,Epicerie,
Persil haché,Persil,haché,-,Epicerie,
Persil,Persil,,-,Epicerie,
Pesto,Pesto,,-,Epicerie,
Pesto de sauge,Pesto,de sauge,-,Epicerie,
Pétales de blé au chocolats,Pétales de blé,au chocolats,-,Epicerie,
Pétales de blé au chocolats enrichis en vitamines et minéraux,Pétales de blé,au chocolats enrichis en vitamines et minéraux,-,Epicerie,
Pétales de blé avec noix noisettes ou amandes enrichis en vitamines et minéraux,Pétales de blé,avec noix noisettes ou amandes enrichis en vitamines et minéraux,-,Epicerie,
Pétales de maïs,Pétales de maïs,,-,Epicerie,
Pétales de maïs glacés au sucre,Pétales de maïs,glacés au sucre,-,Epicerie,
Pétales de maïs natures,Pétales de maïs,natures,-,Epicerie,
Pétillant de fruits,Pétillant de fruits,,-,Epicerie,
petit ecolier,petit ecolier,,-,Epicerie,
petit écolier,petit écolier,,-,Epicerie,
Petit pain sans gluten,Petit pain,sans gluten,-,Epicerie,
Petit pois très fin,Petit pois,très fin,-,Epicerie,
Petit pois,Petit pois,,-,Epicerie,
Petit pot fruit avec banane pour bébé,Petit pot fruit,avec banane pour bébé,-,Epicerie,
Petit pot fruit sans banane pour bébé,Petit pot fruit,sans banane pour bébé,-,Epicerie,
Petit pot légumes avec féculent dès 4/6 mois,Petit pot légumes,avec féculent dès 4/6 mois,-,Epicerie,
Petit pot légumes dès 4-6 mois,Petit pot légumes,dès 4-6 mois,-,Epicerie,
Petit pot parfum assorti,Petit pot parfum assorti,,-,Epicerie,
Petit salé cuit,Petit salé,cuit,-,Epicerie,
Petit salé,Petit salé,,-,Epicerie,
Petit suisse 20% mg,Petit suisse,20% mg,-,BOF,
Petit suisse 40% mg,Petit suisse,40% mg,-,BOF,
Petit suisse,Petit suisse,,-,BOF,
Petit suisse 0% mg,Petit suisse,0% mg,-,BOF,
Petit suisse 4% mg,Petit suisse,4% mg,-,BOF,
Petit suisse aromatisé,Petit suisse,aromatisé,-,BOF,
Petit suisse aromatisé au chocolat,Petit suisse,aromatisé au chocolat,-,BOF,
Petit suisse 10% mg,Petit suisse,10% mg,-,BOF,
Petit suisse aux fruits,Petit suisse,aux fruits,-,BOF,
Petits pois,Petits pois,,-,Fruits_et_légumes,
Petits pois,Petits pois,,-,Fruits_et_légumes,
Petits pois,Petits pois,,-,Fruits_et_légumes,
Petits pois et carottes,Petits pois et carottes,,-,Fruits_et_légumes,
Petits pois et carottes,Petits pois et carottes,,-,Fruits_et_légumes,
Pétoncle noix,Pétoncle,noix,-,Viandes_Poissons,
Picodon,Picodon,,-,BOF,
Pied de porc demi-sel,Pied de porc,demi-sel,-,Viandes_Poissons,
Pigeon,Pigeon,,-,Viandes_Poissons,
Pignon de pin,Pignon de pin,,-,Epicerie,
Pilchard sauce tomate,Pilchard,sauce tomate,-,Viandes_Poissons,
Piment extra fin moulu,Piment,extra fin moulu,-,Fruits_et_légumes,
Piment,Piment,,-,Fruits_et_légumes,
Piment de Cayenne,Piment de Cayenne,,-,Epicerie,
Pintade aiguillette,Pintade,aiguillette,-,Viandes_Poissons,
Pintade suprême,Pintade,suprême,-,Viandes_Poissons,
Pintade cuisse,Pintade,cuisse,-,Viandes_Poissons,
Pintade poitrine,Pintade,poitrine,-,Viandes_Poissons,
Pintade suprême farci cranberries,Pintade,suprême farci cranberries,-,Viandes_Poissons,
Pintade,Pintade,,-,Viandes_Poissons,
Piperade basquaise,Piperade basquaise,,-,Epicerie,
Pissaladière,Pissaladière,,-,Epicerie,
Pissenlit,Pissenlit,,-,Fruits_et_légumes,
Pistache émondée,Pistache,émondée,-,Epicerie,
Pistache extrait,Pistache,extrait,-,Epicerie,
Pistache grillée,Pistache,grillée,-,Epicerie,
Pistache grillée salée,Pistache,grillée salée,-,Epicerie,
Pizza 4 fromages,Pizza,4 fromages,-,Epicerie,
Pizza royale,Pizza,royale,-,Epicerie,
Pizza 4 saisons,Pizza,4 saisons,-,Epicerie,
Pizza à la viande type bolognaise,Pizza,à la viande type bolognaise,-,Epicerie,
Pizza au chèvre et lardons,Pizza,au chèvre et lardons,-,Epicerie,
Pizza au chorizo,Pizza,au chorizo,-,Epicerie,
Pizza au fromage,Pizza,au fromage,-,Epicerie,
Pizza au poulet,Pizza,au poulet,-,Epicerie,
Pizza au saumon,Pizza,au saumon,-,Epicerie,
Pizza au thon,Pizza,au thon,-,Epicerie,
Pizza aux fruits de mer,Pizza,aux fruits de mer,-,Epicerie,
Pizza aux lardons,Pizza,aux lardons,-,Epicerie,
Pizza champignons fromage,Pizza,champignons fromage,-,Epicerie,
Pizza jambon cru,Pizza,jambon cru,-,Epicerie,
Pizza jambon fromage,Pizza,jambon fromage,-,Epicerie,
Pizza kebab,Pizza,kebab,-,Epicerie,
Pizza raclette,Pizza,raclette,-,Epicerie,
Pizza reine,Pizza,reine,-,Epicerie,
Pizza,Pizza,,-,Epicerie,
Plat légumes infantiles avec féculent dès 6-8 mois,Plat légumes infantiles,avec féculent dès 6-8 mois,-,Epicerie,
Plat légumes infantiles avec féculent et lait/crème dès 12 mois,Plat légumes infantiles,avec féculent et lait/crème dès 12 mois,-,Epicerie,
Plat légumes infantiles avec féculent et lait/crème dès 18 mois,Plat légumes infantiles,avec féculent et lait/crème dès 18 mois,-,Epicerie,
Plat légumes infantiles avec féculent et lait/crème dès 6-8 mois,Plat légumes infantiles,avec féculent et lait/crème dès 6-8 mois,-,Epicerie,
Plat légumes infantiles avec féculent et lait/crème dès 8-12 mois,Plat légumes infantiles,avec féculent et lait/crème dès 8-12 mois,-,Epicerie,
Plat légumes infantiles avec féculent et viande/poisson dès 12 mois,Plat légumes infantiles,avec féculent et viande/poisson dès 12 mois,-,Epicerie,
Plat légumes infantiles avec féculent et viande/poisson dès 18 mois,Plat légumes infantiles,avec féculent et viande/poisson dès 18 mois,-,Epicerie,
Plat légumes infantiles avec féculent et viande/poisson dès 6-8 mois,Plat légumes infantiles,avec féculent et viande/poisson dès 6-8 mois,-,Epicerie,
Plat légumes infantiles avec féculent et viande/poisson dès 8-12 mois,Plat légumes infantiles,avec féculent et viande/poisson dès 8-12 mois,-,Epicerie,
Plateau de fromage,Plateau de fromage,,-,BOF,
Plie,Plie,,-,Viandes_Poissons,
Poêlée ardechoise,Poêlée,ardechoise,-,Epicerie,
Poêlée de cèpes,Poêlée,de cèpes,-,Epicerie,
Poêlée 3 céréales et légumes,Poêlée,3 céréales et légumes,-,Epicerie,
Poêlée lyonnaise,Poêlée,lyonnaise,-,Epicerie,
Poêlée quinoa et légumes,Poêlée,quinoa et légumes,-,Epicerie,
Poêlée villageoise,Poêlée,villageoise,-,Epicerie,
Poêlée méridionale,Poêlée,méridionale,-,Epicerie,
Poêlée de brocolis champignons,Poêlée,de brocolis champignons,-,Epicerie,
Poêlée base légumineuse,Poêlée,base légumineuse,-,Epicerie,
Poêlée aux légumes,Poêlée,aux légumes,-,Epicerie,
Poêlée forestière,Poêlée,forestière,-,Epicerie,
Poêlée camarguaise,Poêlée,camarguaise,-,Epicerie,
Poêlée de légumes à l'asiatiques,Poêlée,de légumes à l'asiatiques,-,Epicerie,
Poêlée de légumes aux champignons,Poêlée,de légumes aux champignons,-,Epicerie,
Poêlée grillée méditerranéenne,Poêlée,grillée méditerranéenne,-,Epicerie,
Poêlée de légumes sans champignon,Poêlée,de légumes sans champignon,-,Epicerie,
Poêlée campagnarde,Poêlée,campagnarde,-,Epicerie,
Poêlée de pommes de terre préfrites lardons,Poêlée,de pommes de terre préfrites lardons,-,Epicerie,
Poêlées de nouilles aux légumes,Poêlées,de nouilles aux légumes,-,Epicerie,
Poire en quartier,Poire,en quartier,-,Fruits_et_légumes,
Poire en cubes,Poire,en cubes,-,Fruits_et_légumes,
Poire en cubes,Poire,en cubes,-,Fruits_et_légumes,
Poire,Poire,,-,Fruits_et_légumes,
Poire,Poire,,-,Fruits_et_légumes,
Poire,Poire,,-,Fruits_et_légumes,
Poire lamelle,Poire,lamelle,-,Fruits_et_légumes,
Poire lamelle,Poire,lamelle,-,Fruits_et_légumes,
Poire williams,Poire,williams,-,Fruits_et_légumes,
Poire conférence,Poire,conférence,-,Fruits_et_légumes,
Poire sorbet,Poire,sorbet,-,Fruits_et_légumes,
Poire au caramel en bande,Poire au caramel,en bande,-,Epicerie,
Poire au sirop léger,Poire au sirop,léger,-,Epicerie,
Poire au sirop,Poire au sirop,,-,Epicerie,
Poire belle helène,Poire belle helène,,-,Epicerie,
Poire belle Hélène,Poire belle Hélène,,-,Epicerie,
Poireau épluché,Poireau,épluché,-,Fruits_et_légumes,
Poireau émincé,Poireau,émincé,-,Fruits_et_légumes,
Poireau émincé,Poireau,émincé,-,Fruits_et_légumes,
Poireau émincé,Poireau,émincé,-,Fruits_et_légumes,
Poireau,Poireau,,-,Fruits_et_légumes,
Poireau,Poireau,,-,Fruits_et_légumes,
Poireau,Poireau,,-,Fruits_et_légumes,
Poireau,Poireau,,-,Fruits_et_légumes,
Poireau coupé,Poireau,coupé,-,Fruits_et_légumes,
Pois cassé,Pois cassé,,-,Epicerie,
Pois chiche,Pois chiche,,-,Epicerie,
Pois chiche,Pois chiche,,-,Epicerie,
Pois d'angole,Pois d'angole,,-,Fruits_et_légumes,
pois gourmands,pois gourmands,,-,Fruits_et_légumes,
Poisson en cubes,Poisson,en cubes,-,Viandes_Poissons,
Poisson blanc à l'estragon,Poisson blanc,à l'estragon,-,Epicerie,
Poisson blanc à la bordelaise,Poisson blanc,à la bordelaise,-,Epicerie,
Poisson blanc,Poisson blanc,,-,Epicerie,
Poisson blanc à la florentine sauce aux épinards,Poisson blanc,à la florentine sauce aux épinards,-,Epicerie,
Poisson blanc à la marinière sauce aux oignons vin blanc moules,Poisson blanc,à la marinière sauce aux oignons vin blanc moules,-,Epicerie,
Poisson blanc à la parisienne sauce aux champignons,Poisson blanc,à la parisienne sauce aux champignons,-,Epicerie,
Poisson blanc à la provençale,Poisson blanc,à la provençale,-,Epicerie,
Poisson blanc à la sauce moutarde,Poisson blanc,à la sauce moutarde,-,Epicerie,
Poisson blanc sauce oseille,Poisson blanc,sauce oseille,-,Epicerie,
Poisson en sauce,Poisson en sauce,,-,Epicerie,
Poisson pané,Poisson pané,,-,Viandes_Poissons,
Poisson pané frit,Poisson pané,frit,-,Viandes_Poissons,
Poisson-chat,Poisson-chat,,-,Viandes_Poissons,
Poisson-Filet,Poisson-Filet,,-,Viandes_Poissons,
Poisson-Pané plein filet,Poisson-Pané,plein filet,-,Viandes_Poissons,
Poisson-Pané cabillaud,Poisson-Pané,cabillaud,-,Viandes_Poissons,
Poitrine de porc fumée,Poitrine de porc,fumée,-,Viandes_Poissons,
Poitrine de porc demi-sel,Poitrine de porc,demi-sel,-,Viandes_Poissons,
Poitrine de porc fumée crue,Poitrine de porc,fumée crue,-,Viandes_Poissons,
Poitrine roulée sèche,Poitrine roulée,sèche,-,Viandes_Poissons,
Poivre blanc,Poivre,blanc,-,Epicerie,
Poivre gris,Poivre,gris,-,Epicerie,
Poivre gris en grains,Poivre,gris en grains,-,Epicerie,
Poivre vert,Poivre,vert,-,Epicerie,
Poivre de Cayenne,Poivre,de Cayenne,-,Epicerie,
Poivre noir,Poivre,noir,-,Epicerie,
Poivron jaune émincé,Poivron,jaune émincé,-,Fruits_et_légumes,
Poivron jaune épluché,Poivron,jaune épluché,-,Fruits_et_légumes,
Poivron rouge émincé,Poivron,rouge émincé,-,Fruits_et_légumes,
Poivron rouge épluché,Poivron,rouge épluché,-,Fruits_et_légumes,
Poivron vert émincé,Poivron,vert émincé,-,Fruits_et_légumes,
Poivron vert épluché,Poivron,vert épluché,-,Fruits_et_légumes,
Poivron vert,Poivron,vert,-,Fruits_et_légumes,
Poivron lanière,Poivron,lanière,-,Fruits_et_légumes,
Poivron jaune,Poivron,jaune,-,Fruits_et_légumes,
Poivron rouge,Poivron,rouge,-,Fruits_et_légumes,
Poivron rouge,Poivron,rouge,-,Fruits_et_légumes,
Poivron,Poivron,,-,Fruits_et_légumes,
Poivron Corne de boeuf,Poivron,Corne de boeuf,-,Fruits_et_légumes,
Polenta de maïs,Polenta de maïs,,-,Epicerie,
Pollen partiellement séché,Pollen,partiellement séché,-,Epicerie,
Pollen,Pollen,,-,Epicerie,
Pomelo rose,Pomelo,rose,-,Fruits_et_légumes,
Pomelo,Pomelo,,-,Fruits_et_légumes,
Pomelo jaune,Pomelo,jaune,-,Fruits_et_légumes,
Pomelo rouge,Pomelo,rouge,-,Fruits_et_légumes,
Pomme en quartier,Pomme,en quartier,-,Fruits_et_légumes,
Pomme en cube saveur pain d'épice,Pomme,en cube saveur pain d'épice,-,Fruits_et_légumes,
Pomme sèche,Pomme,sèche,-,Fruits_et_légumes,
Pomme golden,Pomme,golden,-,Fruits_et_légumes,
Pomme en cubes,Pomme,en cubes,-,Fruits_et_légumes,
Pomme lamelle,Pomme,lamelle,-,Fruits_et_légumes,
Pomme en cubes,Pomme,en cubes,-,Fruits_et_légumes,
Pomme lamelle,Pomme,lamelle,-,Fruits_et_légumes,
Pomme,Pomme,,-,Fruits_et_légumes,
Pomme,Pomme,,-,Fruits_et_légumes,
Pomme bicolore,Pomme,bicolore,-,Fruits_et_légumes,
Pomme,Pomme,,-,Fruits_et_légumes,
Pomme canada,Pomme,canada,-,Fruits_et_légumes,
Pomme chantecler,Pomme,chantecler,-,Fruits_et_légumes,
Pomme gala,Pomme,gala,-,Fruits_et_légumes,
Pomme granny smith,Pomme,granny smith,-,Fruits_et_légumes,
Pomme pink lady,Pomme,pink lady,-,Fruits_et_légumes,
Pomme cannelle,Pomme,cannelle,-,Fruits_et_légumes,
Pomme liane,Pomme,liane,-,Fruits_et_légumes,
Pomme d'eau,Pomme d'eau,,-,Fruits_et_légumes,
Pomme de cajou,Pomme de cajou,,-,Fruits_et_légumes,
Pomme de terre de conservation sans peau,Pomme de terre,de conservation sans peau,-,Fruits_et_légumes,
Pomme de terre épluché,Pomme de terre,épluché,-,Fruits_et_légumes,
Pomme de terre flocons au lait ou à la crème,Pomme de terre,flocons au lait ou à la crème,-,Fruits_et_légumes,
Pomme de terre flocons,Pomme de terre,flocons,-,Fruits_et_légumes,
Pomme de terre nouvelle,Pomme de terre,nouvelle,-,Fruits_et_légumes,
Pomme de terre sans peau,Pomme de terre,sans peau,-,Fruits_et_légumes,
Pomme de terre sautée pré-frite,Pomme de terre,sautée pré-frite,-,Fruits_et_légumes,
Pomme de terre vapeur sous vide,Pomme de terre,vapeur sous vide,-,Fruits_et_légumes,
Pomme de terre dauphine,Pomme de terre,dauphine,-,Fruits_et_légumes,
Pomme de terre vitelotte,Pomme de terre,vitelotte,-,Fruits_et_légumes,
Pomme de terre Grenaille,Pomme de terre,Grenaille,-,Fruits_et_légumes,
Pomme de terre quartier,Pomme de terre,quartier,-,Fruits_et_légumes,
Pomme de terre duchesse,Pomme de terre,duchesse,-,Fruits_et_légumes,
Pomme de terre,Pomme de terre,,-,Fruits_et_légumes,
Pomme de terre,Pomme de terre,,-,Fruits_et_légumes,
Pomme de terre,Pomme de terre,,-,Fruits_et_légumes,
Pomme de terre,Pomme de terre,,-,Fruits_et_légumes,
Pomme de terre noisette,Pomme de terre,noisette,-,Fruits_et_légumes,
Pomme de terre primeur sans peau,Pomme de terre,primeur sans peau,-,Fruits_et_légumes,
Pomme de terre sautée,Pomme de terre,sautée,-,Fruits_et_légumes,
Pomme de terre ronde,Pomme de terre,ronde,-,Fruits_et_légumes,
Pomme de terre lamelle,Pomme de terre,lamelle,-,Fruits_et_légumes,
Pomme de terre lamelle,Pomme de terre,lamelle,-,Fruits_et_légumes,
Pomme de terre lamelle,Pomme de terre,lamelle,-,Fruits_et_légumes,
Pomme de terre en cubes,Pomme de terre,en cubes,-,Fruits_et_légumes,
Pomme de terre en cubes,Pomme de terre,en cubes,-,Fruits_et_légumes,
Pomme de terre en cubes,Pomme de terre,en cubes,-,Fruits_et_légumes,
Pomme de terre rissolées,Pomme de terre,rissolées,-,Fruits_et_légumes,
Pomme de terre samba,Pomme de terre,samba,-,Fruits_et_légumes,
Pomme de terre Bintje,Pomme de terre,Bintje,-,Fruits_et_légumes,
Pomme de terre alumettes,Pomme de terre,alumettes,-,Fruits_et_légumes,
Pomme de terre paillasson,Pomme de terre,paillasson,-,Fruits_et_légumes,
Pommes au four,Pommes,au four,-,BOF,
Pommes frites,Pommes frites,,-,Fruits_et_légumes,
Pont l'Évêque,Pont l'Évêque,,-,BOF,
Pop-corn au caramel,Pop-corn,au caramel,-,Epicerie,
Pop-corn,Pop-corn,,-,Epicerie,
Pop-corn à l'huile salé,Pop-corn,à l'huile salé,-,Epicerie,
Porc maigre 80/20,Porc,maigre 80/20,-,Viandes_Poissons,
Porc noix de joue,Porc,noix de joue,-,Viandes_Poissons,
Porc escalope,Porc,escalope,-,Viandes_Poissons,
Porc poitrine,Porc,poitrine,-,Viandes_Poissons,
Porc travers,Porc,travers,-,Viandes_Poissons,
Porc filet mignon,Porc,filet mignon,-,Viandes_Poissons,
Porc araignée,Porc,araignée,-,Viandes_Poissons,
Porc jambon dés,Porc,jambon dés,-,Viandes_Poissons,
Porc au caramel,Porc,au caramel,-,Viandes_Poissons,
Porc joue sauté,Porc,joue sauté,-,Viandes_Poissons,
Porc épaule émincé,Porc,épaule émincé,-,Viandes_Poissons,
Porc épaule,Porc,épaule,-,Viandes_Poissons,
Porc escalope échine,Porc,escalope échine,-,Viandes_Poissons,
Porc filet émincé,Porc,filet émincé,-,Viandes_Poissons,
Porc rouelle,Porc,rouelle,-,Viandes_Poissons,
Porc rouelle de jambon,Porc,rouelle de jambon,-,Viandes_Poissons,
Porc bardière découennée,Porc,bardière découennée,-,Viandes_Poissons,
Porc jambon grill fumé,Porc,jambon grill fumé,-,Viandes_Poissons,
Porc filet côte,Porc,filet côte,-,Viandes_Poissons,
Porc filet maigre,Porc,filet maigre,-,Viandes_Poissons,
Porc échine,Porc,échine,-,Viandes_Poissons,
Porc,Porc,,-,Viandes_Poissons,
Porc sauté,Porc,sauté,-,Viandes_Poissons,
Porc émincé,Porc,émincé,-,Viandes_Poissons,
Porc carré,Porc,carré,-,Viandes_Poissons,
Porc gorge découennée,Porc,gorge découennée,-,Viandes_Poissons,
Porc jambon sans jarret sans bateau découenné dégraissé désossé,Porc,jambon sans jarret sans bateau découenné dégraissé désossé,-,Viandes_Poissons,
Porc jambonneau arrière découenné dégraisssé désossé,Porc,jambonneau arrière découenné dégraisssé désossé,-,Viandes_Poissons,
Porc jarret,Porc,jarret,-,Viandes_Poissons,
Porc longe,Porc,longe,-,Viandes_Poissons,
Porc maigre 90/10,Porc,maigre 90/10,-,Viandes_Poissons,
Porc côte,Porc,côte,-,Viandes_Poissons,
Porto dénaturé,Porto,dénaturé,-,Epicerie,
Pot-au-feu,Pot-au-feu,,-,Epicerie,
Potatoes,Potatoes,,-,Fruits_et_légumes,
Potée auvergnate,Potée auvergnate,,-,Epicerie,
Potimarron en cubes,Potimarron,en cubes,-,Fruits_et_légumes,
Potimarron,Potimarron,,-,Fruits_et_légumes,
Potiron,Potiron,,-,Fruits_et_légumes,
Potiron,Potiron,,-,Fruits_et_légumes,
Potiron,Potiron,,-,Fruits_et_légumes,
Poudre à lever,Poudre à lever,,-,Epicerie,
Poudre maltée cacaotée,Poudre maltée,cacaotée,-,Epicerie,
Poule,Poule,,-,Viandes_Poissons,
Poule cuisse,Poule,cuisse,-,Viandes_Poissons,
Poulet filet,Poulet,filet,-,Viandes_Poissons,
Poulet aiguillette,Poulet,aiguillette,-,Viandes_Poissons,
Poulet manchons marinés,Poulet,manchons marinés,-,Viandes_Poissons,
Poulet suprême,Poulet,suprême,-,Viandes_Poissons,
Poulet blanc,Poulet,blanc,-,Viandes_Poissons,
Poulet poitrine,Poulet,poitrine,-,Viandes_Poissons,
Poulet,Poulet,,-,Viandes_Poissons,
Poulet aile,Poulet,aile,-,Viandes_Poissons,
Poulet manchons marinés et rôtis,Poulet,manchons marinés et rôtis,-,Viandes_Poissons,
Poulet éviscéré sans abats,Poulet,éviscéré sans abats,-,Viandes_Poissons,
Poulet fermier,Poulet,fermier,-,Viandes_Poissons,
Poulet cuisses déjointées,Poulet,cuisses déjointées,-,Viandes_Poissons,
Poulet pilon,Poulet,pilon,-,Viandes_Poissons,
Poulet cuisse,Poulet,cuisse,-,Viandes_Poissons,
Poulet cuisse,Poulet,cuisse,-,Viandes_Poissons,
Poulet haut de cuisse,Poulet,haut de cuisse,-,Viandes_Poissons,
Poulet grillé tranché,Poulet,grillé tranché,-,Viandes_Poissons,
Poulet au curry et au lait de coco,Poulet au curry et au lait de coco,,-,Epicerie,
Poulet basquaise,Poulet basquaise,,-,Epicerie,
Pouligny Saint-Pierre,Pouligny Saint-Pierre,,-,BOF,
Poulpe,Poulpe,,-,Viandes_Poissons,
Pousse d'epinard,Pousse d'epinard,,-,Epicerie,
Pousse de betterave,Pousse de betterave,,-,Epicerie,
Pousse de soja,Pousse de soja,,-,Epicerie,
Pousse de soja,Pousse de soja,,-,Epicerie,
Pralin feuilletine,Pralin,feuilletine,-,Epicerie,
Pralin,Pralin,,-,Epicerie,
Pralin rose,Pralin,rose,-,Epicerie,
Préparation bavarois aux fruits rouges,Préparation bavarois,aux fruits rouges,-,BOF,
Préparation bavarois passion,Préparation bavarois,passion,-,BOF,
Préparation bavarois au citron,Préparation bavarois,au citron,-,BOF,
Préparation bavarois framboise,Préparation bavarois,framboise,-,BOF,
Préparation bavarois à la poire,Préparation bavarois,à la poire,-,BOF,
Préparation bavarois ananas,Préparation bavarois,ananas,-,BOF,
Préparation crème brulée,Préparation crème brulée,,-,BOF,
Préparation crème pâtissière à froid,Préparation crème pâtissière à froid,,-,BOF,
Préparation de fruits divers,Préparation de fruits divers,,-,Epicerie,
Préparation de viande hachée de boeuf 15% mg,Préparation de viande hachée de boeuf,15% mg,-,Viandes_Poissons,
Préparation déshydratée pour milk drink au chocolat,Préparation déshydratée pour milk drink,au chocolat,-,BOF,
Préparation flan praliné,Préparation flan,praliné,-,BOF,
Préparation flan au caramel,Préparation flan,au caramel,-,BOF,
Préparation flan au chocolat,Préparation flan,au chocolat,-,BOF,
Préparation flan au café,Préparation flan,au café,-,BOF,
Préparation flan au citron,Préparation flan,au citron,-,BOF,
Préparation flan à la pistache,Préparation flan,à la pistache,-,BOF,
Préparation flan à l'abricot,Préparation flan,à l'abricot,-,BOF,
Préparation flan aux fruits de la passion,Préparation flan,aux fruits de la passion,-,BOF,
Préparation flan vanille,Préparation flan,vanille,-,BOF,
Préparation mousse à la poire,Préparation mousse,à la poire,-,Epicerie,
Préparation mousse au chocolat blanc,Préparation mousse,au chocolat blanc,-,Epicerie,
Préparation mousse au chocolat,Préparation mousse,au chocolat,-,Epicerie,
Préparation muffin,Préparation muffin,,-,BOF,
Préparation taboulé,Préparation taboulé,,-,Epicerie,
Printanière de légumes,Printanière de légumes,,-,Fruits_et_légumes,
Profiterole avec glace vanille et sauce chocolat,Profiterole,avec glace vanille et sauce chocolat,-,Epicerie,
Profiteroles,Profiteroles,,-,BOF,
Protéine de soja texturée réhydratée,Protéine de soja,texturée réhydratée,-,Viandes_Poissons,
Protéine de soja,Protéine de soja,,-,Viandes_Poissons,
Provolone,Provolone,,-,BOF,
Prune rouge,Prune,rouge,-,Fruits_et_légumes,
Prune,Prune,,-,Fruits_et_légumes,
Prune,Prune,,-,Fruits_et_légumes,
Prune de cythère mûre fruit,Prune de cythère,mûre fruit,-,Fruits_et_légumes,
Prune de cythère verte,Prune de cythère,verte,-,Fruits_et_légumes,
Prune Reine-Claude,Prune Reine-Claude,,-,Fruits_et_légumes,
Pruneau sec,Pruneau,sec,-,Fruits_et_légumes,
Pruneau,Pruneau,,-,Fruits_et_légumes,
Pruneau dénoyauté,Pruneau,dénoyauté,-,Fruits_et_légumes,
Purée de pêche,Purée,de pêche,-,Epicerie,
Purée de pomme de terre,Purée,de pomme de terre,-,Epicerie,
Purée pomme/abricot,Purée,pomme/abricot,-,Epicerie,
Purée pomme/myrtille,Purée,pomme/myrtille,-,Epicerie,
Purée de framboise,Purée,de framboise,-,Epicerie,
Purée de pomme de terre de flocons reconstituée,Purée,de pomme de terre de flocons reconstituée,-,Epicerie,
Purée de pomme,Purée,de pomme,-,Epicerie,
Purée de fruits,Purée,de fruits,-,Epicerie,
Purée de patate douce,Purée,de patate douce,-,Epicerie,
Purée de fruits de la passion,Purée,de fruits de la passion,-,Epicerie,
Purée,Purée,,-,Epicerie,
Purée de fraise,Purée,de fraise,-,Epicerie,
Purée de panais,Purée,de panais,-,Epicerie,
Purée gourmande,Purée,gourmande,-,Epicerie,
Purée de mangue,Purée,de mangue,-,Epicerie,
Purée de potiron,Purée,de potiron,-,Epicerie,
Purée 3 légumes,Purée,3 légumes,-,Epicerie,
Purée de brocoli,Purée,de brocoli,-,Epicerie,
Purée de chou-feur,Purée,de chou-feur,-,Epicerie,
Purée de courgette,Purée,de courgette,-,Epicerie,
Purée de haricots vert,Purée,de haricots vert,-,Epicerie,
Purée d'abricot,Purée,d'abricot,-,Epicerie,
Purée de sésame,Purée,de sésame,-,Epicerie,
Purée de céleri-rave,Purée,de céleri-rave,-,Epicerie,
Purée de petits pois,Purée,de petits pois,-,Epicerie,
Purée de tomates,Purée,de tomates,-,Epicerie,
Purée de céleri,Purée,de céleri,-,Epicerie,
Purée de carotte,Purée,de carotte,-,Epicerie,
Purée à base de flocons reconstituée,Purée,à base de flocons reconstituée,-,Epicerie,
Purée de butternut,Purée,de butternut,-,Epicerie,
Purée fruits de la passion,Purée,fruits de la passion,-,Epicerie,
Purée de carotte,Purée,de carotte,-,Epicerie,
Purée granulé complète,Purée granulé,complète,-,Fruits_et_légumes,
Purée granulé salé à chaud,Purée granulé,salé à chaud,-,Fruits_et_légumes,
Purée PdT,Purée PdT,,-,Fruits_et_légumes,
Quatre-quarts,Quatre-quarts,,-,Epicerie,
Quenelle de volaille,Quenelle,de volaille,-,Viandes_Poissons,
Quenelle de volaille,Quenelle,de volaille,-,Viandes_Poissons,
Quenelle de veau en sauce,Quenelle,de veau en sauce,-,Viandes_Poissons,
Quenelle de volaille en sauce,Quenelle,de volaille en sauce,-,Viandes_Poissons,
Quenelle de poisson,Quenelle,de poisson,-,Viandes_Poissons,
Quenelle de poisson en sauce,Quenelle,de poisson en sauce,-,Viandes_Poissons,
Quenelle nature,Quenelle,nature,-,Viandes_Poissons,
Quenelle en sauce,Quenelle,en sauce,-,Viandes_Poissons,
Quenelle au tofu,Quenelle,au tofu,-,Viandes_Poissons,
Quenelle,Quenelle,,-,Viandes_Poissons,
Quetsche,Quetsche,,-,Fruits_et_légumes,
Quiche lorraine,Quiche,lorraine,-,Epicerie,
Quiche,Quiche,,-,Epicerie,
Quinoa,Quinoa,,-,Epicerie,
Quinoa gourmand,Quinoa gourmand,,-,Epicerie,
Raclette,Raclette,,-,BOF,
Radis équeuté,Radis,équeuté,-,Fruits_et_légumes,
Radis équeuté,Radis,équeuté,-,Fruits_et_légumes,
Radis,Radis,,-,Fruits_et_légumes,
Radis émincé,Radis,émincé,-,Fruits_et_légumes,
Radis émincé,Radis,émincé,-,Fruits_et_légumes,
Radis botte,Radis,botte,-,Fruits_et_légumes,
Radis noir rapé,Radis noir,rapé,-,Fruits_et_légumes,
Radis noir,Radis noir,,-,Fruits_et_légumes,
Radis rouge,Radis rouge,,-,Fruits_et_légumes,
Raie,Raie,,-,Viandes_Poissons,
Raie,Raie,,-,Viandes_Poissons,
Raifort,Raifort,,-,Fruits_et_légumes,
Raisin sec,Raisin,sec,-,Fruits_et_légumes,
Raisin,Raisin,,-,Fruits_et_légumes,
Raisin blanc à gros grains,Raisin blanc,à gros grains,-,Fruits_et_légumes,
Raisin blanc,Raisin blanc,,-,Fruits_et_légumes,
Raisin Chasselas,Raisin Chasselas,,-,Fruits_et_légumes,
Raisin noir muscat,Raisin noir,muscat,-,Fruits_et_légumes,
Raisin noir,Raisin noir,,-,Fruits_et_légumes,
Ramboutan,Ramboutan,,-,Fruits_et_légumes,
Rascasse,Rascasse,,-,Viandes_Poissons,
Ratatouille à la niçoise,Ratatouille,à la niçoise,-,Epicerie,
Ratatouille,Ratatouille,,-,Epicerie,
Ratatouille,Ratatouille,,-,Epicerie,
Raviolis aux légumes sauce tomate,Raviolis,aux légumes sauce tomate,-,Epicerie,
Raviolis à la viande sauce tomate,Raviolis,à la viande sauce tomate,-,Epicerie,
Raviolis au saumon,Raviolis,au saumon,-,Epicerie,
Raviolis,Raviolis,,-,Epicerie,
Raviolis au boeuf,Raviolis,au boeuf,-,Epicerie,
Raviolis au tofu à la sauce tomate,Raviolis,au tofu à la sauce tomate,-,Epicerie,
Raviolis chinois à la crevette,Raviolis chinois,à la crevette,-,Epicerie,
Raz el hanout,Raz el hanout,,-,Epicerie,
Reblochon,Reblochon,,-,BOF,
Réglisse en poudre,Réglisse en poudre,,-,Epicerie,
Reine-Claude,Reine-Claude,,-,Fruits_et_légumes,
Reine-Claude entier dénoyauté,Reine-Claude,entier dénoyauté,-,Fruits_et_légumes,
Reine-Claude,Reine-Claude,,-,Fruits_et_légumes,
Requin,Requin,,-,Viandes_Poissons,
Rhubarbe tige sucrée,Rhubarbe,tige sucrée,-,Fruits_et_légumes,
Rhubarbe tige,Rhubarbe,tige,-,Fruits_et_légumes,
Rhum,Rhum,,-,Epicerie,
Rhum dénaturé,Rhum,dénaturé,-,Epicerie,
Ricotta,Ricotta,,-,BOF,
Rillette de thon,Rillette,de thon,-,Viandes_Poissons,
Rillettes pur porc,Rillettes,pur porc,-,Viandes_Poissons,
Rillettes de crabe,Rillettes,de crabe,-,Viandes_Poissons,
Rillettes de maquereau,Rillettes,de maquereau,-,Viandes_Poissons,
Rillettes de poisson,Rillettes,de poisson,-,Viandes_Poissons,
Rillettes de saumon,Rillettes,de saumon,-,Viandes_Poissons,
Rillettes de thon,Rillettes,de thon,-,Viandes_Poissons,
Rillettes de canard,Rillettes,de canard,-,Viandes_Poissons,
Rillettes de poulet,Rillettes,de poulet,-,Viandes_Poissons,
Rillettes de tours,Rillettes,de tours,-,Viandes_Poissons,
Rillettes pur oie,Rillettes,pur oie,-,Viandes_Poissons,
Rillettes du mans,Rillettes,du mans,-,Viandes_Poissons,
Ris de veau,Ris,de veau,-,Viandes_Poissons,
Ris d'agneau,Ris,d'agneau,-,Viandes_Poissons,
Risotto aux fromages,Risotto,aux fromages,-,Epicerie,
Risotto aux fruits de mer,Risotto,aux fruits de mer,-,Epicerie,
Risotto aux légumes,Risotto,aux légumes,-,Epicerie,
Riste d'aubergines aubergines tomates oignons,Riste d'aubergines aubergines tomates oignons,,-,Epicerie,
Riz thai,Riz,thai,-,Epicerie,
Riz risotto,Riz,risotto,-,Epicerie,
Riz long étuvé de camargue,Riz,long étuvé de camargue,-,Epicerie,
Riz basmati,Riz,basmati,-,Epicerie,
Riz rond,Riz,rond,-,Epicerie,
Riz mélange de variétés,Riz,mélange de variétés,-,Epicerie,
Riz long prétraité,Riz,long prétraité,-,Epicerie,
Riz complet,Riz,complet,-,Epicerie,
Riz semi complet,Riz,semi complet,-,Epicerie,
Riz rouge,Riz,rouge,-,Epicerie,
Riz sauvage,Riz,sauvage,-,Epicerie,
Riz blanc,Riz,blanc,-,Epicerie,
Riz blanc étuvé,Riz,blanc étuvé,-,Epicerie,
Riz d'or,Riz,d'or,-,Epicerie,
Riz long étuvé,Riz,long étuvé,-,Epicerie,
Riz au lait,Riz au lait,,-,BOF,
Riz au lait au caramel,Riz au lait,au caramel,-,BOF,
Riz blanc avec légumes et viande,Riz blanc avec légumes et viande,,-,Epicerie,
Riz blanc avec poulet,Riz blanc avec poulet,,-,Epicerie,
Riz cantonais,Riz cantonais,,-,Epicerie,
Riz soufflé au chocolat,Riz soufflé,au chocolat,-,Epicerie,
Riz soufflé grillé,Riz soufflé,grillé,-,Epicerie,
Riz soufflé,Riz soufflé,,-,Epicerie,
Rocamadour,Rocamadour,,-,BOF,
Rocher chocolat fourré praliné,Rocher,chocolat fourré praliné,-,Epicerie,
Rocher coco ou congolais,Rocher,coco ou congolais,-,Epicerie,
Rognon d'agneau,Rognon,d'agneau,-,Viandes_Poissons,
Rognon de porc,Rognon,de porc,-,Viandes_Poissons,
Rognon de veau,Rognon,de veau,-,Viandes_Poissons,
Rognon de boeuf,Rognon,de boeuf,-,Viandes_Poissons,
Romarin,Romarin,,-,Fruits_et_légumes,
Romarin séché,Romarin,séché,-,Fruits_et_légumes,
Rond de jambon cuit,Rond de jambon cuit,,-,Viandes_Poissons,
Roquefort dés,Roquefort,dés,-,BOF,
Roquefort,Roquefort,,-,BOF,
Roquette,Roquette,,-,Fruits_et_légumes,
Roquette épluché,Roquette,épluché,-,Fruits_et_légumes,
Roquette,Roquette,,-,Fruits_et_légumes,
Rosette,Rosette,,-,Viandes_Poissons,
Rostis,Rostis,,-,Fruits_et_légumes,
Rôti de veau carré,Rôti,de veau carré,-,Viandes_Poissons,
Rôti de veau sous noix,Rôti,de veau sous noix,-,Viandes_Poissons,
Rôti de boeuf,Rôti,de boeuf,-,Viandes_Poissons,
Rôti de boeuf macreuse,Rôti,de boeuf macreuse,-,Viandes_Poissons,
Rôti de boeuf aloyau,Rôti,de boeuf aloyau,-,Viandes_Poissons,
Rôti de porc échine,Rôti,de porc échine,-,Viandes_Poissons,
Rôti de porc filet,Rôti,de porc filet,-,Viandes_Poissons,
Rôti de lapin farci pruneaux,Rôti,de lapin farci pruneaux,-,Viandes_Poissons,
Rôti d'agneau gigot,Rôti,d'agneau gigot,-,Viandes_Poissons,
Rôti de porc longe,Rôti,de porc longe,-,Viandes_Poissons,
Rôti de porc filet maigre,Rôti,de porc filet maigre,-,Viandes_Poissons,
Rôti de porc filet avec chaînette,Rôti,de porc filet avec chaînette,-,Viandes_Poissons,
Rôti de volaille en salaison,Rôti de volaille,en salaison,-,Viandes_Poissons,
Rouget-barbet filet avec peau cru thaïlande sénégal…,Rouget-barbet,filet avec peau cru thaïlande sénégal…,-,Viandes_Poissons,
Rouget-barbet de roche,Rouget-barbet de roche,,-,Viandes_Poissons,
Rouget-barbet de roche vapeur,Rouget-barbet de roche,vapeur,-,Viandes_Poissons,
Roulade de porc pistachée,Roulade de porc,pistachée,-,Viandes_Poissons,
Rouleau de printemps,Rouleau de printemps,,-,Epicerie,
Roussette,Roussette,,-,Viandes_Poissons,
roux blanc,roux,blanc,-,Epicerie,
Rutabaga,Rutabaga,,-,Fruits_et_légumes,
Sablé à la noix de coco,Sablé,à la noix de coco,-,Epicerie,
Sablé au cacao ou chocolat au praliné ou autre,Sablé,au cacao ou chocolat au praliné ou autre,-,Epicerie,
Sablé aux fruits,Sablé,aux fruits,-,Epicerie,
Sablé pâtissier,Sablé,pâtissier,-,Epicerie,
Sabre,Sabre,,-,Viandes_Poissons,
Safran,Safran,,-,Epicerie,
Safran liquide,Safran,liquide,-,Epicerie,
Saindoux,Saindoux,,-,Epicerie,
Saint honoré,Saint honoré,,-,Epicerie,
Saint Jacques,Saint Jacques,,-,Viandes_Poissons,
Saint Nectaire,Saint Nectaire,,-,BOF,
Saint-Félicien,Saint-Félicien,,-,BOF,
Saint-Jacques,Saint-Jacques,,-,Fruits_et_légumes,
Saint-Marcellin,Saint-Marcellin,,-,BOF,
Saint-Nectaire fermier,Saint-Nectaire,fermier,-,BOF,
Saint-Nectaire,Saint-Nectaire,,-,BOF,
Saint-Paulin,Saint-Paulin,,-,BOF,
Saint-Pierre,Saint-Pierre,,-,Viandes_Poissons,
Sainte-Maure,Sainte-Maure,,-,BOF,
Sainte-Maure de Touraine,Sainte-Maure,de Touraine,-,BOF,
Salade César,Salade César,,-,Epicerie,
Salade Chicorée frisée,Salade Chicorée,frisée,-,Epicerie,
Salade Chicorée scarole,Salade Chicorée,scarole,-,Epicerie,
Salade composée avec viande,Salade composée,avec viande,-,Epicerie,
Salade Cresson,Salade Cresson,,-,Epicerie,
Salade de betterave,Salade de betterave,,-,Epicerie,
Salade de carotte,Salade de carotte,,-,Epicerie,
Salade de céleri,Salade de céleri,,-,Fruits_et_légumes,
Salade de chou,Salade de chou,,-,Epicerie,
Salade de Coleslaw,Salade de Coleslaw,,-,Epicerie,
Salade de concombre à la crème,Salade de concombre,à la crème,-,Epicerie,
Salade de fruit de mer,Salade de fruit de mer,,-,Epicerie,
Salade de fruits,Salade de fruits,,-,Fruits_et_légumes,
Salade de fruits,Salade de fruits,,-,Fruits_et_légumes,
Salade de fruits au sirop,Salade de fruits,au sirop,-,Fruits_et_légumes,
Salade de lentilles et saucisse fumée,Salade de lentilles,et saucisse fumée,-,Epicerie,
Salade de lentilles et oignons,Salade de lentilles,et oignons,-,Epicerie,
Salade de pâtes aux légumes avec poisson ou viande,Salade de pâtes,aux légumes avec poisson ou viande,-,Epicerie,
Salade de pâtes aux légumes avec viande,Salade de pâtes,aux légumes avec viande,-,Epicerie,
Salade de pâtes végétarienne,Salade de pâtes,végétarienne,-,Epicerie,
Salade de pomme de terre,Salade de pomme de terre,,-,Epicerie,
Salade de pomme de terre à la piémontaise,Salade de pomme de terre,à la piémontaise,-,Epicerie,
Salade de riz,Salade de riz,,-,Epicerie,
Salade de riz à la niçoise,Salade de riz,à la niçoise,-,Epicerie,
Salade de thon et légumes,Salade de thon et légumes,,-,Epicerie,
Salade feuille de chêne,Salade feuille de chêne,,-,Fruits_et_légumes,
Salade grecque,Salade grecque,,-,Epicerie,
Salade ou chicorée frisée,Salade ou chicorée frisée,,-,Fruits_et_légumes,
Salade strasbourgeoise,Salade strasbourgeoise,,-,Epicerie,
Salade sucrine,Salade sucrine,,-,Fruits_et_légumes,
Salade végétale à base de quinoa et légumes,Salade végétale,à base de quinoa et légumes,-,Epicerie,
Salade végétale à base de boulgour légumes,Salade végétale,à base de boulgour légumes,-,Epicerie,
Salade verte,Salade verte,,-,Fruits_et_légumes,
Salami,Salami,,-,Viandes_Poissons,
Salami porc et boeuf,Salami,porc et boeuf,-,Viandes_Poissons,
Salami pur porc,Salami,pur porc,-,Viandes_Poissons,
Salami type danois,Salami,type danois,-,Viandes_Poissons,
Salers,Salers,,-,BOF,
Salicorne,Salicorne,,-,Fruits_et_légumes,
Salsifis,Salsifis,,-,Fruits_et_légumes,
Salsifis,Salsifis,,-,Fruits_et_légumes,
Salsifis,Salsifis,,-,Fruits_et_légumes,
Salsifis noir scorsonère d'espagne,Salsifis noir,scorsonère d'espagne,-,Fruits_et_légumes,
Samossa,Samossa,,-,Epicerie,
Samossa aux légumes,Samossa,aux légumes,-,Epicerie,
Sandre,Sandre,,-,Viandes_Poissons,
Sandre filet,Sandre,filet,-,Viandes_Poissons,
Sandwich baguette camembert beurre,Sandwich baguette,camembert beurre,-,Epicerie,
Sandwich baguette crudités diverses mayonnaise,Sandwich baguette,crudités diverses mayonnaise,-,Epicerie,
Sandwich baguette dinde crudités tomate salade mayonnaise,Sandwich baguette,dinde crudités tomate salade mayonnaise,-,Epicerie,
Sandwich baguette jambon beurre,Sandwich baguette,jambon beurre,-,Epicerie,
Sandwich baguette jambon emmental,Sandwich baguette,jambon emmental,-,Epicerie,
Sandwich baguette jambon emmental beurre,Sandwich baguette,jambon emmental beurre,-,Epicerie,
Sandwich baguette jambon oeuf dur crudités tomate salade beurre,Sandwich baguette,jambon oeuf dur crudités tomate salade beurre,-,Epicerie,
Sandwich baguette merguez ketchup moutarde,Sandwich baguette,merguez ketchup moutarde,-,Epicerie,
Sandwich baguette oeuf crudités tomate salade mayonnaise,Sandwich baguette,oeuf crudités tomate salade mayonnaise,-,Epicerie,
Sandwich baguette pâté cornichons,Sandwich baguette,pâté cornichons,-,Epicerie,
Sandwich baguette porc crudités tomate salade mayonnaise,Sandwich baguette,porc crudités tomate salade mayonnaise,-,Epicerie,
Sandwich baguette poulet crudités tomate salade mayonnaise,Sandwich baguette,poulet crudités tomate salade mayonnaise,-,Epicerie,
Sandwich baguette salami beurre,Sandwich baguette,salami beurre,-,Epicerie,
Sandwich baguette saucisson beurre,Sandwich baguette,saucisson beurre,-,Epicerie,
Sandwich baguette saumon fumé beurre,Sandwich baguette,saumon fumé beurre,-,Epicerie,
Sandwich baguette thon crudités tomate salade mayonnaise,Sandwich baguette,thon crudités tomate salade mayonnaise,-,Epicerie,
Sandwich baguette thon maïs crudités,Sandwich baguette,thon maïs crudités,-,Epicerie,
Sandwich pain de mie garnitures diverses,Sandwich pain de mie,garnitures diverses,-,Epicerie,
Sandwich pain de mie complet jambon crudités fromage optionnel,Sandwich pain de mie complet,jambon crudités fromage optionnel,-,Epicerie,
Sandwich pain de mie complet jambon fromage,Sandwich pain de mie complet,jambon fromage,-,Epicerie,
Sandwich pain de mie complet poulet crudités mayonnaise,Sandwich pain de mie complet,poulet crudités mayonnaise,-,Epicerie,
Sandwich pain de mie complet thon crudités mayonnaise,Sandwich pain de mie complet,thon crudités mayonnaise,-,Epicerie,
Sandwich panini jambon cru mozzarella tomates,Sandwich panini,jambon cru mozzarella tomates,-,Epicerie,
Sang de boeuf,Sang,de boeuf,-,Viandes_Poissons,
Sanglier sauté,Sanglier,sauté,-,Viandes_Poissons,
Sanglier,Sanglier,,-,Viandes_Poissons,
Sangria,Sangria,,-,Epicerie,
Sardine à l'huile,Sardine,à l'huile,-,Viandes_Poissons,
Sardine à la tomate,Sardine,à la tomate,-,Viandes_Poissons,
Sardine,Sardine,,-,Viandes_Poissons,
Sardine grillée,Sardine,grillée,-,Viandes_Poissons,
Sardine à l'huile d'olive,Sardine,à l'huile d'olive,-,Viandes_Poissons,
Sardine filets sans arêtes à l'huile d'olive,Sardine,filets sans arêtes à l'huile d'olive,-,Viandes_Poissons,
Sarrasin,Sarrasin,,-,Epicerie,
Sarriette séché,Sarriette,séché,-,Epicerie,
Sauce worcester,Sauce,worcester,-,Epicerie,
Sauce Caesar,Sauce,Caesar,-,Epicerie,
Sauce Sweet chili,Sauce,Sweet chili,-,Epicerie,
Sauce Chimichurri,Sauce,Chimichurri,-,Epicerie,
Sauce à l'échalote à la crème,Sauce à l'échalote à la crème,,-,Epicerie,
Sauce à l'oseille,Sauce à l'oseille,,-,Epicerie,
Sauce à la crème,Sauce à la crème,,-,Epicerie,
Sauce à la crème aux épices,Sauce à la crème,aux épices,-,Epicerie,
Sauce à la crème aux herbes,Sauce à la crème,aux herbes,-,Epicerie,
Sauce aigre douce,Sauce aigre douce,,-,Epicerie,
Sauce aïoli,Sauce aïoli,,-,Epicerie,
Sauce américaine,Sauce américaine,,-,Epicerie,
Sauce anglaise liquide,Sauce anglaise,liquide,-,Epicerie,
Sauce armoricaine,Sauce armoricaine,,-,Epicerie,
Sauce au beurre citron,Sauce au beurre,citron,-,Epicerie,
Sauce au beurre,Sauce au beurre,,-,Epicerie,
Sauce au beurre blanc,Sauce au beurre blanc,,-,Epicerie,
Sauce au chocolat,Sauce au chocolat,,-,Epicerie,
Sauce au curry,Sauce au curry,,-,Epicerie,
Sauce au fromage pour risotto ou pâtes,Sauce au fromage pour risotto ou pâtes,,-,Epicerie,
Sauce au poisson,Sauce au poisson,,-,Epicerie,
Sauce au poivre,Sauce au poivre,,-,Epicerie,
Sauce au poivre vert,Sauce au poivre vert,,-,Epicerie,
Sauce au roquefort,Sauce au roquefort,,-,Epicerie,
Sauce au vin rouge,Sauce au vin rouge,,-,Epicerie,
Sauce au yaourt,Sauce au yaourt,,-,Epicerie,
Sauce aux champignons,Sauce aux champignons,,-,Epicerie,
Sauce aux champignons et à la crème,Sauce aux champignons et à la crème,,-,Epicerie,
Sauce aux poivrons,Sauce aux poivrons,,-,Epicerie,
Sauce barbecue,Sauce barbecue,,-,Epicerie,
Sauce basquaise,Sauce basquaise,,-,Epicerie,
Sauce béarnaise,Sauce béarnaise,,-,Epicerie,
Sauce béchamel,Sauce béchamel,,-,Epicerie,
Sauce bolognaise,Sauce bolognaise,,-,Epicerie,
Sauce bourguignonne,Sauce bourguignonne,,-,Epicerie,
Sauce bulgare,Sauce bulgare,,-,Epicerie,
Sauce burger,Sauce burger,,-,Epicerie,
Sauce carbonara,Sauce carbonara,,-,Epicerie,
Sauce chasseur,Sauce chasseur,,-,Epicerie,
Sauce chili,Sauce chili,,-,Epicerie,
Sauce crudités,Sauce crudités,,-,Epicerie,
Sauce dessert fruits rouges,Sauce dessert,fruits rouges,-,Epicerie,
Sauce dessert chocolat,Sauce dessert,chocolat,-,Epicerie,
Sauce dessert caramel,Sauce dessert,caramel,-,Epicerie,
Sauce grand veneur,Sauce grand veneur,,-,Epicerie,
Sauce hollandaise,Sauce hollandaise,,-,Epicerie,
Sauce indienne type tikka masala,Sauce indienne,type tikka masala,-,Epicerie,
Sauce indienne type tandoori,Sauce indienne,type tandoori,-,Epicerie,
Sauce kebab,Sauce kebab,,-,Epicerie,
Sauce madère,Sauce madère,,-,Epicerie,
Sauce moutarde,Sauce moutarde,,-,Epicerie,
Sauce nuoc,Sauce nuoc,,-,Epicerie,
Sauce Nuoc Mâm,Sauce Nuoc Mâm,,-,Epicerie,
Sauce pesto,Sauce pesto,,-,Epicerie,
Sauce pesto rosso,Sauce pesto rosso,,-,Epicerie,
Sauce pizza,Sauce pizza,,-,Epicerie,
Sauce Pizza,Sauce Pizza,,-,Epicerie,
Sauce pour nems nuoc-mam dilué,Sauce pour nems,nuoc-mam dilué,-,Epicerie,
Sauce rouille,Sauce rouille,,-,Epicerie,
Sauce soja,Sauce soja,,-,Epicerie,
Sauce soja sucrée,Sauce soja,sucrée,-,Epicerie,
Sauce tartare,Sauce tartare,,-,Epicerie,
Sauce teriyaki,Sauce teriyaki,,-,Epicerie,
Sauce tomate au fromage,Sauce tomate,au fromage,-,Epicerie,
Sauce tomate aux champignons,Sauce tomate,aux champignons,-,Epicerie,
Sauce tomate provençale,Sauce tomate,provençale,-,Epicerie,
Sauce tomate aux oignons,Sauce tomate,aux oignons,-,Epicerie,
Sauce tomate aux olives,Sauce tomate,aux olives,-,Epicerie,
Sauce tomate aux petits légumes,Sauce tomate,aux petits légumes,-,Epicerie,
Sauce tomate,Sauce tomate,,-,Epicerie,
Sauce végétale type bolognaise,Sauce végétale type bolognaise,,-,Epicerie,
Sauce vinaigrette,Sauce vinaigrette,,-,Epicerie,
Saucisse de Morteau,Saucisse,de Morteau,-,Viandes_Poissons,
Saucisse de Montbéliard,Saucisse,de Montbéliard,-,Viandes_Poissons,
Saucisse,Saucisse,,-,Viandes_Poissons,
Saucisse de jambon,Saucisse,de jambon,-,Viandes_Poissons,
Saucisse de Francfort,Saucisse,de Francfort,-,Viandes_Poissons,
Saucisse cocktail,Saucisse,cocktail,-,Viandes_Poissons,
Saucisse de bière,Saucisse,de bière,-,Viandes_Poissons,
Saucisse de Toulouse,Saucisse,de Toulouse,-,Viandes_Poissons,
Saucisse aux lentilles,Saucisse,aux lentilles,-,Viandes_Poissons,
Saucisse de volaille,Saucisse,de volaille,-,Viandes_Poissons,
Saucisse à la pistache,Saucisse,à la pistache,-,Viandes_Poissons,
Saucisse de Strasbourg,Saucisse,de Strasbourg,-,Viandes_Poissons,
Saucisse brassé duroc de batallé confite,Saucisse,brassé duroc de batallé confite,-,Viandes_Poissons,
Saucisse de boeuf,Saucisse,de boeuf,-,Viandes_Poissons,
Saucisse fumée,Saucisse fumée,,-,Viandes_Poissons,
Saucisse sèche,Saucisse sèche,,-,Viandes_Poissons,
Saucisse végétale au blé,Saucisse végétale,au blé,-,Viandes_Poissons,
Saucisse végétale au seitan,Saucisse végétale,au seitan,-,Viandes_Poissons,
Saucisse végétale au tofu,Saucisse végétale,au tofu,-,Viandes_Poissons,
Saucisse viennoise,Saucisse viennoise,,-,Viandes_Poissons,
Saucisson,Saucisson,,-,Viandes_Poissons,
Saucisson brioché,Saucisson,brioché,-,Viandes_Poissons,
Saucisson d'âne,Saucisson,d'âne,-,Viandes_Poissons,
Saucisson de cheval type cervelas,Saucisson,de cheval type cervelas,-,Viandes_Poissons,
Saucisson lyonnais,Saucisson,lyonnais,-,Viandes_Poissons,
Saucisson de sanglier,Saucisson,de sanglier,-,Viandes_Poissons,
Saucisson à l'ail,Saucisson,à l'ail,-,Viandes_Poissons,
Saucisson à cuire,Saucisson,à cuire,-,Viandes_Poissons,
Saucisson sec au poivre,Saucisson sec,au poivre,-,Viandes_Poissons,
Saucisson sec,Saucisson sec,,-,Viandes_Poissons,
Saucisson sec aux noix,Saucisson sec,aux noix,-,Viandes_Poissons,
Saucisson sec aux noisettes,Saucisson sec,aux noisettes,-,Viandes_Poissons,
Saucisson sec pur porc qualité supérieure,Saucisson sec,pur porc qualité supérieure,-,Viandes_Poissons,
Saucisson sec pur porc,Saucisson sec,pur porc,-,Viandes_Poissons,
Sauge,Sauge,,-,Fruits_et_légumes,
Sauge séché,Sauge,séché,-,Fruits_et_légumes,
Saumon pavé,Saumon,pavé,-,Viandes_Poissons,
Saumon darne,Saumon,darne,-,Viandes_Poissons,
Saumon tartare,Saumon,tartare,-,Viandes_Poissons,
Saumon en cubes,Saumon,en cubes,-,Viandes_Poissons,
Saumon élevage,Saumon,élevage,-,Viandes_Poissons,
Saumon sauvage,Saumon,sauvage,-,Viandes_Poissons,
Saumon,Saumon,,-,Viandes_Poissons,
Saumon,Saumon,,-,Viandes_Poissons,
Saumon farci,Saumon farci,,-,Epicerie,
Saumon fumé,Saumon fumé,,-,Viandes_Poissons,
Saumonette,Saumonette,,-,Viandes_Poissons,
Saupe,Saupe,,-,Viandes_Poissons,
Sauté d'agneau au curry,Sauté d'agneau au curry,,-,Epicerie,
Scarole,Scarole,,-,Fruits_et_légumes,
Scarole,Scarole,,-,Fruits_et_légumes,
Scarole épluché,Scarole,épluché,-,Fruits_et_légumes,
Sébaste du nord (daurade),Sébaste du nord (daurade),,-,Viandes_Poissons,
Segment d'agrumes,Segment d'agrumes,,-,Fruits_et_légumes,
Segments oranges,Segments oranges,,-,Epicerie,
Seiche,Seiche,,-,Viandes_Poissons,
Seigle,Seigle,,-,Epicerie,
Seitan,Seitan,,-,Viandes_Poissons,
Seitan,Seitan,,-,Viandes_Poissons,
Sel au céleri,Sel,au céleri,-,Epicerie,
Sel blanc ignigène,Sel,blanc ignigène,-,Epicerie,
Sel blanc blanc iodé,Sel blanc,blanc iodé,-,Epicerie,
Sel blanc blanc iodé fluoré,Sel blanc,blanc iodé fluoré,-,Epicerie,
Sel blanc fin,Sel blanc fin,,-,Epicerie,
Sel blanc gros,Sel blanc gros,,-,Epicerie,
Sel marin gris,Sel marin gris,,-,Epicerie,
Selles-sur-Cher,Selles-sur-Cher,,-,BOF,
Semoule de riz,Semoule,de riz,-,Epicerie,
Semoule de blé dur,Semoule,de blé dur,-,Epicerie,
Semoule couscous moyen,Semoule,couscous moyen,-,Epicerie,
Semoule de blé fine,Semoule,de blé fine,-,Epicerie,
Semoule moyenne,Semoule,moyenne,-,Epicerie,
Semoule saveur vanille,Semoule,saveur vanille,-,Epicerie,
Semoule saveur vanille nappé caramel,Semoule,saveur vanille nappé caramel,-,Epicerie,
Semoule au lait,Semoule au lait,,-,BOF,
semoule de maïs,semoule de maïs,,-,Epicerie,
Sésame,Sésame,,-,Epicerie,
Sésame graine,Sésame,graine,-,Epicerie,
Sésame graine décortiquée,Sésame,graine décortiquée,-,Epicerie,
Sésame grillé graine décortiquée,Sésame,grillé graine décortiquée,-,Epicerie,
Sésame noir,Sésame,noir,-,Epicerie,
Sirop citron,Sirop,citron,-,Epicerie,
Sirop,Sirop,,-,Epicerie,
Sirop de cassis,Sirop,de cassis,-,Epicerie,
Sirop à la menthe,Sirop,à la menthe,-,Epicerie,
Sirop de lavande,Sirop,de lavande,-,Epicerie,
Sirop d'agave,Sirop,d'agave,-,Epicerie,
Sirop d'érable,Sirop,d'érable,-,Epicerie,
Sirop de menthe,Sirop,de menthe,-,Epicerie,
Sirop à diluer,Sirop à diluer,,-,Epicerie,
Smoothie,Smoothie,,-,Epicerie,
Snack pour enfants à base de fromage fondu et de gressins,Snack pour enfants à base de fromage fondu et de gressins,,-,BOF,
Soja graine entière,Soja,graine entière,-,Epicerie,
Sole,Sole,,-,Viandes_Poissons,
Sole frite,Sole,frite,-,Viandes_Poissons,
Sole langue,Sole,langue,-,Viandes_Poissons,
Sole tropicale,Sole,tropicale,-,Viandes_Poissons,
Son d'avoine,Son,d'avoine,-,Epicerie,
Son de maïs,Son,de maïs,-,Epicerie,
Son de riz,Son,de riz,-,Epicerie,
Son de blé,Son,de blé,-,Epicerie,
Sorbet citron givré,Sorbet,citron givré,-,Epicerie,
Sorbet bâtonnet,Sorbet,bâtonnet,-,Epicerie,
Sorbet cône,Sorbet,cône,-,Epicerie,
Sorbet,Sorbet,,-,Epicerie,
Sorbet cassis,Sorbet,cassis,-,Epicerie,
Sorbet framboise,Sorbet,framboise,-,Epicerie,
Sorbet myrtille,Sorbet,myrtille,-,Epicerie,
Sorbet citron,Sorbet,citron,-,Epicerie,
Sorbet mandarine,Sorbet,mandarine,-,Epicerie,
Sorgho,Sorgho,,-,Epicerie,
Soufflé au fromage,Soufflé au fromage,,-,Epicerie,
Soupe à la tomate,Soupe,à la tomate,-,Epicerie,
Soupe aux céréales et aux légumes,Soupe,aux céréales et aux légumes,-,Epicerie,
Soupe à la tomate et aux vermicelles,Soupe,à la tomate et aux vermicelles,-,Epicerie,
Soupe au cresson,Soupe,au cresson,-,Epicerie,
Soupe de poisson liquide,Soupe,de poisson liquide,-,Epicerie,
Soupe de poissons,Soupe,de poissons,-,Epicerie,
Soupe à l'oignon,Soupe,à l'oignon,-,Epicerie,
Soupe à la carotte,Soupe,à la carotte,-,Epicerie,
Soupe à la volaille et aux légumes,Soupe,à la volaille et aux légumes,-,Epicerie,
Soupe à la volaille et aux vermicelles,Soupe,à la volaille et aux vermicelles,-,Epicerie,
Soupe asiatique avec pâtes,Soupe,asiatique avec pâtes,-,Epicerie,
Soupe au pistou,Soupe,au pistou,-,Epicerie,
Soupe au potiron,Soupe,au potiron,-,Epicerie,
Soupe aux asperges,Soupe,aux asperges,-,Epicerie,
Soupe aux champignons,Soupe,aux champignons,-,Epicerie,
Soupe aux légumes avec fromage,Soupe,aux légumes avec fromage,-,Epicerie,
Soupe aux légumes variés,Soupe,aux légumes variés,-,Epicerie,
Soupe aux légumes verts,Soupe,aux légumes verts,-,Epicerie,
Soupe aux lentilles,Soupe,aux lentilles,-,Epicerie,
Soupe aux poireaux et pommes de terre,Soupe,aux poireaux et pommes de terre,-,Epicerie,
Soupe aux pois cassés,Soupe,aux pois cassés,-,Epicerie,
Soupe chorba frik à base de viande et de frik,Soupe,chorba frik à base de viande et de frik,-,Epicerie,
Soupe de crustacés,Soupe,de crustacés,-,Epicerie,
Soupe marocaine,Soupe,marocaine,-,Epicerie,
Soupe minestrone,Soupe,minestrone,-,Epicerie,
Soupe miso,Soupe,miso,-,Epicerie,
Soupe de homard,Soupe,de homard,-,Epicerie,
Soupe pour bébé légumes céréales et lait,Soupe pour bébé,légumes céréales et lait,-,Epicerie,
Soupe pour bébé légumes et pomme de terre,Soupe pour bébé,légumes et pomme de terre,-,Epicerie,
Spaghetti cannelloni,Spaghetti,cannelloni,-,Epicerie,
Spaghetti,Spaghetti,,-,Epicerie,
Speculoos haché,Speculoos,haché,-,Epicerie,
Spéculoos,Spéculoos,,-,Epicerie,
Spiruline (Spirulina sp.),Spiruline (Spirulina sp.),,-,Epicerie,
Sprat,Sprat,,-,Viandes_Poissons,
Ste-Maure bûche,Ste-Maure,bûche,-,BOF,
Steak de merlu,Steak de merlu,,-,Viandes_Poissons,
Steak de thon,Steak de thon,,-,Viandes_Poissons,
Steak de thon,Steak de thon,,-,Viandes_Poissons,
Steak haché boeuf 10% mg,Steak haché,boeuf 10% mg,-,Viandes_Poissons,
Steak haché boeuf 0% mg,Steak haché,boeuf 0% mg,-,Viandes_Poissons,
Steak haché boeuf 15% mg,Steak haché,boeuf 15% mg,-,Viandes_Poissons,
Steak haché boeuf 15% mg,Steak haché,boeuf 15% mg,-,Viandes_Poissons,
Steak haché boeuf 20% mg,Steak haché,boeuf 20% mg,-,Viandes_Poissons,
Steak haché boeuf 20% mg,Steak haché,boeuf 20% mg,-,Viandes_Poissons,
Steak haché boeuf 5% mg,Steak haché,boeuf 5% mg,-,Viandes_Poissons,
Steak haché boeuf 5% mg,Steak haché,boeuf 5% mg,-,Viandes_Poissons,
Steak haché veau 15% mg,Steak haché,veau 15% mg,-,Viandes_Poissons,
Steak haché veau 20% mg,Steak haché,veau 20% mg,-,Viandes_Poissons,
Substitut de repas hypocalorique crème dessert,Substitut de repas hypocalorique,crème dessert,-,Epicerie,
Substitut de repas hypocalorique poudre reconstituée avec lait écrémé,Substitut de repas hypocalorique,poudre reconstituée avec lait écrémé,-,Epicerie,
Substitut de repas hypocalorique poudre reconstituée avec lait écrémé type milk-shake,Substitut de repas hypocalorique,poudre reconstituée avec lait écrémé type milk-shake,-,Epicerie,
Substitut de repas hypocalorique,Substitut de repas hypocalorique,,-,Epicerie,
Sucre en poudre vanillé,Sucre,en poudre vanillé,-,Epicerie,
Sucre morceau,Sucre,morceau,-,Epicerie,
Sucre glace,Sucre,glace,-,Epicerie,
Sucre de canne,Sucre,de canne,-,Epicerie,
Sucre en poudre,Sucre,en poudre,-,Epicerie,
Sucre allégé à l'aspartame,Sucre,allégé à l'aspartame,-,Epicerie,
Sucre blanc,Sucre,blanc,-,Epicerie,
Sucre roux,Sucre,roux,-,Epicerie,
Sucre semoule,Sucre,semoule,-,Epicerie,
Sureau baie,Sureau,baie,-,Fruits_et_légumes,
Surimi,Surimi,,-,Viandes_Poissons,
Surimi fourré au fromage,Surimi,fourré au fromage,-,Viandes_Poissons,
Surimi miette,Surimi,miette,-,Viandes_Poissons,
Surimi,Surimi,,-,Viandes_Poissons,
Sushi aux produits de la mer,Sushi aux produits de la mer,,-,Epicerie,
Tabasco,Tabasco,,-,Epicerie,
Taboulé au poulet,Taboulé,au poulet,-,Epicerie,
Taboulé,Taboulé,,-,Epicerie,
Tacaud,Tacaud,,-,Viandes_Poissons,
Tagliatelle,Tagliatelle,,-,Epicerie,
Tahin,Tahin,,-,Epicerie,
Tajine de mouton,Tajine,de mouton,-,Epicerie,
Tajine de poulet,Tajine,de poulet,-,Epicerie,
Tamarin,Tamarin,,-,Fruits_et_légumes,
Tandoori,Tandoori,,-,Epicerie,
Tapenade,Tapenade,,-,Epicerie,
Tapioca,Tapioca,,-,Fruits_et_légumes,
Tarama,Tarama,,-,Viandes_Poissons,
Taro tubercule,Taro,tubercule,-,Fruits_et_légumes,
Tarte aux myrtilles,Tarte,aux myrtilles,-,Epicerie,
Tarte trois fromages,Tarte,trois fromages,-,Epicerie,
Tarte aux fraises,Tarte,aux fraises,-,Epicerie,
Tarte aux fraises,Tarte,aux fraises,-,Epicerie,
Tarte bourdaloue aux poires,Tarte,bourdaloue aux poires,-,Epicerie,
Tarte aux figues,Tarte,aux figues,-,Epicerie,
Tarte au citron meringuée,Tarte,au citron meringuée,-,Epicerie,
Tarte au fromage,Tarte,au fromage,-,Epicerie,
Tarte au chocolat,Tarte,au chocolat,-,Epicerie,
Tarte aux prunes,Tarte,aux prunes,-,Epicerie,
Tarte au citron,Tarte,au citron,-,Epicerie,
Tarte aux framboises,Tarte,aux framboises,-,Epicerie,
Tarte aux abricots,Tarte,aux abricots,-,Epicerie,
Tarte aux abricots,Tarte,aux abricots,-,Epicerie,
Tarte thon/tomate,Tarte,thon/tomate,-,Epicerie,
Tarte au saumon,Tarte,au saumon,-,Epicerie,
Tarte tomate chèvre basilic,Tarte,tomate chèvre basilic,-,Epicerie,
Tarte à l'oignon,Tarte,à l'oignon,-,Epicerie,
Tarte aux légumes,Tarte,aux légumes,-,Epicerie,
Tarte aux pommes,Tarte,aux pommes,-,Epicerie,
Tarte pomme/rhubarbe,Tarte,pomme/rhubarbe,-,Epicerie,
Tarte aux trois fromages bande,Tarte,aux trois fromages bande,-,Epicerie,
Tarte riesling,Tarte,riesling,-,Epicerie,
Tarte aux fruits,Tarte,aux fruits,-,Epicerie,
Tarte aux fruits et crème pâtissière,Tarte,aux fruits et crème pâtissière,-,Epicerie,
Tarte aux fruits rouges,Tarte,aux fruits rouges,-,Epicerie,
Tarte aux poires,Tarte,aux poires,-,Epicerie,
Tarte aux cerises,Tarte,aux cerises,-,Epicerie,
Tarte,Tarte,,-,Epicerie,
Tarte à la provençale,Tarte,à la provençale,-,Epicerie,
Tarte à la tomate,Tarte,à la tomate,-,Epicerie,
Tarte au maroilles,Tarte,au maroilles,-,Epicerie,
Tarte aux noix de saint-jacques,Tarte,aux noix de saint-jacques,-,Epicerie,
Tarte épinard chèvre,Tarte,épinard chèvre,-,Epicerie,
Tarte aux poireaux,Tarte,aux poireaux,-,Epicerie,
Tarte aux myrtilles aux poires,Tarte aux myrtilles,aux poires,-,Epicerie,
Tarte fond 28 cm,Tarte fond 28 cm,,-,Epicerie,
Tarte normande,Tarte normande,,-,Epicerie,
Tarte Tatin,Tarte Tatin,,-,Epicerie,
Tarte tropézienne,Tarte tropézienne,,-,Epicerie,
Tartelette salée,Tartelette,salée,-,Epicerie,
Tartelette sablée,Tartelette sablée,,-,Epicerie,
Tartiflette,Tartiflette,,-,Epicerie,
Tartine craquante extrudée et grillée fourrée au chocolat,Tartine craquante extrudée et grillée,fourrée au chocolat,-,Epicerie,
Tartine craquante extrudée et grillée fourrée aux fruits,Tartine craquante extrudée et grillée,fourrée aux fruits,-,Epicerie,
Tartine craquante extrudée et grillée,Tartine craquante extrudée et grillée,,-,Epicerie,
Tempeh,Tempeh,,-,Epicerie,
Terrine de poulet,Terrine,de poulet,-,Viandes_Poissons,
Terrine de lapin,Terrine,de lapin,-,Viandes_Poissons,
Terrine de canard,Terrine,de canard,-,Viandes_Poissons,
Terrine de saumon,Terrine,de saumon,-,Viandes_Poissons,
Terrine forestière,Terrine,forestière,-,Viandes_Poissons,
Terrine aux champignons forestier,Terrine,aux champignons forestier,-,Viandes_Poissons,
Terrine de campagne,Terrine,de campagne,-,Viandes_Poissons,
Terrine pistou,Terrine,pistou,-,Viandes_Poissons,
Terrine de poisson,Terrine,de poisson,-,Viandes_Poissons,
Terrine de fruits de mer,Terrine,de fruits de mer,-,Viandes_Poissons,
Terrine de poisson,Terrine,de poisson,-,Viandes_Poissons,
Terrine de sanglier,Terrine,de sanglier,-,Viandes_Poissons,
Terrine de chevreuil,Terrine,de chevreuil,-,Viandes_Poissons,
Terrine de légumes,Terrine de légumes,,-,Epicerie,
Tétragone cornue,Tétragone cornue,,-,Fruits_et_légumes,
Thé à la menthe,Thé,à la menthe,-,Epicerie,
Thé vert infusé,Thé,vert infusé,-,Epicerie,
Thé feuille,Thé,feuille,-,Epicerie,
Thé,Thé,,-,Epicerie,
Thé infusé,Thé,infusé,-,Epicerie,
Thé noir infusé,Thé,noir infusé,-,Epicerie,
Thé oolong infusé,Thé,oolong infusé,-,Epicerie,
Thon,Thon,,-,Viandes_Poissons,
Thon,Thon,,-,Viandes_Poissons,
Thon à la catalane,Thon,à la catalane,-,Viandes_Poissons,
Thon à l'huile de tournesol miettes,Thon à l'huile de tournesol,miettes,-,Viandes_Poissons,
Thon à l'huile de tournesol,Thon à l'huile de tournesol,,-,Viandes_Poissons,
Thon à la tomate miettes,Thon à la tomate,miettes,-,Viandes_Poissons,
Thon albacore ou thon jaune,Thon albacore ou thon jaune,,-,Viandes_Poissons,
Thon albacore ou thon jaune,Thon albacore ou thon jaune,,-,Viandes_Poissons,
Thon germon ou thon blanc à l'huile d'olive,Thon germon ou thon blanc,à l'huile d'olive,-,Viandes_Poissons,
Thon germon ou thon blanc,Thon germon ou thon blanc,,-,Viandes_Poissons,
Thon listao,Thon listao,,-,Viandes_Poissons,
Thon naturel,Thon naturel,,-,Viandes_Poissons,
Thon naturel poche,Thon naturel,poche,-,Viandes_Poissons,
Thon rouge,Thon rouge,,-,Viandes_Poissons,
Thym,Thym,,-,Fruits_et_légumes,
Thym séché,Thym,séché,-,Fruits_et_légumes,
Ti nain,Ti nain,,-,Fruits_et_légumes,
Tielle sétoise,Tielle sétoise,,-,Epicerie,
Tilapia,Tilapia,,-,Viandes_Poissons,
Tiramisu en bande,Tiramisu,en bande,-,BOF,
Tiramisu,Tiramisu,,-,BOF,
Tisane infusée non sucrée,Tisane infusée,non sucrée,-,Epicerie,
Toasts salés garnitures diverses,Toasts salés,garnitures diverses,-,Epicerie,
Tofu soyeux,Tofu,soyeux,-,Epicerie,
Tofu,Tofu,,-,Epicerie,
Tofu fumé,Tofu,fumé,-,Epicerie,
Tofu nature,Tofu,nature,-,Epicerie,
Tomate confite,Tomate,confite,-,Fruits_et_légumes,
Tomate à farcir,Tomate,à farcir,-,Fruits_et_légumes,
Tomate torino,Tomate,torino,-,Fruits_et_légumes,
Tomate allongée,Tomate,allongée,-,Fruits_et_légumes,
Tomate pulpe,Tomate,pulpe,-,Fruits_et_légumes,
Tomate locabelle,Tomate,locabelle,-,Fruits_et_légumes,
Tomate,Tomate,,-,Fruits_et_légumes,
Tomate,Tomate,,-,Fruits_et_légumes,
Tomate concentré,Tomate,concentré,-,Fruits_et_légumes,
Tomate double concentré,Tomate,double concentré,-,Fruits_et_légumes,
Tomate coeur de boeuf,Tomate,coeur de boeuf,-,Fruits_et_légumes,
Tomate en cubes,Tomate,en cubes,-,Fruits_et_légumes,
Tomate entière,Tomate,entière,-,Fruits_et_légumes,
Tomate séchée,Tomate,séchée,-,Fruits_et_légumes,
Tomate en poudre haute viscosité,Tomate,en poudre haute viscosité,-,Fruits_et_légumes,
Tomate à la provençale,Tomate à la provençale,,-,Epicerie,
Tomate cerise,Tomate cerise,,-,Fruits_et_légumes,
Tomate côtelée,Tomate côtelée,,-,Fruits_et_légumes,
Tomate farcie,Tomate farcie,,-,Epicerie,
Tomate grappe,Tomate grappe,,-,Fruits_et_légumes,
Tomate pelée concassée entière,Tomate pelée,concassée entière,-,Fruits_et_légumes,
Tomate pelée concassée,Tomate pelée,concassée,-,Fruits_et_légumes,
Tomate ronde,Tomate ronde,,-,Fruits_et_légumes,
Tomate verte,Tomate verte,,-,Fruits_et_légumes,
tome de montagne,tome de montagne,,-,BOF,
tome de vache,tome de vache,,-,BOF,
Tome des Bauges,Tome des Bauges,,-,BOF,
Tomme d'Estaing,Tomme,d'Estaing,-,BOF,
Tomme de brebis,Tomme,de brebis,-,BOF,
Tomme frâiche,Tomme,frâiche,-,BOF,
Tomme de savoie,Tomme,de savoie,-,BOF,
Tomme pyrénées,Tomme,pyrénées,-,BOF,
Tomme noire,Tomme,noire,-,BOF,
Tomme,Tomme,,-,BOF,
Tomme 10% mg,Tomme,10% mg,-,BOF,
Tomme blanche prédecoupé,Tomme,blanche prédecoupé,-,BOF,
Tomme grise,Tomme,grise,-,BOF,
Tomme blanche,Tomme,blanche,-,BOF,
Tonic,Tonic,,-,Epicerie,
Tonic sucré,Tonic,sucré,-,Epicerie,
Topinambour,Topinambour,,-,Fruits_et_légumes,
Torsade Fusilli,Torsade Fusilli,,-,Epicerie,
Torsades,Torsades,,-,Epicerie,
Tortilla espagnole,Tortilla,espagnole,-,BOF,
Tortilla à base de blé,Tortilla,à base de blé,-,BOF,
Tortilla à base de maïs,Tortilla,à base de maïs,-,BOF,
Tortillas chips,Tortillas,chips,-,Epicerie,
Tortis,Tortis,,-,Epicerie,
Totame pelée,Totame pelée,,-,Fruits_et_légumes,
Tournesol graine salé,Tournesol,graine salé,-,Epicerie,
Tournesol graine,Tournesol,graine,-,Epicerie,
Touron,Touron,,-,Epicerie,
Tourte au riesling,Tourte,au riesling,-,Epicerie,
Tourteau,Tourteau,,-,Viandes_Poissons,
Tranche napolitaine,Tranche napolitaine,,-,Epicerie,
Tripes à la provençale,Tripes,à la provençale,-,Epicerie,
Tripes de boeuf,Tripes,de boeuf,-,Epicerie,
Tripes à la mode de Caen,Tripes à la mode de Caen,,-,Epicerie,
Truite,Truite,,-,Viandes_Poissons,
Truite vidées et désarrêtées,Truite,vidées et désarrêtées,-,Viandes_Poissons,
Truite arc en ciel élevage,Truite arc en ciel,élevage,-,Viandes_Poissons,
Truite arc en ciel,Truite arc en ciel,,-,Viandes_Poissons,
Truite d'élevage,Truite d'élevage,,-,Viandes_Poissons,
Truite d'élevage fumée,Truite d'élevage,fumée,-,Viandes_Poissons,
Truite de mer,Truite de mer,,-,Viandes_Poissons,
Truite saumonée,Truite saumonée,,-,Viandes_Poissons,
Tuile aux amandes,Tuile,aux amandes,-,Epicerie,
Turbot sauvage,Turbot,sauvage,-,Viandes_Poissons,
Turbot,Turbot,,-,Viandes_Poissons,
Turbot d'élevage,Turbot,d'élevage,-,Viandes_Poissons,
Tzatziki à base de fromage frais,Tzatziki,à base de fromage frais,-,Epicerie,
Tzatziki à base de yaourt,Tzatziki,à base de yaourt,-,Epicerie,
Vacherin vanille-framboise,Vacherin,vanille-framboise,-,Epicerie,
Vacherin,Vacherin,,-,Epicerie,
Vacherin-Mont d'Or,Vacherin-Mont d'Or,,-,BOF,
Valençay,Valençay,,-,BOF,
Vanille gousse,Vanille,gousse,-,Epicerie,
Vanille extrait alcoolique,Vanille,extrait alcoolique,-,Epicerie,
Vanille extrait aqueux,Vanille,extrait aqueux,-,Epicerie,
Veau escalope,Veau,escalope,-,Viandes_Poissons,
Veau filet,Veau,filet,-,Viandes_Poissons,
Veau côte,Veau,côte,-,Viandes_Poissons,
Veau poitrine sauté,Veau,poitrine sauté,-,Viandes_Poissons,
Veau poitrine sauté farçie,Veau,poitrine sauté farçie,-,Viandes_Poissons,
Veau collier,Veau,collier,-,Viandes_Poissons,
Veau collier sauté,Veau,collier sauté,-,Viandes_Poissons,
Veau viande hachée,Veau,viande hachée,-,Viandes_Poissons,
Veau jarret,Veau,jarret,-,Viandes_Poissons,
Veau épaule,Veau,épaule,-,Viandes_Poissons,
Veau steak,Veau,steak,-,Viandes_Poissons,
Veau,Veau,,-,Viandes_Poissons,
Veau carré,Veau,carré,-,Viandes_Poissons,
Veau pied,Veau,pied,-,Viandes_Poissons,
Veau poitrine,Veau,poitrine,-,Viandes_Poissons,
Veau tête,Veau,tête,-,Viandes_Poissons,
Veau noix,Veau,noix,-,Viandes_Poissons,
Veau osso bucco,Veau osso bucco,,-,Epicerie,
Velouté de tomate,Velouté,de tomate,-,Epicerie,
Velouté de légumes,Velouté,de légumes,-,Epicerie,
Velouté aux asperges,Velouté,aux asperges,-,Epicerie,
Velouté de bolet,Velouté,de bolet,-,Epicerie,
Velouté poirreaux/pomme de terre,Velouté,poirreaux/pomme de terre,-,Epicerie,
Vermicelle de soja,Vermicelle,de soja,-,Epicerie,
Vermicelle de soja sèche,Vermicelle,de soja sèche,-,Epicerie,
Vermicelle de riz,Vermicelle,de riz,-,Epicerie,
Vermicelles multicolores,Vermicelles,multicolores,-,Epicerie,
Vermicelles,Vermicelles,,-,Epicerie,
Vermicelles 1/2 complète,Vermicelles,1/2 complète,-,Epicerie,
Verveine,Verveine,,-,Fruits_et_légumes,
Viande des Grisons,Viande des Grisons,,-,Viandes_Poissons,
Viande haché boeuf 10 %mg,Viande haché,boeuf 10 %mg,-,Viandes_Poissons,
Viande haché boeuf 15%mg,Viande haché,boeuf 15%mg,-,Viandes_Poissons,
Viande haché boeuf 10% mg,Viande haché,boeuf 10% mg,-,Viandes_Poissons,
Viande haché boeuf 5% mg,Viande haché,boeuf 5% mg,-,Viandes_Poissons,
Viande haché boeuf 15 % mg,Viande haché,boeuf 15 % mg,-,Viandes_Poissons,
Viande haché de porc,Viande haché,de porc,-,Viandes_Poissons,
Viande hachée végétarienne,Viande hachée végétarienne,,-,Viandes_Poissons,
Viennois café,Viennois,café,-,BOF,
Viennois au chocolat,Viennois,au chocolat,-,BOF,
Viennois caramel,Viennois,caramel,-,BOF,
Viennois vanille,Viennois,vanille,-,BOF,
Viennois de dinde,Viennois,de dinde,-,BOF,
Vin blanc mousseux,Vin blanc,mousseux,-,Epicerie,
Vin blanc,Vin blanc,,-,Epicerie,
Vin blanc cuisine liquide,Vin blanc,cuisine liquide,-,Epicerie,
Vin doux,Vin doux,,-,Epicerie,
Vin rosé,Vin rosé,,-,Epicerie,
Vin rouge,Vin rouge,,-,Epicerie,
Vin rouge cuisine,Vin rouge,cuisine,-,Epicerie,
Vinaigre de vin,Vinaigre,de vin,-,Epicerie,
Vinaigre de vin,Vinaigre,de vin,-,Epicerie,
Vinaigre balsamique,Vinaigre,balsamique,-,Epicerie,
Vinaigre de xeres,Vinaigre,de xeres,-,Epicerie,
Vinaigre de riz,Vinaigre,de riz,-,Epicerie,
Vinaigre de framboise,Vinaigre,de framboise,-,Epicerie,
Vinaigre de cidre,Vinaigre,de cidre,-,Epicerie,
Vinaigre,Vinaigre,,-,Epicerie,
Vinaigre d'alcool blanc 6°,Vinaigre,d'alcool blanc 6°,-,Epicerie,
Vivaneau,Vivaneau,,-,Viandes_Poissons,
Vodka,Vodka,,-,Epicerie,
Volaille émincé,Volaille,émincé,-,Viandes_Poissons,
Wakamé,Wakamé,,-,Epicerie,
Wakamé atlantique,Wakamé,atlantique,-,Epicerie,
Whisky,Whisky,,-,Epicerie,
Yakitori,Yakitori,,-,Epicerie,
Yaourt nature 1/2 écrémé,Yaourt,nature 1/2 écrémé,-,BOF,
Yaourt à la grecque aromatisé,Yaourt,à la grecque aromatisé,-,BOF,
Yaourt à la grecque au lait de brebis,Yaourt,à la grecque au lait de brebis,-,BOF,
Yaourt à la grecque sur lit de fruits,Yaourt,à la grecque sur lit de fruits,-,BOF,
Yaourt à la grecque,Yaourt,à la grecque,-,BOF,
Yaourt au lait de brebis,Yaourt,au lait de brebis,-,BOF,
Yaourt au lait de chèvre,Yaourt,au lait de chèvre,-,BOF,
Yaourt aux fruits demi-écrémé,Yaourt,aux fruits demi-écrémé,-,BOF,
Yaourt à l'abricot,Yaourt,à l'abricot,-,BOF,
Yaourt à la fraise,Yaourt,à la fraise,-,BOF,
Yaourt aux fruits rouges,Yaourt,aux fruits rouges,-,BOF,
Yaourt 1/2 écrémé,Yaourt,1/2 écrémé,-,BOF,
Yaourt bulgare,Yaourt,bulgare,-,BOF,
Yaourt nature sucré,Yaourt,nature sucré,-,BOF,
Yaourt à la noix de coco,Yaourt,à la noix de coco,-,BOF,
Yaourt nature,Yaourt,nature,-,BOF,
Yaourt au citron,Yaourt,au citron,-,BOF,
Yaourt nature lait entier,Yaourt,nature lait entier,-,BOF,
Yaourt,Yaourt,,-,BOF,
Yaourt à la vanille,Yaourt,à la vanille,-,BOF,
Yaourt à boire,Yaourt à boire,,-,BOF,
Zeste d'orange confit,Zeste d'orange confit,,-,Epicerie,
Raisin sec,Raisin sec,,-,Fruits_et_légumes,
Anis vert grains,Anis,vert grains,-,Epicerie,
Limoncello forte >8° alcool,Limoncello,forte >8° alcool,-,Epicerie,
Moelle en morceaux,Moelle,en morceaux,-,Viandes_Poissons,
Guignolet forte >8° alcool,Guignolet,forte >8° alcool,-,Epicerie,
Pepperoni tranche,Pepperoni,tranche,-,Viandes_Poissons,
Linguine de pâtes,Linguine,de pâtes,-,BOF,
Porcelet carré,Porcelet,carré,-,Viandes_Poissons,
Combawa,Combawa,,-,Fruits_et_légumes,
Trompettes de la mort séché,Trompettes de la mort,séché,-,Epicerie,
Trompettes de la mort,Trompettes de la mort,,-,Epicerie,
Galanga en poudre,Galanga,en poudre,-,Epicerie,
Mélange de la garrigue en poudre,Mélange de la garrigue,en poudre,-,Epicerie,
Note d'épices douces en poudre,Note d'épices douces,en poudre,-,Epicerie,
Épices thaï en poudre,Épices thaï,en poudre,-,Epicerie,
Épices tajine en poudre,Épices tajine,en poudre,-,Epicerie,
Edamame,Edamame,,-,Fruits_et_légumes,
Sot l'y laisse de volaille,Sot l'y laisse,de volaille,-,Viandes_Poissons,
Coquelet,Coquelet,,-,Viandes_Poissons,
Pavé aux herbes,Pavé,aux herbes,-,Viandes_Poissons,
Pavé aux poivres,Pavé,aux poivres,-,Viandes_Poissons,
Savaron,Savaron,,-,BOF,
Amaretto forte >8° alcool,Amaretto,forte >8° alcool,-,Epicerie,
Noilly Prat forte >8° alcool,Noilly Prat,forte >8° alcool,-,Epicerie,
Supions,Supions,,-,Viandes_Poissons,
Encre de seiche,Encre,de seiche,-,Viandes_Poissons,
Shiitake,Shiitake,,-,Fruits_et_légumes,
Shiitake sec,Shiitake,sec,-,Fruits_et_légumes,
Taleggio,Taleggio,,-,BOF,
Jarreton de porc,Jarreton,de porc,-,Viandes_Poissons,
Piment d'Espelette en poudre,Piment d'Espelette,en poudre,-,Epicerie,
Foin,Foin,,-,Epicerie,
Fondant blanc,Fondant,blanc,-,Epicerie,
Praliné,Praliné,,-,Epicerie,
Bisque de homard,Bisque,de homard,-,Viandes_Poissons,
Étrilles,Étrilles,,-,Viandes_Poissons,
Banyuls forte >8° alcool,Banyuls,forte >8° alcool,-,Epicerie,
Tablier de sapeur,Tablier de sapeur,,-,Viandes_Poissons,
Fond de charlotte,Fond,de charlotte,-,Epicerie,
Chou rave,Chou rave,,-,Fruits_et_légumes,
Jalapenos au vinaigre,Jalapenos,au vinaigre,-,Fruits_et_légumes,
Fritons de canard,Fritons,de canard,-,Viandes_Poissons,
Fritons de porc,Fritons,de porc,-,Viandes_Poissons,
Poudre à crème,Poudre à crème,,-,Viandes_Poissons,
Anchoïade,Anchoïade,,-,Viandes_Poissons,
Gouda au cumin,Gouda au cumin,,-,BOF,
Petit épeautre Épeautre,Petit épeautre,Épeautre,-,Epicerie,
Gomme Xanthane,Gomme Xanthane,,-,Epicerie,
Croustillant fromage au fromage,Croustillant fromage,au fromage,-,Epicerie,
Roux à l'huile,Roux,à l'huile,-,Epicerie,
Gomasio,Gomasio,,-,Epicerie,
Spaetzle,Spaetzle,,-,Epicerie,
Arrighi,Arrighi,,-,Epicerie,
Arcobaleno,Arcobaleno,,-,Epicerie,
Fettuccine,Fettuccine,,-,Epicerie,
Pappardelle,Pappardelle,,-,Epicerie,
Capellini,Capellini,,-,Epicerie,
Amorini,Amorini,,-,Epicerie,
Conchiglioni,Conchiglioni,,-,Epicerie,
Coriandoli,Coriandoli,,-,Epicerie,
Ditalini,Ditalini,,-,Epicerie,
Eliche,Eliche,,-,Epicerie,
Fidelini,Fidelini,,-,Epicerie,
Bergamote,Bergamote,,-,Fruits_et_légumes,
Burrata,Burrata,,-,BOF,
Huile de coco,Huile,de coco,-,Epicerie,